src	greedy	beam_1	beam_2	beam_3	beam_4	beam_5	entropy
Schläuten	Schläutens	Schläutens	Schläuten	Schläutensés	SchläutensS	SchläutensH	4.630410194396973
Hauft	Hauft	Hauft	Hauftes	Haufts	HauftesHauft	HauftesHauftes	3.621530532836914
Stinstion	Stinstion	Stinstion	Stinstions	Stinstiones	Stinstionen	ètinstion	3.5448708534240723
Anspeil	Anspeiles	Anspeiles	Anspeils	Anspeil	Anspeilos	AnspeilesA	4.408366680145264
Schlichker	Schlichkers	Schlichkers	Schlichker	Schlichkersos	SchlichkersBs	SchlichkersS	5.381722927093506
Strindungsgeifar	Strindungsgeifars	Strindungsgeifars	Strindungsgeifares	StrindungsgeifarsBes	Strindungsgeifärs	Strindungsgeifarsdes	7.4363579750061035
Hrichenstamm	Hrichenstammes	Hrichenstammes	Hrichenstamms	HrichenstammesJriches	Hrichenstammos	Hrichenstamm	6.2100138664245605
Gestriefen	Gestriefens	Gestriefens	Gestriefenes	GestriefensBes	Gestriefen	GestriefensHes	4.32380485534668
Blosem	Blosems	Blosems	Blosemes	BlosemsBs	Blosem	Blosmems	3.1219897270202637
Prodotanikition	Prodotanikition	Prodotanikition	Prodotanikitions	Prodotanikitionen	Pkrodotanikition	Prodotanikitionf	6.301731109619141
Puld	Puldes	Puldes	Puld	PuldesPuldes	Pulden	Pulds	2.9371140003204346
Elernasarant	Elernasaranten	Elernasaranten	Elernasarantes	Elernasarants	Elernasarantens	Elernasarant	6.189294815063477
Bluggelei	Bluggelei	Bluggelei	Bluggeleis	Bluggelexes	BluggeleiLs	Bluggeleif	3.4114906787872314
Hälkan	Hälkans	Hälkans	Hälkanes	HälkansBälkans	HälkansHälkans	Hälkan	3.2063097953796387
Spromatormer	Spromatormers	Spromatormers	Spromatormer	SpromatormersBs	Spromatormerns	SpromatormerNs	5.813952445983887
Arkonersinger	Arkonersingers	Arkonersingers	ArkonersingersBrs	Arkonersinger	Arkonersingersos	Arkonersingersdes	6.32267427444458
Kreitenkander	Kreitenkanders	Kreitenkanders	Kreitenkander	KreitenkandersBrs	KreitenkandersLs	KreitenkandersD	6.382258415222168
Särnerien	Särneriens	Särneriens	Särnerienes	Särnerien	Särnerienten	Särnerienqä	4.733356475830078
Eckbnurd	Eckbnurdes	Eckbnurdes	Eckbnurds	Eckbnurd	Eckbnurden	EckbnurdesQnurdes	4.590579032897949
Puchereit	Puchereit	Puchereit	Puchereiten	Puchereits	Puchereitf	PuEuereit	3.7760560512542725
Mormwürmen	Mormwürmens	Mormwürmens	MormwürmensHormes	Mormwürmen	Mormwürmensés	MormwürmensZs	5.3463969230651855
Serkinne	Serkinne	Serkinne	Serkinnen	Serkàinne	Serkinnße	Serkinnes	3.7019846439361572
Kralbaten	Kralbatens	Kralbatens	Kralbaten	Kralbatenes	Kralbattens	Kralbatrens	4.4621052742004395
Mosse	Mosse	Mosse	Mossen	Mosses	Mossed	MosseÄ	3.0603277683258057
Akertre	Akertre	Akertre	Akertren	Akertres	AkertreP	Äkertre	3.20986270904541
Kopfturm	Kopfturmes	Kopfturmes	Kopfturms	KopfturmesQturmes	Kopfturm	Kopfturmen	4.451578140258789
Geworg	Geworges	Geworges	Geworgs	Geworgesés	Geworgen	Gewörges	3.6833322048187256
Körmer	Körmers	Körmers	KörmersWörmes	KörmersBörmes	Körmer	Körmersörs	3.4309616088867188
Bemeise	Bemeise	Bemeise	Bemeisen	Bemeises	Bemeisten	Bemeisee	3.3032760620117188
Ertid	Ertids	Ertids	Ertides	Ertidses	Ertidus	Ertdids	2.6926472187042236
Abkrasser	Abkrassers	Abkrassers	Abkrasser	AbkrassersQ	AbkrassersH	Abkrassersè	4.323418140411377
Hortelständlicht	Hortelständlicht	Hortelständlicht	Hortelständlichtes	Hortelständlichts	Hortelständlichten	Hortelständlicktes	6.437169551849365
Pinorit	Pinorits	Pinorits	Pinoriten	Pinorites	Pinoritsés	Pinoritus	3.8882036209106445
Hinserin	Hinserin	Hinserin	Hinserinnen	Hinserins	HIinserin	HTinserin	3.379521608352661
Humaltations	Humaltations	Humaltations	Humaltationses	Humaltationsses	Humaltationsten	Humaltationstes	5.223911285400391
Beinen	Beinens	Beinens	BeinensBes	BeinensHes	Beinensés	Beinens.s	3.3283021450042725
Partropfe	Partropfe	Partropfe	Partropfen	Partropfes	PartropfRe	PartropfLe	3.982452392578125
Spichtel	Spichtels	Spichtels	Spichtel	Spichteln	Spichteles	Spichtells	4.057078838348389
Ardere	Ardere	Ardere	Arderen	Arderes	Arderee	Ardereu	3.3543214797973633
Apfermacker	Apfermackers	Apfermackers	Apfermacker	ApfermackersZs	Apfermackersos	ApfermackersQpfers	5.527897834777832
Einfeumer	Einfeumers	Einfeumers	Einfeumer	Einfeumern	Einfeumeres	EinfeumersBi	4.44271993637085
Schwärfar	Schwärfares	Schwärfares	Schwärfars	Schwärfar	SchwärfarXes	Schwärfaren	5.559233665466309
Brechtspert	Brechtspertes	Brechtspertes	Brechtsperts	BrechtspertesBres	Brechtspert	BrechtspertesHres	5.887718200683594
Blassesten	Blassestens	Blassestens	BlassestensBlastens	Blassesten	Blassestenes	BlassestensBlastes	5.1328630447387695
Absprach	Abspraches	Abspraches	Absprachs	Absprachen	Absprach	AbsprachesLs	4.739587783813477
Moschel	Moschel	Moschel	Moschels	Moscheln	Moscheles	Moschelfes	3.3793914318084717
Balttahe	Balttahe	Balttahe	Balttahen	Balttahes	BalttahRe	Balttahxe	3.7787771224975586
Alkos	Alkos	Alkos	Alkosses	Alkoses	Alkostes	AlkosKes	3.621276617050171
Klagsenmentasphotion	Klagsenmentasphotion	Klagsenmentasphotion	Klagsenmentasphotions	KlagsenmentaspAhotion	Klagsenmentasphotionf	Klagsenwentasphotion	8.575847625732422
Schlauf	Schlaufes	Schlaufes	Schlaufs	SchlaufesS	SchlaufesH	SchlaufesÖ	3.847991943359375
Mändbeirt	Mändbeirts	Mändbeirts	Mändbeirt	Mändbeirtes	Mändbeirten	Mändbeirtän	5.850478649139404
Schwirzkall	Schwirzkalles	Schwirzkalles	Schwirzkalls	Schwirzkall	Schwirzkalltes	SchwirzkallSes	6.185207843780518
Prom	Promes	Promes	Proms	PromesÜProms	Promen	PromesProms	3.5704948902130127
Blügen	Blügens	Blügens	BlügensBlüges	BlügensHlüges	Blügensés	BlügensBlügens	3.1604535579681396
Hirtungskortionsten	Hirtungskortionstens	Hirtungskortionstens	Hirtungskortionsten	HirtungskortionstensHions	Hirtungskortionstenes	HirtungskortionstensSions	8.317290306091309
Mallissen	Mallissens	Mallissens	Mallissenes	Mallissen	Mallissensés	Mallissens.s	4.757818222045898
Matztersint	Matztersinten	Matztersinten	Matztersintes	Matztersints	Matztersintens	MatztersintenLatzt	6.0256757736206055
Frutt	Fruttes	Fruttes	Frutts	Frutt	Frutten	FruttesQrutes	3.487649917602539
Keltikoffin	Keltikoffin	Keltikoffin	Keltikoffins	Keltikoffinnen	Keltikofffin	Keltikoffinfs	4.582254886627197
Kingschittiut	Kingschittiutes	Kingschittiutes	Kingschittiuts	Kingschittiut	Kingschittiuten	KingschittiutesÜ	6.292014122009277
Spoststrot	Spoststrotes	Spoststrotes	Spoststrots	Spoststrot	Spoststroten	Spoststrotesés	4.918863296508789
Merschlitt	Merschlittes	Merschlittes	Merschlitts	Merschlitten	Merschlitt	MerscMhlittes	5.3745551109313965
Hongestrappe	Hongestrappe	Hongestrappe	Hongestrappen	Hongestrappens	Hongestrappes	Hongestrappeos	5.374639987945557
Hauf	Haufes	Haufes	HaufesHaufes	Haufesöfes	Haufeséfes	Hauf	2.7697715759277344
Abschleine	Abschleine	Abschleine	Abschleinen	Abschleines	AbschleineA	AbschleineO	4.413497447967529
Mormullent	Mormullenten	Mormullenten	Mormullentes	MormullentenLormuls	MormullentenLormul	Mormullents	5.464911460876465
Atoberentrosk	Atoberentroskes	Atoberentroskes	Atoberentrosks	Atoberentrosk	Atoberentrosken	Atoberentroskos	7.031283855438232
Silben	Silbens	Silbens	SilbensSilbes	SilbensBilbes	SilbensHilbes	Silbensés	3.3341612815856934
Sompfe	Sompfe	Sompfe	Sompfen	Sompfes	SompfLe	SompfeÄ	2.739515542984009
Mach	Maches	Maches	Machs	MachesLaches	Mach	Machen	3.460825204849243
Angätzen	Angätzens	Angätzens	AngätzensQngätes	AngätzensQngäts	Angätzensäs	AngätzensUs	4.4708685874938965
Sarginiungsmeiten	Sarginiungsmeitens	Sarginiungsmeitens	Sarginiungsmeiten	Sarginiungsmeitenes	SarginiungsmeitensQmes	SarginiungsmeitensHas	7.44005823135376
Einführer	Einführers	Einführers	Einführerses	Einführer	EEinführers	EinführersH	4.304445266723633
Baster	Basters	Basters	Baster	BastersBas	BastersPas	Bastern	3.3990588188171387
Staufang	Staufanges	Staufanges	Staufangs	Staufang	StaufangesLs	StaufangesH	4.500345706939697
Grand	Grandes	Grandes	Grand	Grands	Granden	Grandesés	3.383096694946289
Heien	Heiens	Heiens	Heienes	Heien	HeiensHes	HeienFes	3.2961325645446777
Elz	Elzes	Elzes	ElzesEs	ElzesFes	ELlzes	Elzens	2.3850133419036865
Gelet	Geletes	Geletes	Gelets	Gelet	Geleten	Gelettes	3.7357959747314453
Absterz	Absterzes	Absterzes	Absterzs	AbsterzesH	AbsterzesQ	Absterzesè	4.114622116088867
Gahllug	Gahlluges	Gahlluges	Gahllugs	Gahllugesés	Gahllug	GahllugesH	3.9983136653900146
Spong	Sponges	Sponges	Spongs	Spong	SpongesLs	Spongesés	2.7995083332061768
Mahlen	Mahlens	Mahlens	MahlensMahes	Mahlensés	Mahlens.s	Mahlenes	3.26554799079895
Freiste	Freiste	Freiste	Freisten	Freistes	Fkreiste	Föreiste	3.1573712825775146
Sittrose	Sittrose	Sittrose	Sittrosen	Sittroses	Sittrosten	SittroseP	3.7794792652130127
Bendroder	Bendroders	Bendroders	Bendroder	BendrodersBes	Bendrodersos	BendrodersH	4.366353511810303
Assenker	Assenkers	Assenkers	AssenkersQes	AssenkersBAs	Assenker	AssenkersZ	3.8642985820770264
Spliedigung	Spliedigung	Spliedigung	Spliedigungs	SpliedigungR	SpliedigungOs	Splierigung	4.899453163146973
Bruchschlister	Bruchschlisters	Bruchschlisters	Bruchschlister	Bruchschlistern	Bruchschlistersdes	BruchschlisterBs	6.694511890411377
Heusten	Heustens	Heustens	Heusten	Heustensés	Heustenes	HeustensH	3.663985013961792
Benerser	Benersers	Benersers	Benerser	BenersersBes	BenersersQes	Bennersers	4.135387420654297
Erzost	Erzostes	Erzostes	Erzost	Erzosten	Erzosts	ELrzostes	3.6491971015930176
Hattspreche	Hattspreche	Hattspreche	Hattsprechen	Hattspreches	Hattsprechte	Hättspreche	4.652297019958496
Beitreg	Beitreges	Beitreges	Beitregs	Beitregesés	BeitregesH	Beitregeso	4.541426658630371
Gehründe	Gehründes	Gehründes	Gehründe	Gehründen	Gehründesè	GehründesG	4.7838873863220215
Froskelekiker	Froskelekikers	Froskelekikers	Froskelekiker	FroskelekikersBrs	FroskelekikersUs	Fkroskelekikers	6.1181769371032715
Sprürze	Sprürze	Sprürze	Sprürzen	Sprürzte	Sprürzeu	SprürzeP	2.853062152862549
Gebrühe	Gebrühes	Gebrühes	Gebrühe	Gebrühees	Gebrühen	GebrühesT	3.9649503231048584
Abschwieg	Abschwieges	Abschwieges	Abschwiegs	AbschwiegesH	Abschwiegesè	AbschwiegesT	4.942685604095459
Schurkel	Schurkels	Schurkels	Schurkel	Schurkeln	Schurkelkes	Schurkelses	4.424057960510254
Mermalt	Mermaltes	Mermaltes	Mermalts	Mermalt	Mermalten	MermaltMes	4.286599636077881
Gestett	Gestettes	Gestettes	Gestetts	GestettesH	GestettesQ	Gestettesè	3.7645416259765625
Kanat	Kanates	Kanates	Kanats	Kanat	Kanaten	KanatesHan	3.6974844932556152
Hellfalgstrode	Hellfalgstrode	Hellfalgstrode	Hellfalgstroden	Hellfalgstrodes	HellfalgstrodeLs	Hellfalgstrodefs	5.7197394371032715
Aline	Aline	Aline	Alinen	Alines	Alinte	AlineÄ	2.299546003341675
Bildienbräuf	Bildienbräufes	Bildienbräufes	Bildienbräufs	Bildienbräufesqus	Bildienbräuftes	Bildienbräuffes	6.483010292053223
Bericht	Berichtes	Berichtes	Bericht	Berichts	Berichten	BerichtesB	4.266511917114258
Krabsetat	Krabsetates	Krabsetates	Krabsetats	Krabsetaten	Krabsetat	Krabsetattes	5.577450275421143
Kärel	Kärels	Kärels	Kärel	Käreles	KärelsIäres	KärelKärs	2.8788416385650635
Hambrage	Hambrage	Hambrage	Hambragen	Hambrages	Hambragee	HambrageH	3.469119071960449
Harton	Hartons	Hartons	Hartones	Harton	Hartonen	HartonsHa	3.567943572998047
Schließpallenten	Schließpallentens	Schließpallentens	Schließpallenten	Schließpallentens.s	Schließpallentenes	SchließpallentensFs	7.421676158905029
Ampesste	Ampesste	Ampesste	Ampessten	Ampesstes	AmpessteÄ	AmpessteP	3.456638813018799
Anzuron	Anzurons	Anzurons	Anzurones	Anzuron	Anzuronen	Anzuronsés	4.13435697555542
Prähit	Prähits	Prähits	Prähiten	Prähites	Prähitts	PrähitsÖ	3.8819093704223633
Stretation	Stretation	Stretation	Stretations	tretatation	Stretationen	ktretation	4.0117597579956055
Erstoff	Erstoffes	Erstoffes	Erstoffs	Erstofffes	ELrstoffes	Erstofftes	4.173741817474365
Phiplstänkt	Phiplstänktes	Phiplstänktes	Phiplstänkts	Phiplstänkten	Phiplstänktesqän	Phiplstänktest	5.738369464874268
Emermesschen	Emermesschens	Emermesschens	Emermesschensés	EmermesschensÄs	Emermesschen	EmermesschensBs	6.233322620391846
Kemtatte	Kemtatte	Kemtatte	Kemtatten	Kemtattes	KemtatteP	KKemtatte	3.4655463695526123
Hortraule	Hortraule	Hortraule	Hortraulen	Hortraules	HortrauleP	Hortraulef	3.669182300567627
Bemmische	Bemmische	Bemmische	Bemmischen	Bemmisches	Bemmischés	Bemmischeè	3.8407185077667236
Gilger	Gilgers	Gilgers	GilgersGilges	GilgersBilges	GilgersHilges	Gilger	3.1614952087402344
Schläger	Schlägers	Schlägers	Schläger	SchlägersW	SchlägersH	Schlägerso	4.145227909088135
Absacht	Absacht	Absacht	Absachtes	Absachts	Absachten	Absächtes	3.1940338611602783
Ferchner	Ferchners	Ferchners	Ferchner	FerchnersBes	Fercàhners	FerchnersH	4.204169273376465
Ellelekat	Ellelekates	Ellelekates	Ellelekats	Ellelekaten	Ellelekat	Ellelekatten	5.510451793670654
Setariumien	Setariumiens	Setariumiens	Setariumienes	Setariumien	SetariumiensSes	SetariumienHs	5.754997253417969
Merblackslicht	Merblackslichtes	Merblackslichtes	Merblackslichts	Merblackslicht	Merblackslichter	Merblackslichten	7.135499477386475
Kaulersähren	Kaulersährens	Kaulersährens	KaulersährensFaulens	KaulersährensYaules	KaulersährensUs	KaulersährensFaules	5.529476642608643
Aschantie	Aschantie	Aschantie	Aschantießes	Aschantieges	Aschantien	Aschanties	4.166691780090332
Spläuler	Spläulers	Spläulers	Spläuler	SpläulersW	SpläulersS	Spläulersè	3.953500509262085
Bortone	Bortone	Bortone	Bortonen	Bortones	BortoneÄ	BortoneÜ	3.4960310459136963
Fropfen	Fropfens	Fropfens	Fropfensés	Fropfenes	Fkropfens	Fropfen	3.382044553756714
Korkliefe	Korkliefe	Korkliefe	Korkliefen	Korkliefes	KorkliefeP	KorkliefeN	4.0168914794921875
Schlägerschwanze	Schlägerschwanze	Schlägerschwanze	Schlägerschwanzen	SchlägerscThwanze	ScSlägerschwanze	SchlägerscEwanze	6.558904647827148
Hurbikel	Hurbikels	Hurbikels	Hurbikel	Hurbikeles	Hurbikelskes	Hurbikelkes	4.505220413208008
Bitretisinat	Bitretisinats	Bitretisinats	Bitretisinates	BitretisinatsBits	Bitretisinatts	Bitretisinatus	5.8162922859191895
Meldkuckenheinen	Meldkuckenheinens	Meldkuckenheinens	Meldkuckenheinenes	Meldkuckenheinens.s	Meldkuc-kenheinens	Meldkuckenheinen	7.414601802825928
Sabbrangung	Sabbrangung	Sabbrangung	Sabbrangungs	SabbrangungR	Sabbrangunges	SabbrangungOs	4.609415054321289
Hanoglart	Hanoglartes	Hanoglartes	Hanoglarts	Hanoglarten	Hanoglart	HanoglarteLs	5.590986728668213
Flichtgonfrorachten	Flichtgonfrorachtens	Flichtgonfrorachtens	Flichtgonfrorachten	FlichtgonfrorachtensSlichtes	Flichtgonfrorachtensps	Flichtgonfrorachtensqlichtes	8.596086502075195
Harn	Harnes	Harnes	Harns	HarnesHarn	HarnesHarnes	HarnesHarns	3.1949539184570312
Aufschecke	Aufschecke	Aufschecke	Aufschecken	Aufscheckes	Aufscheckte	AufscheckeA	4.730621337890625
Merzsteinsänkt	Merzsteinsänktes	Merzsteinsänktes	Merzsteinsänkts	Merzsteinsänkttes	Merzsteinsänkten	MerzsteinsänktesW	6.6488871574401855
Holkentung	Holkentung	Holkentung	Holkentunkes	Holkentungen	Holkentungs	HolkentungR	4.318025588989258
Stolzetzer	Stolzetzers	Stolzetzers	Stolzetzer	Stolzetzersos	StolzetzerXs	StolzetzersS	4.529268741607666
Spickeratsmärber	Spickeratsmärbers	Spickeratsmärbers	Spickeratsmärber	SpickeratsmärbersBäs	SpickeratsmärbersQ	Spickeratsmärbersp	7.520766735076904
Ator	Ators	Ators	Atores	Ator	AtorsYtors	Atoren	2.478006601333618
Exoppole	Exoppole	Exoppole	Exoppolen	Exoppoles	Exoppoleden	Exoppolex	3.830860137939453
Feuter	Feuters	Feuters	Feuter	FeutersBes	FeutersPes	Feutern	3.482752561569214
Schundelleichung	Schundelleichung	Schundelleichung	Schundelleichunges	SchundelleichungR	ScSundelleichung	Scqundelleichung	7.383404731750488
Eiger	Eigers	Eigers	EigersBiges	EigersLiges	Eiger	Eigersés	2.823610544204712
Klannener	Klanneners	Klanneners	Klannener	KlannenersH	KlannenersW	KlannenersZ	4.1890387535095215
Krumpleite	Krumpleite	Krumpleite	Krumpleiten	Krumpleites	Kkrumpleite	KKrumpleite	4.321806907653809
Musse	Musse	Musse	Mussen	Musses	Mussens	Mussenés	2.5689332485198975
Proside	Proside	Proside	Prosiden	Prosides	Pkroside	Prosidte	3.5060324668884277
Fäuf	Fäufes	Fäufes	Fäufesqäufes	FäufesFäufes	Fäufs	Fäufesqäufesqäufes	2.6482133865356445
Moller	Mollers	Mollers	MollersMoles	Moller	Mollersés	MollersMolen	3.2181222438812256
Stelz	Stelzes	Stelzes	Stelztes	StelzesS	StelzesQ	Stelzesn	3.2430613040924072
Schlacktlicke	Schlacktlicke	Schlacktlicke	Schlacktlicken	Schlacktlickte	SchlacktlickeS	Schlacktlickeß	5.782752513885498
Einfuhrichkrätze	Einfuhrichkrätze	Einfuhrichkrätze	Einfuhrichkrätzen	Einfuhkrichkrätze	Einfuhrichkrätzte	Einfuhrimhkrätze	6.605257987976074
Fetzung	Fetzung	Fetzung	Fetzunges	Fetzungen	Fetzungfes	FetzunMes	3.265566110610962
Pito	Pitos	Pitos	Pitosés	Pito	Pfitos	PPitos	2.324188470840454
Kämmer	Kämmers	Kämmers	KämmersBämes	Kämmer	KämmersIämes	Kämmersmes	3.510932445526123
Schlagtion	Schlagtion	Schlagtion	Schlagtions	Schlagtiones	Schlagtioén	Schlagtiocs	4.498429775238037
Kalikel	Kalikels	Kalikels	Kalikel	Kalikelxes	Kalikelsés	Kalikeles	3.788431406021118
Beronte	Beronte	Beronte	Beronten	Berontes	BerontÄe	Berontey	3.3735785484313965
Salger	Salgers	Salgers	SalgersBalges	SalgersHalges	Salger	Salgersés	3.405989170074463
Splisken	Spliskens	Spliskens	Spliskensés	Splisken	SpliskFens	Splisktens	4.516855716705322
Stoffbatste	Stoffbatste	Stoffbatste	Stoffbatsten	Stoffbatstes	Stoffbatstte	Stoffbatstde	4.99941349029541
Scheitter	Scheitters	Scheitters	Scheitter	Scheittern	Scheitteres	ScheittersS	4.606578350067139
Farg	Farges	Farges	Farg	Fargen	Fargs	FargesLarges	2.8794689178466797
Kölnespreck	Kölnespreckes	Kölnespreckes	Kölnesprecks	KölnespreckesHöles	Kölnespreckesès	Kölnesprecktes	5.47161865234375
Farnkoffen	Farnkoffens	Farnkoffens	FarnkoffensBarns	FarnkoffensFarnes	FarnkoffensFarns	Farnkoffen	4.518918514251709
Kundregiel	Kundregieles	Kundregieles	Kundregiels	Kundregiel	KundregielesZun	KundregielesHun	6.009634494781494
Bulgeger	Bulgegers	Bulgegers	BulgegersBu	Bulgeger	BulgegersH	BulgegersW	3.7986974716186523
Sitophination	Sitophination	Sitophination	Sitophinations	Sitophinatidon	Sitophinationf	SitophinationL	5.5095696449279785
Känderbohfern	Känderbohferns	Känderbohferns	Känderbohfernes	Känderbohfern	KänderbohfernLäs	Känderbohfernen	7.318158149719238
Heldistiker	Heldistikers	Heldistikers	HeldistikersHes	HeldistikersZes	Heldistiker	Heldistikekers	5.683145999908447
Kabelbrister	Kabelbristers	Kabelbristers	Kabelbrister	KabelbristersBabels	Kabelbristerus	KabelbristerXs	6.080987453460693
Angesten	Angestens	Angestens	AngestensQes	Angesten	Angestenes	AngestensH	4.065942287445068
Starmonschode	Starmonschode	Starmonschode	Starmonschoden	Starmonschodes	Starmonschöde	Starmonscvhode	5.4742751121521
Beskuss	Beskusses	Beskusses	Beskuss	Beskussses	BeskussesB	BeskussesQ	3.938201904296875
Mustel	Mustel	Mustel	Mustels	Musteln	Mustelus	MustelMs	3.3982462882995605
Schlausenstimm	Schlausenstimmes	Schlausenstimmes	Schlausenstimms	Schlausenstimmtes	Schlausenstimmßes	SchlausenstimmesLa	7.243483066558838
Schmonschlührstön	Schmonschlührstönes	Schmonschlührstönes	Schmonschlührstöns	Schmonschlührstön	SchmonschlührstönesÖrs	Schmonschlührstönesqus	9.097771644592285
Mänderschäff	Mänderschäffes	Mänderschäffes	Mänderschäffs	Mänderschäffesqän	Mänderschäfftes	MänderschäffesUs	6.835047245025635
Follit	Follits	Follits	Folliten	Follites	FollitsYols	Follitsés	3.135935068130493
Salgestrafsten	Salgestrafstens	Salgestrafstens	Salgestrafsten	SalgestrafstensBafstrafes	SalgestrafstensBafes	Salgestrafstenes	5.815272808074951
Pekleise	Pekleise	Pekleise	Pekleisen	Pekleisten	Pekleises	PekleiseP	3.453252077102661
Schmiegneis	Schmiegneises	Schmiegneises	Schmiegneisses	Schmiegneis	SchmiegneisesS	SchmiegneisesF	5.570303440093994
Amter	Amters	Amters	Amter	Amtern	Amteres	Amtersdes	3.006568193435669
Sprung	Sprung	Sprung	Sprunges	Sprungen	SprungFes	Sprungs	3.504509449005127
Gänkung	Gänkung	Gänkung	Gänkungen	GänkungR	GänkungI	GänkungCs	3.2977135181427
Klohl	Klohles	Klohles	Klohls	Klohl	Klohlfes	Klohltes	3.0769941806793213
Autemium	Autemiums	Autemiums	Autemiumes	Autemiumsés	Autemium	Autemiumsè	3.704777479171753
Hahlung	Hahlung	Hahlung	Hahlunges	Hahlungfes	Hahlungen	HahlungO	3.1660683155059814
Beratschung	Beratschung	Beratschung	Beratschungfes	Beratschunges	Beratschungen	BeratschungR	4.81505012512207
Mischkein	Mischkeines	Mischkeines	Mischkeins	Mischkein	MMischkeines	MischkeinesT	5.2178497314453125
Aumwührungsker	Aumwührungskers	Aumwührungskers	Aumwührungsker	Aumwührungskersdes	AumwührungskersBus	AumwührungskersLs	6.4691386222839355
Menzerbutz	Menzerbutzes	Menzerbutzes	Menzerbutzesqutzes	Menzerbutz	Menzerbutztes	MenzerbutzesQ	5.434933185577393
Eidstellit	Eidstellits	Eidstellits	Eidstellites	Eidstelliten	Eidstellitus	EidstellitsH	5.608997344970703
Mestom	Mestoms	Mestoms	Mestomes	Mestomsés	MestomMs	Mestom	3.257986545562744
Gestandsatikit	Gestandsatikits	Gestandsatikits	Gestandsatikites	Gestandsatikiten	GestandsatikitsÜ	GestandsatikitsY	7.179218769073486
Spirmer	Spirmers	Spirmers	Spirmer	Spirmersè	Spirmerso	SpirmersW	3.570190668106079
Frucke	Frucke	Frucke	Frucken	Fruckes	Fruckte	FruckeÄ	3.540161371231079
Klahnfeichschung	Klahnfeichschung	Klahnfeichschung	Klahnfeichschunges	Klahnfeichschungfes	Klahnfeichschungkes	KlahnfeichschungR	7.137552261352539
Alisid	Alisids	Alisids	Alisides	Alisidsxes	Alisidsés	Alisiden	3.699814558029175
Krisitin	Krisitin	Krisitin	Krisitins	Krisitinnen	Krisitinfes	Krisitings	3.7855920791625977
Erführe	Erführe	Erführe	Erführen	Erführes	ELrführe	ErführeE	3.021630048751831
Suhrung	Suhrung	Suhrung	Suhrunges	Suhrungen	Suhrungs	SuhrungC	3.761897563934326
Messe	Messe	Messe	Messen	Messes	Messens	MesseÄ	2.9813125133514404
Armensperten	Armenspertens	Armenspertens	Armensperten	Armenspertens.s	Armenspertensés	ArmenspertensÄs	5.605424880981445
Elierungsgene	Elierungsgene	Elierungsgene	Elierungsgenen	Elierungsgenes	Elierungsgentes	ElierungsgeneO	5.537380218505859
Beung	Beung	Beung	Beunges	Beungen	Beungns	Beungs	2.718611001968384
Beie	Beien	Beien	Beie	Beies	BeieBes	BeienBes	3.294074773788452
Abschimmung	Abschimmung	Abschimmung	Abschimmungen	AbschimmungR	obschimmung	AbschimmungY	5.264497756958008
Führe	Führe	Führe	Führen	Führes	Führee	Führed	2.519932270050049
Gehirker	Gehirkers	Gehirkers	GehirkersBes	GehirkersWes	GehirkersGes	Gehirker	4.149964809417725
Pluks	Plukses	Plukses	PluksesYluks	Pluksses	Pluks	Plukstes	3.3226819038391113
Blaubstrug	Blaubstruges	Blaubstruges	Blaubstrugs	BlaubstrugesBs	BlaubstrugesQ	BlaubstrugesH	5.522449970245361
Herzer	Herzers	Herzers	Herzer	HerzersHes	Herzerses	Herzersés	3.4714014530181885
Gasochen	Gasochens	Gasochens	Gasochensés	Gasochens.s	Gasochen	GasochensHa	4.453746318817139
Bohrnache	Bohrnache	Bohrnache	Bohrnachen	Bohrnaches	Bohrnachecs	Bohrnacheds	4.466299533843994
Antunzer	Antunzers	Antunzers	AntunzersQnzes	Antunzer	AntunzersQnzers	Antunzerses	3.8478848934173584
Prödigkrag	Prödigkrages	Prödigkrages	Prödigkrags	Prödigkragesqrödes	Prödigkrag	PrödigkragesP	5.410660266876221
Getroffsprache	Getroffsprache	Getroffsprache	Getroffsprachen	GetroffspracGhe	Getroffsprachefs	Getroffspraches	6.443021774291992
Konspell	Konspelles	Konspelles	Konspells	Konspell	KonspellesQpeles	KonspellesQpels	4.516436576843262
Fulle	Fulle	Fulle	Fullen	Fulles	Fullße	Fullsen	2.6062662601470947
Stopf	Stopfes	Stopfes	Stopfs	Stopfesés	StopfesLs	StopfesS	3.3521335124969482
Sanerade	Sanerade	Sanerade	Saneraden	Sanerades	SaneradeU	SaneradeÄ	4.373794078826904
Frempider	Frempiders	Frempiders	Frempider	Frempideres	FrempidersBrs	FrempidersH	4.341577529907227
Hetzer	Hetzers	Hetzers	Hetzer	HetzersHes	HetzersLes	Hetzersés	3.3746609687805176
Sträumer	Sträumers	Sträumers	Sträumer	Sträumersè	SträumersW	SträumersZ	3.615178346633911
Mast	Mast	Mast	Mastes	Masten	Masts	MastesHas	2.588087558746338
Kurt	Kurtes	Kurtes	Kurt	KurtesHurtes	Kurten	KurtKurtes	3.0447731018066406
Anstoss	Anstosses	Anstosses	Anstoss	AnstossesQn	Anstossses	Anstosstes	3.6744279861450195
Borbelselsen	Borbelselsens	Borbelselsens	BorbelselsensBorbelses	BorbelselsensForbelses	Borbelselsen	Borbelselstens	5.645274639129639
Bongenworser	Bongenworsers	Bongenworsers	Bongenworser	BongenworsersYonges	BongenworsersBonges	BongenworsersQes	5.606307029724121
Gieder	Gieders	Gieders	GiedersBies	GiedersHies	GiedersPies	GiedersGies	3.5457546710968018
Kord	Kordes	Kordes	KordesKordes	Korden	KordesLordes	Kord	3.375741958618164
Schattenbring	Schattenbrings	Schattenbrings	Schattenbringes	Schattenbring	SchattenbringXes	SchattenbringsBes	6.699028491973877
Bröte	Bröte	Bröte	Bröten	Brötes	Brötte	Brötre	2.3464598655700684
Pangel	Pangel	Pangel	Pangels	Pangeles	Pangeln	Pangelfes	3.2935192584991455
Ametrombate	Ametrombate	Ametrombate	Ametrombaten	Ametrombates	Ametrombatte	Ametrombatre	4.499903678894043
Assub	Assubes	Assubes	Assubs	Assub	Assubesés	AssubesLs	3.384249687194824
Alsereiesser	Alsereiessers	Alsereiessers	Alsereiesser	Alsereiessersès	Alsereiesserus	AlsereiessersY	5.800534248352051
Auere	Auere	Auere	Aueren	Aueres	Aueree	AuereA	2.7417685985565186
Fetzenwörten	Fetzenwörtens	Fetzenwörtens	Fetzenwörten	FetzenwörtensVes	FetzenwörtensBes	Fetzenwörtensés	5.450043678283691
Arttele	Arttele	Arttele	Arttelen	Artteles	Arttelte	ArtteleP	3.007694959640503
Behrasen	Behrasens	Behrasens	BehrasensBes	Behrasensés	Behrasen	Behrastens	4.47613000869751
Breigeword	Breigewordes	Breigewordes	Breigewords	Breigeworden	Breigewordesés	Breigeworrdes	5.430644512176514
Echtlit	Echtlits	Echtlits	Echtlites	Echtliten	Echtlitus	EchtlitsÖ	3.630784273147583
Ametterblost	Ametterblostes	Ametterblostes	Ametterblosts	Ametterblost	Ametterblosten	Amitterblostes	6.166159152984619
Korm	Kormes	Kormes	Korms	KormesKormes	Kormen	KormesYormes	2.63773250579834
Gerechselsätter	Gerechselsätters	Gerechselsätters	Gerechselsätter	GerechselsättersBes	Gerechselsätterus	GerechselsättersQ	7.0337443351745605
Krickung	Krickung	Krickung	Krickungen	Krickungkes	Krickungs	KrickungR	3.4582433700561523
Sterzstacht	Sterzstacht	Sterzstacht	Sterzstachtes	Sterzstachts	Sterzstacktes	SterzstacStes	4.700772762298584
Annersaum	Annersaumes	Annersaumes	Annersaums	AnnersaumesQnsaumes	AnnersaumesJn	Annersaumesés	4.989540100097656
Fütter	Fütters	Fütters	Fütter	FüttersBütes	Fütterses	Füttersés	3.224882125854492
Premt	Premtes	Premtes	Premt	Premten	Premts	Premttes	3.6545348167419434
Echtenschein	Echtenscheines	Echtenscheines	Echtenscheins	Echtenschein	EchtenscheinFes	Echtenscheinten	7.149355888366699
Kock	Kockes	Kockes	Kocks	KockesYocks	KockesKocks	KockesHocks	3.3796210289001465
Aldung	Aldung	Aldung	Aldungen	Aldunges	Aldungs	AldungO	2.7148730754852295
Seespreuggung	Seespreuggung	Seespreuggung	Seespreuggunges	Seespreuggungfes	SeespreuggungR	SeespreuggungO	5.431937217712402
Kritin	Kritin	Kritin	Kritins	Kritinnen	Kritines	Kritinfen	2.8851120471954346
Strautierin	Strautierin	Strautierin	Strautierinnen	Strautierins	Strautierinfs	Strautierids	5.150172233581543
Krosologin	Krosologin	Krosologin	Krosologinnen	Krosologins	Kkrosologin	Krosologkin	3.9064338207244873
Sterrigkeit	Sterrigkeit	Sterrigkeit	Sterrigkeiten	Sterrigkeitf	Sterrigkeits	SterrigkeitN	4.480134010314941
Scheife	Scheife	Scheife	Scheifen	Scheifes	Scheiffe	Scheifef	2.8381476402282715
Poridikier	Poridikiers	Poridikiers	Poridikieres	Poridikier	PoridikierPs	Poridikiertes	5.641895771026611
Köcherhand	Köcherhandes	Köcherhandes	Köcherhands	Köcherhand	KöcherhandesÜchs	Köcherhandesés	5.234620094299316
Gullsommoron	Gullsommorons	Gullsommorons	Gullsommorones	Gullsommoron	GullsommoronsYulls	GullsommoronsHuls	5.433624267578125
Baub	Baubes	Baubes	BaubesBaubes	BaubesLaubes	BaubesHaubes	Bäubes	2.7939443588256836
Goldsett	Goldsettes	Goldsettes	Goldsetts	Goldsett	Goldsetten	GoldsettesQs	4.66181755065918
Alkolier	Alkoliers	Alkoliers	Alkolieres	Alkolier	Alkolierso	AlkoliersA	4.0382080078125
Settar	Settars	Settars	Settares	Settar	SettarsBes	Settarses	3.813439130783081
Spinken	Spinkens	Spinkens	Spinkensés	Spinkens.s	SpinkensS	Spinken	3.515934705734253
Glinds	Glindses	Glindses	Glinds	GlindsesQlinds	Glindsses	Glindstes	3.862977981567383
Soppolat	Soppolats	Soppolats	Soppolates	Soppolaten	SoppolatIs	Soppolat	4.312954425811768
Minkerkotschoff	Minkerkotschoffes	Minkerkotschoffes	Minkerkotschoffs	Minkerkotschoff	Minkerkotschoffesqes	Minkerkotschoffüs	7.312237739562988
Aufag	Aufages	Aufages	Aufags	AufagesHufes	AufagesLufes	Aufageséf	3.1790878772735596
Petartung	Petartung	Petartung	Petartunkes	Petartungen	PetartungEn	Petartungs	3.747661590576172
Klotimit	Klotimits	Klotimits	Klotimiten	Klotimites	Klotimitsés	KlotimitsÜ	4.337752342224121
Geschatt	Geschattes	Geschattes	Geschatts	Geschatt	Geschatten	GeschattesH	4.541884899139404
Saufscheiter	Saufscheiters	Saufscheiters	Saufscheiter	SaufscheitersBaufs	SaufscPheiters	Saufscheiterus	5.562215328216553
Keiner	Keiners	Keiners	KeinersBes	KeinersLes	Keiner	Keinersos	3.1265547275543213
Prolotolys	Prolotolys	Prolotolys	Prolotolyses	Prolotolyss	Prolotolysses	Prolotolyden	4.813697338104248
Grabb	Grabbes	Grabbes	Grabbs	Grabbesrabes	Grabbesés	GrabbesLs	3.6332428455352783
Euliegater	Euliegaters	Euliegaters	Euliegater	EuliegatersBuli	EuliegaterEs	EuliegatersH	4.727296352386475
Bolbstoffe	Bolbstoffe	Bolbstoffe	Bolbstoffen	Bolbstoffes	Bolbstoffse	BolbstoffGe	4.091932773590088
Bohl	Bohles	Bohles	Bohls	BohlesBohles	BohlesYohles	Bohl	2.9643425941467285
Schlinkgewürter	Schlinkgewürters	Schlinkgewürters	Schlinkgewürter	SchlinkgewürtersBürtes	SchlinkgewürtersBürs	Schlinkgewürterus	6.8774285316467285
Auen	Auenes	Auenes	Auens	Auen	Auenen	Auenesées	3.3988454341888428
Artitid	Artitids	Artitids	Artitides	Artitidsxes	Artitidsés	ArtitidsGrten	3.5341923236846924
Anfurg	Anfurg	Anfurg	Anfurges	Anfurgen	Anfurgfes	Anfurgs	3.1824822425842285
Gerarbe	Gerarbe	Gerarbe	Gerarbes	Gerarben	GerarbeGs	Gerarbee	3.5741114616394043
Sagter	Sagters	Sagters	Sagter	SagtersBagtes	SagtersHagtes	Sagtern	3.600149631500244
Gerissie	Gerissie	Gerissie	Gerissies	GerissieGes	Gerissiefes	Gerissien	3.628754138946533
Enthim	Enthims	Enthims	Enthimes	Enthimses	EnthimsCes	Enthim	3.6632091999053955
Sprasenschatt	Sprasenschattes	Sprasenschattes	Sprasenschatt	Sprasenschatten	Sprasenschatts	Sprasenschattfes	6.529430866241455
Allidikatien	Allidikatien	Allidikatien	Allidikatiens	Allidikatienes	Allidikatienus	AllidikatiensHlidiens	5.263930320739746
Etten	Ettens	Ettens	EttensHtes	Ettenes	Ettensés	Etten	2.8493237495422363
Schlitum	Schlitums	Schlitums	Schlitumes	Schlitum	Schlitumsés	Schlitumös	3.9818649291992188
Flingspiel	Flingspieles	Flingspieles	Flingspiels	Flingspielesqles	FlingspielesZs	Flingspieltes	5.345340251922607
Falderatik	Falderatik	Falderatik	Falderatiks	Falderatiken	Falderatids	Falderatikfs	4.147310733795166
Beistel	Beistels	Beistels	Beistel	Beisteln	BeistelsBes	Beistelus	4.175823211669922
Fahrspalter	Fahrspalters	Fahrspalters	Fahrspalter	FahrspaltersZaltes	FahrspaltersHaltes	Fahrspaltersès	5.32047700881958
Kaut	Kaut	Kaut	Kautes	Kauten	KautesHaut	KautesKaut	3.1749558448791504
Hahlauferbing	Hahlauferbings	Hahlauferbings	Hahlauferbinges	Hahlauferbing	HahlauferbingsNes	HahlauferbingsBas	6.383315563201904
Sillstell	Sillstells	Sillstells	Sillstelles	Sillstell	Sillstelltes	Sillstellesqi	5.222659587860107
Klessen	Klessens	Klessens	Klessen	Klessensés	Klessens.s	KlessensUs	3.5536489486694336
Formaut	Formautes	Formautes	Formaut	Formauts	Formauten	Formautès	4.21249532699585
Blogrüng	Blogrünges	Blogrünges	Blogrüngs	Blogrüngesés	BlogrüngesÖl	Blogrüng	4.397799968719482
Berrum	Berrums	Berrums	Berrumes	BerrumsBes	BerrumBes	Berrumses	3.595595598220825
Fersticht	Fersticht	Fersticht	Ferstichtes	Ferstichts	Ferstichten	Ferstichtös	5.208129405975342
Brautt	Brauttes	Brauttes	Brautts	Brautt	Brautten	BrauttesBrautes	3.678792953491211
Stert	Stertes	Stertes	Sterts	Sterten	Stert	Stertesés	3.4009575843811035
Absiegschulde	Absiegschulde	Absiegschulde	Absiegschulden	Absiegschuldes	Absiegschuldec	Absiegschuldens	6.112329959869385
Prorie	Prorie	Prorie	Prories	Prorien	Pkrorie	PProrie	2.9184696674346924
Pronot	Pronoten	Pronoten	Pronotes	Pronots	Pronot	PronotenEn	4.105495452880859
Mahnion	Mahnion	Mahnion	Mahnions	Mahniones	Mahnionen	MahnionMs	3.339914083480835
Groffbryron	Groffbryrons	Groffbryrons	Groffbryrones	GroffbryronsBrorons	Groffbryron	GroffbryronsQfryrons	5.053075313568115
Primikonomaden	Primikonomadens	Primikonomadens	Primikonomaden	Primikonomadenten	Primikonomadensés	Primikonomadenes	6.554141998291016
Staule	Staule	Staule	Staulen	Staules	Staulte	StauleO	2.980464458465576
Bewäster	Bewästers	Bewästers	BewästersBes	Bewäster	BBewästers	BAewästers	4.004912853240967
Gäusen	Gäusens	Gäusens	GäusensGäus	GäusensUäus	Gäusensés	Gäusensms	3.5154306888580322
Kanalie	Kanalie	Kanalie	Kanalien	Kanalies	Kanallie	Kanaließ	3.167721748352051
Bentreun	Bentreunes	Bentreunes	Bentreuns	Bentreuntes	BentreunesB	BentreunesQ	4.869958400726318
Bienessel	Bienessel	Bienessel	Bienessels	Bienesseln	BienesselBs	BienesselsBies	4.498894214630127
Sprotschitzstechkamese	Sprotschitzstechkamese	Sprotschitzstechkamese	Sprotschitzstechkamesen	Sprotschitzstechkameses	Sprotschitzstechkamesse	Sprotschitzstechkämese	9.068387031555176
Bewelk	Bewelkes	Bewelkes	Bewelks	BewelkesBes	Bewelktes	BewelkesH	4.105352401733398
Allächen	Allächens	Allächens	AllächensQllls	Allächensés	AllächensH	Allächen	3.697042226791382
Steinschwöcker	Steinschwöckers	Steinschwöckers	SteinschwöckersLöckes	Steinschwöcker	SteinschwöckersWs	SteinschwöckersD	6.5578932762146
Sicher	Sichers	Sichers	SichersBiches	SichersLiches	SichersHiches	Sicher	3.3631701469421387
Arrontikalt	Arrontikaltes	Arrontikaltes	Arrontikalts	Arrontikalten	Arrontikalt	ArrontikaltesArron	6.159459114074707
Heckstell	Heckstelles	Heckstelles	Heckstells	Heckstell	Heckstellkes	HeckstellesH	5.578984260559082
Futzen	Futzens	Futzens	FutzensFutzes	FutzensHutzes	Futzen	Futzensés	3.4860434532165527
Auswoht	Auswohtes	Auswohtes	Auswoht	Auswohts	Auswöhtes	Auswohten	4.19642972946167
Kanke	Kanke	Kanke	Kanken	Kankes	Kankenken	KankeÄ	3.009965181350708
Hasther	Hasthers	Hasthers	Hasther	HasthersBas	HasthersHa	Hasthersos	3.6666531562805176
Absankierer	Absankierers	Absankierers	Absankierersos	Absankierer	AbsankierersUs	AbsankierersZs	5.268901824951172
Baben	Babens	Babens	BabensBabes	Babenes	Baben	Babensés	2.657555341720581
Abstollster	Abstollsters	Abstollsters	Abstollster	Abstollstern	Abstollsterus	AbstollstersZs	5.508272647857666
Arkionspiele	Arkionspiele	Arkionspiele	Arkionspielen	Arkionspieles	Arkionspielexes	orkionspiele	4.909773826599121
Pelkoner	Pelkoners	Pelkoners	PelkonersBes	Pelkoner	PelkonPers	Pelkonters	3.8564581871032715
Spinkation	Spinkation	Spinkation	Spinkations	Spinkatioén	Spinkationf	Spinkationes	4.431944370269775
Behrithon	Behrithons	Behrithons	Behrithones	Behrithon	BehrithonsBes	BehrithonBs	5.269242286682129
Fesestung	Fesestung	Fesestung	Fesestungen	Fesestungs	Fesestunos	FesestungR	4.376330375671387
Burserbing	Burserbings	Burserbings	Burserbinges	BurserbingsBurs	BurserbingsHes	Burserbing	5.375309944152832
Alkark	Alkarkes	Alkarkes	Alkarks	Alkarken	Alkarktes	AlkarkesY	4.598980903625488
Mens	Menses	Menses	Mens	Mensen	Mensses	MensMes	3.2029948234558105
Killenblätte	Killenblätte	Killenblätte	Killenblätten	Killenblätters	KKillenblätte	KWillenblätte	5.002427101135254
Elenekarte	Elenekarte	Elenekarte	Elenekarten	Elenekartes	Elenekaärte	Elenekartte	4.865179061889648
Genongesinne	Genongesinne	Genongesinne	Genongesinnes	Genongesinnen	Genongesinneus	Genongesinnte	4.997482776641846
Kleißer	Kleißers	Kleißers	Kleißer	KleißersUs	Kleißxers	Kleißersè	4.014188766479492
Streuker	Streukers	Streukers	Streuker	Streukerso	StreukersH	StreukersW	3.969075918197632
Mostel	Mostel	Mostel	Mostels	Mosteln	Mosteldes	Mosteles	3.7712490558624268
Eißensette	Eißensette	Eißensette	Eißensetten	Eißensettes	EEißensette	EißBensette	4.553504467010498
Ansköngung	Ansköngung	Ansköngung	Ansköngungs	AnsköngungR	AnsköngungC	Önsköngung	4.586141586303711
Abrackig	Abrackigs	Abrackigs	Abrackiges	Abrackig	AbrackigYs	Abrackigsés	5.149565696716309
Freibine	Freibine	Freibine	Freibinen	Freibines	Freibinne	Fkreibine	3.5679526329040527
Kähl	Kähles	Kähles	Kähls	Kählesqähles	KählesWähles	KählesYähles	2.7668943405151367
Krahbentmehr	Krahbentmehres	Krahbentmehres	Krahbentmehrs	Krahbentmehr	Krahbentmehren	Krahbentmehrfes	6.390307903289795
Praspert	Praspertes	Praspertes	Prasperts	Prasperttes	Prasperten	Praspert	5.3975911140441895
Schliebel	Schliebels	Schliebels	Schliebel	Schliebeln	Schliebeles	SchliebelsD	4.660311698913574
Schastab	Schastabes	Schastabes	Schastabs	SchastabesLs	Schastabesés	SchastabesH	4.776037693023682
Exigum	Exigums	Exigums	Exigumes	Exigumses	Exigumsés	ExigumsHes	3.1975231170654297
Gingschlittel	Gingschlittels	Gingschlittels	Gingschlittel	Gingschlittelskes	Gingschlittelsös	GingscPhlittels	6.4431891441345215
Mäte	Mäte	Mäte	Mäten	Mätes	MätenMäten	Mätre	1.9109307527542114
Kreißlauter	Kreißlauters	Kreißlauters	Kreißlauter	Kreißlautern	KreißlautersZs	Kreißlauterus	5.149203300476074
Freit	Freit	Freit	Freiten	Freits	Fkreit	Freitf	2.7532505989074707
Mietrauf	Mietraufes	Mietraufes	Mietraufs	Mietrauffes	MMietraufes	MVietraufes	4.002686977386475
Alblorin	Alblorin	Alblorin	Alblorins	Alblorinnen	Alblorinfen	Alblorinx	3.763441562652588
Bustelkortsaltung	Bustelkortsaltung	Bustelkortsaltung	Bustelkortsaltungs	BustelkortsaltungR	BustelTortsaltung	BustelkortsaltungE	6.789804935455322
Klerzwiegung	Klerzwiegung	Klerzwiegung	Klerzwiegungen	KlerzwiegungR	KlerzwiegunKl	KlerzwiegungO	5.441049098968506
Balle	Balle	Balle	Ballen	Balles	BallenBales	Ballße	2.595590114593506
Aulater	Aulaters	Aulaters	Aulater	AulatersBu	AulatersHu	Aulatersè	3.67099928855896
Hotogremst	Hotogremstes	Hotogremstes	Hotogremsts	Hotogremst	HotogremstesHoto	Hotogremsttes	5.4669952392578125
Belle	Belle	Belle	Bellen	Belles	BKelle	Bellße	2.551753282546997
Schlächter	Schlächters	Schlächters	Schlächter	SchlächtersBs	SchlächtersS	SchlächtersW	4.983859539031982
Arbation	Arbation	Arbation	Arbations	Arbationen	ArbationEn	Arbationf	3.4014103412628174
Alistenalbeit	Alistenalbeit	Alistenalbeit	Alistenalbeiten	Alistenalbeitf	Alistenalbeits	AlistenalbeitN	5.493664741516113
Besschutz	Besschutzes	Besschutzes	Besschutz	BesschutzesBs	BesschutzesQ	BesschutzesH	4.645190715789795
Beserge	Beserge	Beserge	Besergen	Beserges	Besergens	BKeserge	3.520728588104248
Mohorimon	Mohorimons	Mohorimons	Mohorimon	Mohorimones	MohorimonsBos	Mohorimonsés	4.64727783203125
Schnoffglüsetung	Schnoffglüsetung	Schnoffglüsetung	Schnoffglüsetungs	SchnoffglüsetungR	ScSnoffglüsetung	Scqnoffglüsetung	6.608181953430176
Spuszenscheit	Spuszenscheit	Spuszenscheit	Spuszenscheiten	SpuszenscTheit	Spuszenscvheit	Spuszenscheitf	5.334178447723389
Stipf	Stipfes	Stipfes	Stipfs	Stipfesés	StipfesLs	Stipffes	3.397477388381958
Flung	Flung	Flung	Flungen	Flunges	Flünges	Flunos	2.4679808616638184
Hupfe	Hupfe	Hupfe	Hupfen	Hupfes	Hupfens	HupfeH	2.8884568214416504
Schwieße	Schwieße	Schwieße	Schwießen	Schwießes	SchwießeLs	SchwießeP	3.7560415267944336
Fagen	Fagens	Fagens	Fagen	Fagenes	FagensHages	Fagenns	3.452364206314087
Kaufang	Kaufanges	Kaufanges	Kaufangs	Kaufang	Kaufänges	KaufangesLs	4.107298374176025
Ableger	Ablegers	Ablegers	Ableger	AblegersBAbls	Ablegersés	AblegersH	3.7382664680480957
Klahne	Klahne	Klahne	Klahnen	Klahnten	Klahnes	KlahneÄ	2.8997819423675537
Hallkrotenkas	Hallkrotenkases	Hallkrotenkases	Hallkrotenkasses	Hallkrotenkas	Hallkrotenkastes	Hallkkrotenkases	6.127813339233398
Attentors	Attentorses	Attentorses	Attentors	Attentorsses	AttentorsesQ	Attentorsesè	4.790693759918213
Bleusenker	Bleusenkers	Bleusenkers	BleusenkersBles	Bleusenker	BleusenkersZs	Bleusenkerses	5.146528720855713
Gliskenlätter	Gliskenlätters	Gliskenlätters	Gliskenlätter	GliskenlättersBls	Gliskenlätterus	GliskenlätterÜs	5.837234973907471
Parkinatogurm	Parkinatogurms	Parkinatogurms	Parkinatogurm	Parkinatogurmes	Parkinatogurmen	Parkinatogurmds	6.478565216064453
Monontrit	Monontrits	Monontrits	Monontrites	Monontriten	MonontrMits	Monontrvits	4.3015899658203125
Blaturen	Blaturens	Blaturens	Blaturenes	Blaturensés	Blaturtens	BlaturensH	3.8258864879608154
Kanterspieler	Kanterspielers	Kanterspielers	Kanterspieler	KanterspielersBas	Kanterspielersos	KanterspielersWs	5.823364734649658
Kanan	Kanans	Kanans	Kananes	Kanan	Kanantes	KananesKan	3.3857927322387695
Bemahlseche	Bemahlseche	Bemahlseche	Bemahlsechen	Bemahlseches	BemahlsecKhe	Bemahlsecheè	5.333057880401611
Sätze	Sätze	Sätze	Sätzen	SätzeQe	Sätzte	SätzeQen	2.216409206390381
Sergnöte	Sergnöte	Sergnöte	Sergnöten	Sergnötes	Sergnötte	SergnöteLs	3.7148876190185547
Seglung	Seglung	Seglung	Seglunges	SeglunMes	Seglungen	Seglungs	3.2408018112182617
Mirtschoff	Mirtschoffes	Mirtschoffes	Mirtschoffs	Mirtschoff	Mirtschofftes	Mirtschofffes	5.494223117828369
Korsen	Korsens	Korsens	KorsensKors	KorsensHors	Korsensérs	Korsen	3.145832061767578
Hörklaft	Hörklaft	Hörklaft	Hörklaftes	Hörklafts	Hörklaften	Hörklaftf	3.755549907684326
Blösen	Blösens	Blösens	BlösensBlös	BlösenBlös	Blösensés	Blösensös	3.1028366088867188
Fegrauchen	Fegrauchens	Fegrauchens	FegrauchensFes	Fegrauchen	Fegrauchensés	FegrauchensHes	5.196411609649658
Amite	Amite	Amite	Amiten	Amites	Amitte	Amitre	2.861281394958496
Aufworger	Aufworgers	Aufworgers	Aufworger	Aufworgerso	AufworgersH	AufworgersW	4.581389904022217
Pilegsting	Pilegstings	Pilegstings	Pilegstinges	Pilegsting	Pfilegstings	PPilegstings	4.7383012771606445
Arsostand	Arsostandes	Arsostandes	Arsostands	Arsostanden	Arsostand	ArsostandesArs	5.21509313583374
Phern	Phernes	Phernes	Pherns	Phern	PhernesPhes	Pherneséhes	3.9505841732025146
Strittung	Strittung	Strittung	Strittungen	StrittungEn	Strittungs	StrittungR	3.566866874694824
Sammung	Sammung	Sammung	Sammunges	Sammungen	Sammungn	SammungI	3.094709634780884
Senenensensolbe	Senenensensolbe	Senenensensolbe	Senenensensolben	Senenensensolbes	Senenensensolbxe	SenenensensolbeN	6.302639007568359
Ambeisen	Ambeisens	Ambeisens	AmbeisensQes	Ambeisenes	Ambeisens.s	Ambeisen	4.197439670562744
Killarmatikeiser	Killarmatikeisers	Killarmatikeisers	Killarmatikeiser	KillarmatikeisersQ	KillarmatikeisersH	KillarmatikeisersT	6.8725361824035645
Horetenbeminsar	Horetenbeminsars	Horetenbeminsars	Horetenbeminsares	Horetenbeminsar	Horetenbeminsarsdes	HoretenbeminsarHs	7.9543890953063965
Firger	Firgers	Firgers	FirgersBirges	FirgersHirges	FirgersLirges	Firgersés	3.226428508758545
Abfölf	Abfölfes	Abfölfes	Abfölfs	Abfölfesés	Abfölffes	Abfölfesq	3.369584083557129
Klanone	Klanone	Klanone	Klanonen	Klanones	Klanonenven	Klanonten	3.3593921661376953
Stabikate	Stabikate	Stabikate	Stabikaten	Stabikates	Stabikatte	Stabikatex	4.111687660217285
Aberbard	Aberbardes	Aberbardes	Aberbards	Aberbarden	Aberbard	AberbardeLs	5.419949531555176
Abbenitul	Abbenituls	Abbenituls	Abbenitul	Abbenitules	AbbenitulsQes	AbbenitulsAbbbes	4.715266704559326
Füger	Fügers	Fügers	FügersBüges	FügersÜüges	Füger	FügerFüges	3.156277894973755
Amiditan	Amiditans	Amiditans	Amiditanes	Amiditan	Amiditansés	AmiditansA	4.142361640930176
Fessolin	Fessolins	Fessolins	Fessolin	Fessolines	Fessolinnen	Fessolinen	4.138500213623047
Blat	Blates	Blates	Blats	Blat	Blaten	BlatesBla	3.4634225368499756
Solktate	Solktate	Solktate	Solktaten	Solktates	Solktatte	Solktatre	3.751404047012329
Fuhren	Fuhrens	Fuhrens	FuhrensHuhrens	FuhrensFuhrens	FuhrensHuhres	FuhrensFuhres	3.490055561065674
Spose	Spose	Spose	Sposen	Sposes	Sposse	SposeÄ	2.710343837738037
Steinung	Steinung	Steinung	Steinungen	Steinungn	SteinungR	SteinungC	3.6381261348724365
Postrotofe	Postrotofe	Postrotofe	Postrotofen	Postrotofes	Postrotoföfes	Postrotoffe	4.513350009918213
Ertrrotetionschare	Ertrrotetionschare	Ertrrotetionschare	Ertrrotetionscharen	Ertrrotetionschares	Ertrrotetionscharre	ErtrrotetionscYhare	6.865498065948486
Belisserin	Belisserin	Belisserin	Belisserins	Belisserinnen	Belisserinfs	BelisserinBs	4.647643566131592
Gegalz	Gegalzes	Gegalzes	Gegalztes	GegalzesGs	Gegalzest	GegalzesH	3.6206393241882324
Schlachel	Schlachel	Schlachel	Schlachels	Schlacheln	Schlacheles	Schlachells	4.755724906921387
Beungsalkhäre	Beungsalkhäre	Beungsalkhäre	Beungsalkhären	Beungsalkhärses	Beungsalkhärten	Beungsalkqhäre	5.451064586639404
Angolikte	Angolikte	Angolikte	Angolikten	Angoliktes	AngolikteP	AngolikteA	4.398021697998047
Haustick	Haustickes	Haustickes	Hausticks	Haustick	Hausticken	Haustic-kes	4.495657444000244
Plakter	Plakters	Plakters	Plakter	PlaktersLs	Plaktersés	PlaktersP	3.4335508346557617
Amphorenz	Amphorenz	Amphorenz	Amphorenzen	Amphorenzes	Amphorenzos	Amphorenzs	3.9382975101470947
Sprickungen	Sprickungens	Sprickungens	Sprickungen	Sprickungens.s	SprickungensBs	SprickungensHs	6.040223121643066
Abkritter	Abkritters	Abkritters	Abkritter	Abkrittern	Abkritteres	Abkritterso	4.704329967498779
Scharz	Scharzes	Scharzes	ScharzesLs	Scharzen	Scharztes	Scharz	3.3986411094665527
Eitrenb	Eitrenbes	Eitrenbes	Eitrenbs	Eitrenb	Eitrenben	Eitrenbis	4.278190612792969
Gewarglitt	Gewarglittes	Gewarglittes	Gewarglitts	Gewarglitt	Gewärglittes	GewarglittesW	5.682967662811279
Silgsaleson	Silgsalesons	Silgsalesons	Silgsalesones	Silgsaleson	SilgsalesonsBiles	SilgsalesonsHiles	5.982672214508057
Fauterursch	Fauterursches	Fauterursches	Fauterurschs	Fauterursch	Fauterurschen	FauterurscMhes	5.911465644836426
Krang	Kranges	Kranges	Krangs	KrangesKran	KrangesLs	Krangesés	3.075927972793579
Erengläg	Erengläges	Erengläges	Erenglägs	Erenglägxes	ELrengläges	ErenglägesH	4.767001152038574
Holiermahrstatele	Holiermahrstatele	Holiermahrstatele	Holiermahrstateles	Holiermahrstatelen	Holiermahrstattele	Holierwahrstatele	7.112663269042969
Heirbrote	Heirbrote	Heirbrote	Heirbroten	Heirbrotes	Heirbrotee	Heirbrotte	4.500460624694824
Euste	Euste	Euste	Eusten	Eustes	EustenEus	EustCe	2.6458816528320312
Kummer	Kummers	Kummers	Kummer	KummersBumes	Kummern	Kummersmes	3.8177807331085205
Anstrekter	Anstrekters	Anstrekters	Anstrekter	Anstrektern	Anstrekterus	Anstrektersos	4.8121185302734375
Hahlul	Hahluls	Hahluls	Hahlules	Hahlul	Hahlulfes	HahlulHes	3.8602046966552734
Pion	Pions	Pions	Piones	Pionen	Pion	PionesPion	3.9051425457000732
Bill	Bills	Bills	Billes	BillesYills	Bill	BillesBils	3.141296625137329
Amplatsen	Amplatsens	Amplatsens	AmplatsensQmats	Amplatsen	Amplatsens.s	AmplatsensQmplats	4.363502025604248
Krotionenstries	Krotionenstrieses	Krotionenstrieses	Krotionenstries	Krotionenstriesses	Kkrotionenstrieses	KrotionenstriesesQ	6.990501880645752
Klisk	Kliskes	Kliskes	Klisken	Klisks	Klisk	KliskeLs	4.045569896697998
Klotorimenten	Klotorimentens	Klotorimentens	Klotorimenten	Klotorimentensés	Klotorimentens.s	KlotorimentensUs	6.392309665679932
Hendschlebkasse	Hendschlebkasse	Hendschlebkasse	Hendschlebkassen	Hendschlebkasses	HendscPhlebkasse	HendschlebkassÄe	6.380583763122559
Abwergel	Abwergels	Abwergels	Abwergel	Abwergeles	Abwergeln	AbwergelIs	4.178417205810547
Minide	Minide	Minide	Miniden	Minides	MMinide	Minidte	2.9147531986236572
Abstallkreme	Abstallkreme	Abstallkreme	Abstallkremens	Abstallkremes	Abstallkremen	Abstallkremea	5.39102840423584
Fatse	Fatse	Fatse	Fatsen	Fatses	Fatsens	FatsenLats	2.8963305950164795
Abspraut	Absprautes	Absprautes	Abspraut	Absprauts	Absprauten	AbsprautesÖa	4.503281116485596
Benerne	Benerne	Benerne	Benernen	Benernes	Benernte	BenerneÄ	3.9677062034606934
Kreutel	Kreutel	Kreutel	Kreutels	Kreuteln	Kreuteldes	KreutelÜs	4.25901985168457
Prodolyll	Prodolylls	Prodolylls	Prodolylles	Prodolyll	Prodolyles	ProdolyllsY	3.709331750869751
Schuch	Schuches	Schuches	Schuchs	Schuchen	SchuchesS	SchuchesH	3.68302845954895
Beleuchleg	Beleuchleges	Beleuchleges	Beleuchlegs	Beleuchleg	BeleuchlegesBs	BeleuchlegesYeles	5.61260986328125
Hasssochurin	Hasssochurin	Hasssochurin	Hasssochurins	Hassochurin	Hasssochurines	Hasssochurinnen	5.075438499450684
Auftstäußer	Auftstäußers	Auftstäußers	AuftstäußersZufts	AuftstäußersQufts	Auftstäußer	Auftstäußersoftes	4.692591667175293
Hanarkotte	Hanarkotte	Hanarkotte	Hanarkotten	Hanarkottes	Hanarkottke	HanarkotteÄ	4.476356506347656
Monsspinierung	Monsspinierung	Monsspinierung	MonsspinieTrung	Monsspinierungen	Monsspinierungfes	MonsspinierungR	6.217246055603027
Prötte	Prötte	Prötte	Prötten	Pröttes	PPrötte	PLrötte	2.647213935852051
Bossenhänder	Bossenhänders	Bossenhänders	BossenhändersBos	BossenhändersZos	BossenhändersPos	Bossenhänder	5.149933338165283
Pent	Pentes	Pentes	Penten	Pents	Pent	Pentesés	3.4409167766571045
Boptomor	Boptomors	Boptomors	Boptomoren	Boptomores	Boptomor	BoptomorsBo	3.5914440155029297
Anter	Anters	Anters	Anter	Antern	AntersPAnten	Anteres	2.9276463985443115
Synomenkort	Synomenkortes	Synomenkortes	Synomenkorts	Synomenkorten	Synomenkort	SynomenkortesS	6.215939998626709
Spetel	Spetels	Spetels	Spetel	Speteln	Spetelsos	Spetelus	4.017271995544434
Eiltarbe	Eiltarbe	Eiltarbe	Eiltarben	Eiltarbes	Eiltaarbe	EEiltarbe	3.205533981323242
Prist	Pristen	Pristen	Pristes	Pridsten	Prists	Pkristen	2.781222343444824
Sord	Sordes	Sordes	Sord	Sorden	SordesLordes	Sords	2.9171993732452393
Pans	Panses	Panses	Pans	PansesYans	Pansen	Pansses	2.8033335208892822
Bauschlaub	Bauschlaubes	Bauschlaubes	Bauschlaubs	BauschlaubesBaus	BauschlaubesÜus	BauschlaubesH	5.570133209228516
Amentaus	Amentauses	Amentauses	Amentaus	Amentaustes	AmentausesA	AmentausesQ	4.352167129516602
Klitantiere	Klitantiere	Klitantiere	Klitantieren	Klitantieres	Klitantierte	Klftantiere	4.926752090454102
Abrasser	Abrassers	Abrassers	Abrasser	AbrassersH	Abrassersè	AbrassersQ	3.9885354042053223
Flatelstosker	Flatelstoskers	Flatelstoskers	Flatelstosker	FlatelstoskersBlates	Flatelstoskersdes	Flatrelstoskers	5.760915756225586
Kittlüh	Kittlühes	Kittlühes	Kittlühs	Kittlühesés	Kittlühers	Kittlühös	4.108954429626465
Hildränke	Hildränke	Hildränke	Hildränken	Hildränkes	Hildränkte	Hildränkef	3.600297451019287
Schwelktraup	Schwelktraupes	Schwelktraupes	Schwelktraups	SchwelktraupesÜtraupes	SchwelktraupesÜtraups	Schwelktraup	6.164519786834717
Erenen	Erenens	Erenens	Erenenséres	ELrenens	Ernenens	Ekrenens	3.34633469581604
Grussel	Grussel	Grussel	Grussels	Grusseln	Grusselfes	Grusselus	3.7710742950439453
Ernt	Erntes	Erntes	Ernt	Ernts	Ernten	ErntesErn	3.3824875354766846
Abbarbes	Abbarbes	Abbarbes	Abbarbesses	Abbarbeses	Abbarbestes	Abbarbess	4.174167156219482
Furmensen	Furmensens	Furmensens	FurmensensFurmens	FurmensensQurmens	Furmensen	Furmensensés	4.6070780754089355
Butensilz	Butensilzes	Butensilzes	ButensilzesButes	ButensilzesQutes	Butensilztes	ButensilzesT	4.5321221351623535
Konagungstrage	Konagungstrage	Konagungstrage	Konagungstragen	Konagungstrages	KonagungstrageNs	Konagungstragefs	6.128791332244873
Stache	Stache	Stache	Stachen	Stacche	Staches	StacheÄ	3.24764084815979
Hynachararetion	Hynachararetion	Hynachararetion	Hynachararetions	Hynachararetiones	Hynachararetionen	Hynackararetion	6.45968770980835
Gronidonier	Gronidoniers	Gronidoniers	Gronidonieres	Gronidonier	GronidoniersBron	GronidoniersGron	5.040356159210205
Plostrosprotion	Plostrosprotion	Plostrosprotion	Plostrosprotions	Plostrosprotionen	Plostrospkrotion	Plostrospàotion	6.1421427726745605
Abgeschlitkstriff	Abgeschlitkstriffes	Abgeschlitkstriffes	Abgeschlitkstriffs	AbgeschlitkstriffesÖbges	Abgeschlitkstriff	Abgeschlitkstriffesqus	8.200251579284668
Spote	Spote	Spote	Spoten	Spotes	Spotte	Spotre	2.5459487438201904
Känktalse	Känktalse	Känktalse	Känktalsen	Känktalses	Känktalsten	KänktalseÄ	3.9773738384246826
Metterhinze	Metterhinze	Metterhinze	Metterhinzen	Metterhfinze	Metterhinzes	MetterhinzeO	4.73086404800415
Aper	Aper	Aper	Apers	Aperes	Apern	ApersYpes	3.0975093841552734
Blegen	Blegens	Blegens	BlegensBles	BlegensHles	Blegensés	Blegens.s	3.063828229904175
Herks	Herkses	Herkses	Herks	Herksses	Herksen	Herkstes	3.047799587249756
Kruhe	Kruhe	Kruhe	Kruhen	Kruhes	Kruheden	Kruéhe	2.7909414768218994
Bruber	Brubers	Brubers	BrubersBrubers	Bruber	Brubersés	BrubersBrubersBrubers	3.4610939025878906
Kichthirk	Kichthirkes	Kichthirkes	Kichthirks	Kichthirken	Kichthirk	KichthirkesH	5.456523418426514
Fehrer	Fehrers	Fehrers	FehrersBes	FehrersHes	Fehrer	Fehrerses	3.3803560733795166
Erkopisch	Erkopisches	Erkopisches	Erkopischs	Erkopisch	Erkopischen	Erkopischkes	5.37949275970459
Exige	Exige	Exige	Exigen	Exiges	Exigee	Exigens	2.9262237548828125
Augraun	Augraunes	Augraunes	Augrauns	Augraununs	AugraunesQu	Augraun	4.5856499671936035
Hellscharte	Hellscharte	Hellscharte	Hellscharten	Hellschartes	Hellscvharte	HellscharteÄ	5.012001991271973
Abfroste	Abfroste	Abfroste	Abfrosten	Abfrostes	Abfrosteds	Abfrostye	3.7571604251861572
Abglanser	Abglansers	Abglansers	Abglanser	AbglansersQ	AbglansersH	Abglanserso	4.573731899261475
Gackerwönfe	Gackerwönfe	Gackerwönfe	Gackerwönfen	Gackerwönfes	GackerwönfeNs	Gackerwönfeos	4.992812633514404
Baralt	Baraltes	Baraltes	Baralts	Baralten	Baralt	BaraltesH	3.4822683334350586
Eisstaffstolt	Eisstaffstoltes	Eisstaffstoltes	Eisstaffstolts	Eisstaffstolt	Eisstaffstolten	EisstaffstoltesH	6.960245609283447
Bühr	Bühres	Bühres	Bühren	Bühr	Bührs	BühresBühres	3.4985172748565674
Algopste	Algopste	Algopste	Algopsten	Algopstes	AlgopsteP	Algopsteg	4.043774604797363
Mern	Mernes	Mernes	Merns	Mern	Mernen	MernesMs	3.185467004776001
Fehlen	Fehlens	Fehlens	FehlensBes	FehlensHes	Fehlensés	Fehlens.s	3.2343645095825195
Spänger	Spängers	Spängers	SpängersBänges	SpängersUs	SpängersS	Spänger	3.8246309757232666
Maner	Maners	Maners	Maner	ManersMan	Maneres	Manersés	2.9187681674957275
Schall	Schalles	Schalles	Schalls	SchallSchales	Schall	Schalltes	4.211644649505615
Ansigkompeltere	Ansigkompeltere	Ansigkompeltere	Ansigkompelteren	Ansigkompelteres	Önsigkompeltere	Ansigkompelterefs	6.104251384735107
Haulen	Haulens	Haulens	HaulensHaules	Haulensés	Haulens.s	HaulensHauHaues	3.4035050868988037
Floste	Floste	Floste	Flosten	Flostes	Flostye	FlostCe	2.848201274871826
Beilger	Beilgers	Beilgers	BeilgersBes	Beilger	Beilgersè	BeilgersW	3.7827048301696777
Megen	Megens	Megens	Megen	Megenes	MegensMes	MegenFes	3.308537721633911
Fondstelle	Fondstelle	Fondstelle	Fondstellen	Fondstelles	Fondstellte	Fondstelleß	4.255101680755615
Eitterstoffatschmoffkühr	Eitterstoffatschmoffkührs	Eitterstoffatschmoffkührs	Eitterstoffatschmoffkühres	Eitterstoffatschmoffkühr	Eitterstoffatschmoffkührßes	EitterstoffatschmoffkührXs	11.607758522033691
Gefähn	Gefähnes	Gefähnes	Gefähns	Gefähnesés	GKefähnes	GefähnesT	3.5723395347595215
Hauer	Hauer	Hauers	Hauer	Hauern	HauersHaues	HauersBaues	2.958449125289917
Hresaker	Hresakers	Hresakers	Hresaker	Hkresakers	HresakersH	HresakersW	4.118932247161865
Angliere	Angliere	Angliere	Anglieren	Anglieres	Angliers	Anglierex	3.8098177909851074
Kost	Kostes	Kostes	Kost	Kosten	KostesKos	Kosts	3.103471040725708
Sitterschnäng	Sitterschnänges	Sitterschnänges	Sitterschnängs	SitterschnängesBs	Sitterschnängtes	Sitterschnängesqu	6.7394866943359375
Hirstung	Hirstung	Hirstung	Hirstunges	Hirstungen	Hirstungs	HirstungR	3.385378122329712
Aufalzstelle	Aufalzstelle	Aufalzstelle	Aufalzstellen	Aufalzstelles	Aufalzstellte	AufalzstelleA	5.061811923980713
Selinimeise	Selinimeise	Selinimeise	Selinimeisen	Selinimeises	Selinimeisten	Selinimeiseh	4.842535495758057
Schlaffs	Schlaffs	Schlaffs	Schlaffses	Schlaffsses	Schlaffes	Schlaffst	4.216038227081299
Schlänzt	Schlänztes	Schlänztes	Schlänzts	Schlänzt	Schlänzten	SchlänztesS	4.549932956695557
Andeige	Andeige	Andeige	Andeigen	Andeiges	AndeigeI	AndeigeP	3.540893793106079
Erkicht	Erkichtes	Erkichtes	Erkicht	Erkichts	Erkichten	Erkichtös	4.294379234313965
Schwürdstell	Schwürdstells	Schwürdstelles	Schwürdstells	Schwürdstell	SchwürdstellSes	Schwürdstellüs	6.6111063957214355
Buskorinale	Buskorinale	Buskorinale	Buskorinalen	Buskorinales	Buskorinalens	Buskorinalten	5.4214768409729
Breich	Breiches	Breiches	Breichs	Breichen	BreichesBr	Breich	3.595848798751831
Allugsel	Allugsel	Allugsel	Allugsels	Allugseln	Allugseles	Allugsells	3.9636402130126953
Melzsorkion	Melzsorkion	Melzsorkion	Melzsorkions	Melzsorkiones	Melzsorkionfs	Melzsorkionus	4.627887725830078
Engraff	Engraffes	Engraffes	Engraffs	EngraffesQraffes	Engraffen	EngraffesLs	4.052424907684326
Knoste	Knoste	Knoste	Knosten	Knostes	KnostCe	Knostye	3.0741026401519775
Erdidung	Erdidung	Erdidung	Erdidungen	ErdidungEn	Erdidungs	Erdidunos	3.8235740661621094
Absonkang	Absonkangs	Absonkangs	Absonkanges	Absonkang	Absonkangen	Absonkangesqan	5.192524433135986
Schwankte	Schwankte	Schwankte	Schwankten	Schwanktes	SchwankteP	Schwanktea	4.323024749755859
Klagen	Klagens	Klagens	Klagenes	KlagensKla	Klagen	Klagensés	3.6130967140197754
Morskoller	Morskollers	Morskollers	MorskollersWors	MorskollersHors	Morskoller	Morskollersos	4.677141189575195
Argonikalatio	Argonikalatio	Argonikalatio	Argonikalatios	Argonikalatiox	ArgonikalatioL	Argonikalatioms	5.906180381774902
Fichsbel	Fichsbel	Fichsbel	Fichsbels	Fichsbeln	Fichsbeldes	FichsbelLs	4.46152400970459
Streunk	Streunkes	Streunkes	Streunks	Streunken	StreunkesS	StreunkesÖ	4.064358711242676
Schlang	Schlanges	Schlanges	Schlangs	Schlang	SchlangesLs	Schlangesés	4.391506195068359
Stäube	Stäube	Stäube	Stäuben	Stäubes	StäubeO	StäubeÜ	2.9810054302215576
Handenstoff	Handenstoffes	Handenstoffes	Handenstoffs	Handenstofftes	Handenstoffesqa	Handenstofffes	5.741097450256348
Finner	Finners	Finners	FinnersBines	FinnersLines	Finner	Finnersés	3.002251148223877
Erzas	Erzases	Erzases	Erzasses	Erzas	Erzastes	Erzasen	2.904289722442627
Frototsonion	Frototsonion	Frototsonion	Frototsonions	Frototsonionen	Frototsoniones	FrototsonionFs	5.903526782989502
Sende	Sende	Sende	Senden	Sendes	SendeÄ	SendeI	2.8233582973480225
Schlieftel	Schlieftels	Schlieftels	Schlieftel	Schlieftelsqus	Schliefteles	Schliefteln	4.856115341186523
Brepie	Brepies	Brepies	Brepie	BrepiesBren	Brepien	BrepieBes	3.1927990913391113
Ergamen	Ergamens	Ergamens	ErgamensBrgames	ErgamensBrgamens	Ergamenes	ELrgamens	3.7976953983306885
Alteichkäufe	Alteichkäufe	Alteichkäufe	Alteichkäufen	Alteichkäufes	AlteichkäufeNs	Alteichkäufte	4.7939863204956055
Kontreten	Kontretens	Kontretens	Kontreten	Kontretenes	Kontrettens	Kontrèetens	4.227042198181152
Erzbandspold	Erzbandspoldes	Erzbandspoldes	Erzbandspolds	Erzbandspolden	Erzbandspold	ErzbandspoldesÜs	6.315484523773193
Bilbel	Bilbels	Bilbels	Bilbel	BilbelsBilbes	Bilbeln	BilbelsBilbels	3.2993264198303223
Autsagen	Autsagens	Autsagens	Autsagenes	AutsagensQuts	Autsagens.s	Autsagen	4.527736186981201
Faltsechen	Faltsechens	Faltsechens	FaltsechensFaltes	Faltsechen	Faltsechens.s	FaltsechensFalts	4.824087142944336
Herreisen	Herreisens	Herreisens	Herreisen	Herreisenes	Herreisensés	Herreisens.s	4.625072479248047
Auber	Auber	Aubers	Auber	Aubern	Auberes	Auberubs	3.0066945552825928
Hein	Heines	Heines	Heins	Hein	HeinesHes	Heinen	2.8031675815582275
Poten	Potens	Potens	Poten	PotensPotes	Potenes	PotensPoten	2.7640445232391357
Ase	Ase	Ase	Asen	Ases	Assen	Aseen	1.901740550994873
Bemautleche	Bemautleche	Bemautleche	Bemautlechen	Bemautleches	Bemautlechhe	Bemautlecheè	4.65994119644165
Abtos	Abtos	Abtos	Abtoses	Abtosses	Abtostes	AbtosOes	3.090494394302368
Kellen	Kellens	Kellens	KellensKes	Kellensés	Kellenes	KKellens	3.1541600227355957
Hergerbitter	Hergerbitters	Hergerbitters	Hergerbitter	HergerbittersBes	Hergerbittersès	Hergerbitterus	5.9694366455078125
Garnester	Garnesters	Garnesters	Garnester	Garnestern	Garnesterdes	GarnesterXs	4.674924850463867
Sent	Sentes	Sentes	Sent	Sents	Senten	Sentesés	3.1769096851348877
Guhmerkorp	Guhmerkorps	Guhmerkorps	Guhmerkorpes	Guhmerkorpen	Guhmerkorp	GuhmerkorpÄs	5.844353199005127
Fertus	Fertus	Fertus	Fertusses	Fertuses	FertusFes	FertusOes	2.8352882862091064
Albstoff	Albstoffes	Albstoffes	Albstoffs	AlbstoffesH	Albstoffesb	AlbstoffesQ	4.512348651885986
Brett	Brettes	Brettes	Bretts	BrettesBres	Brett	Bretten	3.414702892303467
Spotkel	Spotkels	Spotkels	Spotkel	SpotkelsLs	Spotkelsés	Spotkeln	3.55607271194458
Erdstregt	Erdstregtes	Erdstregtes	Erdstregt	Erdstregts	Erdstregten	Erdstregtfes	5.318770885467529
Erstopf	Erstopfes	Erstopfes	Erstopfs	ELrstopfes	Erstopffes	ErstopfesH	4.060252666473389
Ethupper	Ethuppers	Ethuppers	Ethupper	Ethuppershes	Ethuppern	EthupperEs	3.767493724822998
Magut	Magut	Magut	Magutes	Maguts	MagutesHagutes	Maguttes	3.3441970348358154
Brätute	Brätute	Brätute	Brätuten	Brätutes	Bätutute	BrätuteB	3.371469020843506
Beschlang	Beschlanges	Beschlanges	Beschlangs	Beschlang	BeschlangesLs	BeschlangesBs	4.882044315338135
Kissereiten	Kissereitens	Kissereitens	KissereitensHissens	Kissereiten	KissereitensQes	KissereitensUs	5.33510160446167
Hintenkospern	Hintenkospernes	Hintenkospernes	Hintenkosperns	Hintenkospern	Hintenkospernwes	HintenkospernFes	7.314479351043701
Aterin	Aterin	Aterin	Aterins	Aterines	Aterings	AterinAs	3.200289726257324
Kleckung	Kleckung	Kleckung	Kleckungkes	Kleckungen	Klecàkung	Kleckungs	3.8447821140289307
Andeine	Andeine	Andeine	Andeinen	Andeinten	Andeines	AndeineO	3.217986822128296
Ferbelei	Ferbelei	Ferbelei	Ferbelexes	Ferbeleis	Ferbeleißes	Ferbeleif	3.7507705688476562
Braus	Brauses	Brauses	Braus	BrausesBraus	BrausKraus	Brausses	3.306497812271118
Karde	Karde	Karde	Karden	Kardes	Kardenés	Kardens	2.8015494346618652
Geland	Gelandes	Gelandes	Geland	Gelanden	Gelands	Gelandesés	3.73193621635437
Botogratome	Botogratomens	Botogratomens	Botogratome	Botogratomen	Botogratomes	BotogratomensBotomens	5.891158580780029
Kande	Kande	Kande	Kanden	Kandes	Kandens	KandeK	3.024522066116333
Krösel	Krösels	Krösels	Krösel	KröselsBrös	Kröseln	KröselLs	3.297457695007324
Kläuse	Kläuse	Kläuse	Kläusen	Kläuses	Kläusten	Kläuseß	2.836632490158081
Hallstolde	Hallstolde	Hallstolde	Hallstolden	Hallstoldes	Hallstollde	Hallstoldsen	4.421306133270264
Schwerde	Schwerde	Schwerde	Schwerden	Schwerdes	Schwerdecs	Schwerrde	3.9833881855010986
Aphen	Aphens	Aphens	Aphenes	Aphen	Aphenges	Aphensés	3.6626832485198975
Arbertrabe	Arbertrabe	Arbertrabe	Arbertraben	Arbertrabes	Arbertrabte	ArbertrabeÄ	4.60027551651001
Sondhernschiff	Sondhernschiffes	Sondhernschiffes	Sondhernschiffs	Sondhernschiff	Sondhernschiffesqh	Sondhernschifffes	7.081477642059326
Kuchslen	Kuchslens	Kuchslens	Kuchslenes	Kuchslens.s	Kuchslensés	Kuchslen	4.3514404296875
Belug	Beluges	Beluges	Belugs	BelugesBes	Belug	Beluöges	3.169250726699829
Henkreckem	Henkreckems	Henkreckems	Henkreckemes	Henkreckem	Henkreckemms	HenkreckemsHs	5.489833354949951
Prandstoff	Prandstoffes	Prandstoffes	Prandstoffs	Prandstofftes	Prandstofffes	PrandstoffesP	5.598283767700195
Exiserstürge	Exiserstürge	Exiserstürge	Exiserstürgen	Exiserstürges	ExiserstürgRe	Exiserstürgeß	5.151209354400635
Absettor	Absettors	Absettors	Absettor	Absettoren	AbsettorsQes	AbsettorsH	4.1004838943481445
Keitrers	Keitrerses	Keitrerses	Keitrers	Keitrersen	Keitrersses	Keitrerstes	4.475489139556885
Gehlütte	Gehlütte	Gehlütte	Gehlütten	Gehlüttes	GehlütteG	Gehlüttße	3.819864273071289
Blitag	Blitages	Blitages	Blitags	Blitäges	Blitagesés	BlitagIs	3.6974475383758545
Fahngitzstein	Fahngitzsteines	Fahngitzsteines	Fahngitzsteins	Fahngitzstein	FahngitzsteinesF	FahngitzsteinesH	6.649035930633545
Krinderkauseschwürde	Krinderkauseschwürde	Krinderkauseschwürde	Krinderkauseschwürdes	Krinderkauseschwürden	Krinderkauseschwürrde	KrinderkausescHwürde	8.563880920410156
Eisenschwurmträffung	Eisenschwurmträffung	Eisenschwurmträffung	Eisenschwurmträffungfes	Eisenschwurmträfung	EisenschwurmträffungR	Eisenschwurmträffungs	8.43681812286377
Michtaten	Michtatens	Michtatens	Michtaten	Michtatensés	Michtatens.s	Michtatenes	4.437259197235107
Karsumm	Karsummes	Karsummes	Karsumms	KarsummesQumes	KarsummesKa	KarsummesLs	3.9348883628845215
Bemand	Bemandes	Bemandes	Bemand	Bemands	Bemanden	BemandesBes	4.117289066314697
Arfell	Arfells	Arfells	Arfelles	Arfell	Arfelltes	ArfellsHrfes	4.158700942993164
Bättigung	Bättigung	Bättigung	Bättigungen	BättigungOs	Bättigunos	Bättigungs	3.827059268951416
Anstotenstampf	Anstotenstampfes	Anstotenstampfes	Anstotenstampfs	Anstotenstampf	Anstotenstampffes	AnstotenstampfesLs	7.029603004455566
Schleichlasen	Schleichlasens	Schleichlasens	Schleichlasen	Schleichlasensés	SchleichlasensBs	Schleichlastens	6.446161270141602
Hähen	Hähens	Hähens	HähensHähes	HähensZähes	Hähenséhs	Hähens.s	2.913198471069336
Borten	Bortens	Bortens	BortensHortes	BortensBortes	Bortensértes	BortensBortens	3.2711069583892822
Herrsorm	Herrsormes	Herrsormes	Herrsormen	Herrsorms	Herrsorm	HerrsormeLs	4.943147659301758
Plom	Ploms	Ploms	Plomes	Plomen	Plomesés	PlomPs	3.3370516300201416
Apf	Apfes	Apfes	Apfs	ApfesYpfes	Apfesxes	Äpfes	2.437845230102539
Pformal	Pformals	Pformals	Pformales	Pformal	Pformalfes	PformalPs	4.188138961791992
Abertstage	Abertstage	Abertstage	Abertstagen	Abertstages	AbertstageÄ	Abertstagef	4.715301990509033
Schalzunge	Schalzunge	Schalzunge	Schalzungen	Schalzunges	Schalzungecs	SchalzungeW	5.560235500335693
Promiken	Promikens	Promikens	Promikenes	Promikensés	Pkromikens	Promikkens	4.11284065246582
Pfesophas	Pfesophases	Pfesophases	Pfesophasses	Pfesophas	Pfesophasten	PfesophasesQ	4.581973075866699
Komperation	Komperation	Komperation	Komperations	KomperationKo	Komperationf	Komperationen	4.698131084442139
Schwögelbelze	Schwögelbelze	Schwögelbelze	Schwögelbelzen	Schwögelbelzens	Schwögelbelzeges	Schwögelbelzes	5.761290550231934
Behark	Beharkes	Beharkes	Beharks	Beharken	BeharkesLs	BeharkesB	4.06694221496582
Phäuserstift	Phäuserstiftes	Phäuserstiftes	Phäuserstifts	Phäuserstift	Phäuserstiften	Phäuserstiftesqäus	6.654630184173584
Schnürzer	Schnürzers	Schnürzers	Schnürzer	Schnürzersos	SchnürzersH	SchnürzerÜs	4.512528419494629
Stinde	Stinde	Stinde	Stinden	Stindes	StindeI	StindeÜ	3.2754080295562744
Kreise	Kreise	Kreise	Kreisen	Kreises	Kreisten	Köreise	2.729940891265869
Fürns	Fürnses	Fürnses	Fürns	Fürnsses	Fürnsen	FürnsesQürns	3.4223198890686035
Schweifstoff	Schweifstoffes	Schweifstoffes	Schweifstoffs	Schweifstofftes	Schweifstofffes	SchweifstoffesS	7.055684566497803
Ergenweng	Ergenwenges	Ergenwenges	Ergenwengs	Ergenweng	ELrgenwenges	Ergenwengen	4.787807464599609
Eter	Eters	Eters	Eter	Eteres	Eterses	EtersEtes	2.762294054031372
Sypfe	Sypfe	Sypfe	Sypfen	Sypfes	SypfRe	Sypffe	2.1567609310150146
Homeris	Homeris	Homeris	Homerisses	HomerisHen	Homerissen	Homeriden	3.0544674396514893
Satzungsbürter	Satzungsbürters	Satzungsbürters	Satzungsbürter	Satzungsbürtersdes	SatzungsbürtersBa	Satzungsbürtersè	6.734821796417236
Bleugerwort	Bleugerwortes	Bleugerwortes	Bleugerworts	Bleugerwort	BleugerwortesB	Bleugerwortesè	5.172685146331787
Popfe	Popfe	Popfe	Popfen	Popfes	PopfenLopfen	PopfeP	2.991713047027588
Fitel	Fitels	Fitels	Fitel	Fiteles	Fiteln	Fitelsés	2.8160808086395264
Krotaneleit	Krotaneleit	Krotaneleit	Krotaneleiten	Krotaneleits	Kkrotaneleit	KKrotaneleit	4.819223880767822
Knämmter	Knämmters	Knämmters	Knämmter	KnämmtersBn	KnämmterÜs	Knämmtters	4.012852668762207
Gosest	Gosestes	Gosestes	Gosests	Gosest	Gosesten	GosestesH	3.577704668045044
Exid	Exids	Exids	Exides	Exidsxes	Exidsés	Exidus	3.0870931148529053
Pern	Pernes	Pernes	Perns	Pern	PernesPes	Pernesérnes	3.0023181438446045
Kormen	Kormens	Kormens	KormensKormens	KormensHormens	Kormenes	KormensKormensKormens	3.4948363304138184
Prachtel	Prachtel	Prachtel	Prachtels	Prachteln	Prachteles	PracPhtels	4.28033971786499
Alister	Alisters	Alisters	Alister	AlistersBli	Alistersè	AlistersH	3.749749183654785
Mählung	Mählung	Mählung	Mählungen	MählunMähes	MählunMähs	MählungI	3.1770339012145996
Molkor	Molkors	Molkors	Molkores	Molkoren	Molkorsés	MolkorsLo	2.9834489822387695
Erdung	Erdung	Erdung	Erdungen	Erdungfes	ErdungEn	Errdung	2.9154064655303955
Artielung	Artielung	Artielung	Artielungen	ArtielungEn	Artielungs	ArtielungR	4.380739688873291
Fullläge	Fullläge	Fullläge	Fulllägen	Fullläges	FulllägRe	FulllägeZs	3.730766534805298
Stelfes	Stelfes	Stelfes	Stelfesses	Stelfestes	StelfesSes	Stelfeses	3.3104422092437744
Sauste	Sauste	Sauste	Sausten	Saustes	SaustCe	SausteÄ	2.680055618286133
Fieg	Fieges	Fieges	Fiegs	FiegesHies	FiegesLies	Fiegesés	2.874263286590576
Greckkemper	Greckkempers	Greckkempers	Greckkemper	Greckkemperns	Greckkempern	GreckkemperÄs	5.786744594573975
Grich	Griches	Griches	Grichs	Grichen	Grich	GricKhes	3.5303854942321777
Ankoroniersen	Ankoroniersens	Ankoroniersens	Ankoroniersen	Ankoroniersens.s	Ankoroniersensés	AnkoroniersensÄs	5.959582328796387
Kelle	Kelle	Kelle	Kellen	KelleQen	Kelles	KKelle	2.071474313735962
Ersuttletter	Ersuttletters	Ersuttletters	Ersuttletter	Ersuttlettersès	ErsuttlettersBs	Ersuttletterus	5.5932440757751465
Knitter	Knitters	Knitters	Knitter	KnittersBn	Knittern	Knittersè	3.8168795108795166
Hährer	Hährers	Hährers	HährersPährs	HährersHährs	HährersZähres	HährersWährs	3.3912510871887207
Kollodent	Kollodenten	Kollodenten	Kollodents	Kollodentes	KollodentenL	KollodentenG	4.487344264984131
Minager	Minagers	Minagers	MinagersBinages	MinagersBinags	Minager	MinagersBinagers	3.9201502799987793
Akron	Akrons	Akrons	Akrones	Akron	AkronsYkrons	Akronen	3.631208658218384
Alstricker	Alstrickers	Alstrickers	Alstricker	Alstrickersos	AlstrickersQ	AlstrickersZ	4.810083389282227
Antentelzein	Antentelzeines	Antentelzeines	Antentelzeins	Antentelzein	Antentelzeinten	AntentelzeinAs	6.647465229034424
Austrafl	Austrafl	Austrafl	Austrafles	Austrafls	Austraflus	Austraflüs	4.331273555755615
Krackelkrempe	Krackelkrempe	Krackelkrempe	Krackelkrempen	Kkrackelkrempe	Krackelkrempte	Krackelkrempes	5.312352657318115
Handschäfung	Handschäfung	Handschäfung	HandscPhäfung	Handscvhäfung	HandschäfungR	HandschäfungO	4.835452079772949
Hamsen	Hamsens	Hamsens	Hamsen	Hamsensés	Hamsens.s	HamsensHams	3.4389824867248535
Schablerin	Schablerin	Schablerin	Schablerinnen	Schablerins	Schablerinfs	SchablerinLs	4.621870040893555
Minnel	Minnel	Minnel	Minnels	Minneln	Minneles	Minnelmes	3.5364127159118652
Geschaffand	Geschaffandes	Geschaffandes	Geschaffands	Geschaffand	GeschaffandesÜfan	GeschaffandesGs	5.77006721496582
Erer	Erers	Erers	Erer	ErersErs	Ereres	Ererses	2.939363718032837
Gehädsberer	Gehädsberers	Gehädsberers	GehädsberersGes	GehädsberersHes	GehädsberersWes	GehädsberersUs	5.505117893218994
Prankstel	Prankstels	Prankstels	Prankstel	Pranksteln	Pranksteles	Prankstelses	4.396565914154053
Herdionin	Herdionin	Herdionin	Herdionins	Herdionines	Hekioninin	Herdionids	3.9819083213806152
Gabter	Gabters	Gabters	Gabter	GabtersBabtes	GabtersHab	GabtersPab	3.1176421642303467
Eigninne	Eigninne	Eigninne	Eigninnen	Eigninnes	EigninneE	EigninneÜ	3.4315690994262695
Sulelist	Sulelisten	Sulelisten	Sulelidsten	SulelistenL	SulelistenS	SulelistenH	3.844367027282715
Hassenticht	Hassentichtes	Hassentichtes	Hassentichts	Hassenticht	HassentichtesHas	Hassentichtesés	5.334987640380859
Klaultlis	Klaultlis	Klaultlis	Klaultlisses	Klaultlises	Klaultlisten	KlaultlissesÜis	4.520784854888916
Sossonstion	Sossonstion	Sossonstion	Sossonstions	Sossonstiones	Sossonstidon	Sossonstionf	5.148465633392334
Marel	Marel	Marel	Marels	Mareles	Mareln	Marelen	3.2448337078094482
Fläng	Flänges	Flänges	Flängs	Flängesés	Flängesqlän	Flängesqes	3.3193042278289795
Spernsent	Spernsenten	Spernsenten	Spernsentes	Spernsents	Spernsent	SpernsenteL	5.469005107879639
Altelkeit	Altelkeit	Altelkeit	Altelkeiten	Altelkeits	Altelkeitf	AltelkeitL	4.225681304931641
Sulkor	Sulkors	Sulkors	Sulkores	SulkorsBulkors	Sulkorsés	SulkorsBulkorsBulkors	3.173983573913574
Elell	Elells	Elells	Elelles	Elell	Elellses	Elellges	3.374119758605957
Gelwersten	Gelwerstens	Gelwerstens	Gelwerstenes	Gelwersten	GelwerstenFs	GelwerstensHes	4.985299110412598
Hüngt	Hüngt	Hüngt	Hüngtes	Hüngts	HüngtesHüngtes	Hüngten	2.7061314582824707
Mirbelbus	Mirbelbus	Mirbelbus	Mirbelbusses	Mirbelbuses	MirbelbusOses	MirbelbussesÜbus	4.660241603851318
Honspack	Honspackes	Honspackes	Honspacks	Honspacktes	Honspacken	HonspackHes	4.902188777923584
Spichtschin	Spichtschin	Spichtschin	Spichtschins	Spichtschinnen	Spichtschines	Spichtschids	5.157906532287598
Haberbalinit	Haberbalinits	Haberbalinits	Haberbalinites	HaberbalinitsHalis	Haberbalinitts	Haberbalinitso	5.614192485809326
Brempe	Brempe	Brempe	Brempen	Brempes	Brempte	Brempens	3.0068202018737793
Seleroge	Selerogen	Selerogen	Seleroge	Seleroges	Selerogens	Seleroogen	4.042115688323975
Brechnen	Brechnens	Brechnens	BrechnensBres	Brechnens.s	Brechnensés	BrechnensH	4.314615726470947
Säucht	Säucht	Säucht	Säuchtes	Säuchten	Säuchts	SäucXtes	3.0109245777130127
Kelgkeil	Kelgkeiles	Kelgkeiles	Kelgkeils	KelgkeilesQkeiles	Kelgkeil	KelgkeilesH	4.6319074630737305
Schnützung	Schnützung	Schnützung	Schnützungfes	Schnützungen	Schnützunges	SchnützungR	4.21596622467041
Glungstoffer	Glungstoffers	Glungstoffers	GlungstoffersBlungs	GlungstoffersGlungs	Glungstoffer	GlungstoffersBlungstofes	5.0948405265808105
Priomin	Priomin	Priomin	Priomins	Priomines	Priominnen	Priominen	3.7940995693206787
Gewühre	Gewühres	Gewühres	Gewühre	Gewühren	Gewührees	Gewühree	4.150484561920166
Apftif	Apftifs	Apftifs	Apftifes	Apftif	Apftiffes	Apftifses	3.889756917953491
Scylanel	Scylanels	Scylanels	Scylanel	Scylaneles	SIcylanels	Scylanelso	4.40671968460083
Polosentent	Polosententen	Polosententen	PolosententenLolos	Polosententes	Polosententens	Polosentents	5.127521514892578
Morachte	Morachte	Morachte	Morachten	Morachtes	Morachtecs	Morachtte	3.605051040649414
Fönkone	Fönkonen	Fönkonen	Fönkone	Fönkonenven	Fönkones	Fönkonens	3.662370204925537
Altisprot	Altisprotes	Altisprotes	Altisprots	Altisproten	Altisprot	AltisprotKes	5.334592342376709
Feire	Feire	Feire	Feiren	Feires	Feiree	FeireF	2.7285962104797363
Harrs	Harrses	Harrses	Harrs	Harrsses	Harrsen	Harrstes	3.0265228748321533
Bursenwerz	Bursenwerzes	Bursenwerzes	Bursenwerz	BursenwerzesQurs	BursenwerzesBurs	Bursenwerzesès	5.153298854827881
Gücher	Güchers	Güchers	GüchersGüches	GüchersBüches	GüchersHüches	Gücher	3.5877881050109863
Blecke	Blecke	Blecke	Blecken	Bleckes	Bleckse	Bleckeß	3.3450088500976562
Klieglitter	Klieglitters	Klieglitters	Klieglitter	KlieglittersQlites	KlieglittersZs	Klieglitterus	5.066864967346191
Marbormites	Marbormites	Marbormites	Marbormiteses	Marbormitess	Marbormitest	Marbormittes	5.0961594581604
Beträust	Beträustes	Beträustes	Beträust	Beträusts	Beträusten	BeträustesB	4.550790309906006
Exister	Existers	Existers	Exister	ExisterEs	Existersè	ExistersH	3.3979387283325195
Allengenstragt	Allengenstragt	Allengenstragt	Allengenstragtes	Allengenstragts	Allengenstragtfes	Öllengenstragt	6.324947834014893
Kichselmits	Kichselmitses	Kichselmitses	Kichselmits	Kichselmitsses	Kichselmitsxes	KichselmitsFes	5.26130485534668
Blenst	Blenstes	Blenstes	Blenst	Blensts	Blensten	Blenstesés	4.148835182189941
Berauf	Beraufes	Beraufes	Beraufs	BeraufesLs	BeraufesB	BeraufesH	3.2331864833831787
Karsen	Karsens	Karsens	KarsensHars	Karsen	Karsensés	Karsens.s	3.177908182144165
Aumergeldat	Aumergeldats	Aumergeldats	Aumergeldates	Aumergeldat	AumergeldatesHumerges	AumergeldatesAumerges	6.056628227233887
Anduck	Anduckes	Anduckes	Anducks	AnduckesQucks	AnduckesQuckes	Anducktes	3.9510557651519775
Asandem	Asandems	Asandems	Asandemes	Asandem	Asandemen	Asandemms	3.840449333190918
Minstabat	Minstabats	Minstabats	Minstabates	Minstabatts	Minstabattes	Minstabat	5.115431785583496
Bliefente	Bliefente	Bliefente	Bliefenten	Bliefentes	Blieffente	Bliefentef	4.193720817565918
Gorbstorkane	Gorbstorkane	Gorbstorkane	Gorbstorkanen	Gorbstorkanten	Gorbstorkanes	GorbstorkanLe	5.500093936920166
Haldaurinagerin	Haldaurinagerin	Haldaurinagerin	Haldaurinagerins	Haldaurinagerinnen	Haldaurinagerinfs	Haldaurinagerings	6.438814640045166
Silkar	Silkars	Silkars	Silkares	SilkarsYilka	SilkarsSilka	SilkarsBilka	3.601006269454956
Meißlisiermarstor	Meißlisiermarstors	Meißlisiermarstors	Meißlisiermarstor	Meißlisiermarstoren	Meißlisiermaarstors	MeißlisiermarstorsQ	7.292856693267822
Mitkeilin	Mitkeilins	Mitkeilins	Mitkeilin	Mitkeilines	Mitkeilings	MitkeilinXs	4.3443284034729
Beter	Beters	Beters	Beter	BetersBes	BetersHes	Betern	3.0711257457733154
Kelker	Kelkers	Kelkers	KelkersBes	KelkersPes	Kelker	Kelkersés	2.963618755340576
Hormation	Hormation	Hormation	Hormations	Hormationen	Hormatuion	Hormationf	3.770408868789673
Genenstecker	Genensteckers	Genensteckers	Genenstecker	GenensteckersBes	GenensteckersGes	GenensteckersZes	5.8463826179504395
Friffer	Friffers	Friffers	FriffersBrifes	Friffer	Frifffers	FriffersLs	4.147167205810547
Apinier	Apiniers	Apiniers	Apinieres	Apinier	Apiniersés	Apiniersè	3.6920177936553955
Ausilbeler	Ausilbelers	Ausilbelers	AusilbelersAus	AusilbelersHus	Ausilbeler	Ausilbelersos	5.116850852966309
Krichklindid	Krichklindids	Krichklindids	Krichklindides	Krichklindidsxes	Krichklindidses	Krichklindid	6.097359657287598
Klottankation	Klottankation	Klottankation	Klottankations	Klottankatidon	Klottankationf	KlottankationL	5.713332653045654
Krenkel	Krenkels	Krenkels	Krenkel	Krenkelses	Krenkelsés	KrenkelsLs	3.5953571796417236
Autorbole	Autorbole	Autorbole	Autorboles	Autorbolen	Autorboleten	Autorbolten	4.032386779785156
Stauchen	Stauchens	Stauchens	Stauchensés	Stauchens.s	Stauchen	StauchensS	3.7950615882873535
Steiner	Steiners	Steiners	Steiner	SteinersS	SteinersW	Steinersos	3.7272603511810303
Altstumm	Altstummes	Altstummes	Altstumms	Altstummus	Altstumm	AltstummAs	4.6861252784729
Bahreinheit	Bahreinheit	Bahreinheit	Bahreinheiten	Bahreinheitf	Bahreinheits	Bähreinheit	4.877719402313232
Siesegoratat	Siesegoratats	Siesegoratats	Siesegoratates	Siesegoratat	Siesegorataten	Siesegoratatts	6.355299949645996
Elatole	Elatole	Elatole	Elatolen	Elatoles	Elatolten	ElatoleP	3.3744900226593018
Ponetachste	Ponetachste	Ponetachste	Ponetachsten	Ponetachstes	Ponetachstte	PonetacPhste	5.090176105499268
Fütkleite	Fütkleite	Fütkleite	Fütkleiten	Fütkleites	Fütkleitef	FütkleiteP	3.6092867851257324
Grachbauer	Grachbauers	Grachbauers	Grachbauer	GrachbauersBraues	GrachbauersGs	Gkrachbauers	4.898339748382568
Alllahl	Allahl	Allahl	Allahls	Allahles	Allahlfes	Allahltes	3.773773193359375
Atstäger	Atstägers	Atstägers	AtstägersBAtäges	Atstäger	Atstägersè	AtstägersW	3.648469924926758
Staft	Staftes	Staftes	Staft	Staften	Stafts	Staftfes	3.2666563987731934
Helternei	Helternei	Helternei	Helterneis	HÜelternei	HelterneiL	Helternezi	4.034754276275635
Sarbauschungsgrette	Sarbauschungsgrette	Sarbauschungsgrette	Sarbauschungsgretten	Sarbauschungsgrettes	Sarbauschungsgrettke	SarbauschunSsgrette	8.20422077178955
Erstutsck	Erstutsckes	Erstutsckes	Erstutscks	ErstutsckesQuts	Ekrstutsckes	ELrstutsckes	5.118447303771973
Statur	Statur	Statur	Staturs	Staturen	Statukes	Statururs	2.658141613006592
Abstand	Abstandes	Abstandes	Abstand	Abstands	AbstandesLs	Abstandesè	4.16087532043457
Heintemaus	Heintemauses	Heintemauses	Heintemaus	Heintemaustes	HeintemausFes	Heintemausses	5.437589645385742
Humonerheid	Humonerheides	Humonerheides	Humonerheids	HumonerheidesHumon	Humonerheid	Humonerheiden	5.752179145812988
Spirt	Spirtes	Spirtes	Spirten	Spirts	Spirt	Spirtesés	3.9464356899261475
Bließer	Bließers	Bließers	BließersBließes	Bließer	BließersBließ	Bließxers	3.2274363040924072
Eptogroff	Eptogroffes	Eptogroffes	Eptogroffs	Eptogroffesqrofes	Eptogroffesqrofs	Eptogrofffes	5.081377029418945
Kliesen	Kliesens	Kliesens	Kliesen	Kliesensés	Kliesens.s	Kliesenes	3.6996593475341797
Hompotherikater	Hompotherikaters	Hompotherikaters	Hompotherikater	HompotherikatersBo	Hompotherikatters	Hompotherikatrers	7.085846900939941
Gasthinsan	Gasthinsans	Gasthinsans	Gasthinsanes	Gasthinsan	Gasthinsantes	GasthinsansGas	5.209861755371094
Hiopfer	Hiopfers	Hiopfers	Hiopfer	Hiopfersés	HiopfersH	HTiopfers	3.5772409439086914
Kelkommer	Kelkommers	Kelkommers	Kelkommer	Kelkommeres	Kelkommern	KelkommerÜs	4.083597183227539
Austrein	Austreines	Austreines	Austreins	AustreinesQuein	AustreinesQueins	Austrein	4.646865367889404
Absorkinierstoffelhöse	Absorkinierstoffelhöses	Absorkinierstoffelhöses	Absorkinierstoffelhöse	Absorkinierstoffelhösen	Absorkinierstoffelhösers	AbsorkinierstoffelhöseP	9.968173027038574
Schinsenwärze	Schinsenwärze	Schinsenwärze	Schinsenwärzen	Schinsenwärzes	Schinsenwärzeß	ScSinsenwärze	5.914303779602051
Sillenworme	Sillenworme	Sillenworme	Sillenwormens	Sillenwormen	SillenwormensYille	Sillenwormes	5.119937896728516
Bemesensistel	Bemesensistels	Bemesensistels	Bemesensistel	Bemesensistelns	BemesensistelsBes	Bemesensistelus	6.602167129516602
Schnügenbüsster	Schnügenbüssters	Schnügenbüssters	Schnügenbüsster	Schnügenbüsstern	SchnügenbüsstersBüs	Schnügenbüsstersdes	7.458289623260498
Mrommascher	Mrommaschers	Mrommaschers	MrommaschersBrommas	Mrommascher	MrommaschersQmas	MrommaschersZs	5.332518100738525
Freistug	Freistuges	Freistuges	Freistugs	Freistug	FreistugFes	Freistuoges	5.439112186431885
Bitter	Bitters	Bitters	Bitter	BittersBites	BittersHites	BittersHiten	3.383612871170044
Flauestin	Flauestin	Flauestin	Flauestins	Flauestinnen	Flauestines	Flaußestin	4.252065181732178
Altel	Altel	Altel	Altels	Alteles	Alteln	Altelus	3.2930476665496826
Stoffkömme	Stoffkömme	Stoffkömme	Stoffkömmen	Stoffkömmens	Stoffkömmes	StoffkömmeNs	4.058121681213379
Bonel	Bonels	Bonels	Bonel	Boneles	BonelsBones	Boneln	2.86250901222229
Statentikaue	Statentikaue	Statentikaue	Statentikauen	Statentikaues	Statentikaute	Statentikäues	5.444645881652832
Bloch	Bloches	Bloches	BlochesBloches	Blochs	Blöches	BlochesLs	3.334486484527588
Pieler	Pielers	Pielers	PielersPies	PielersIies	PielersIien	PielersPien	3.2277235984802246
Bricke	Bricke	Bricke	Bricken	Brickes	BrickeÄ	Brickee	3.192002058029175
Klaubbrotis	Klaubbrotis	Klaubbrotis	Klaubbrotisses	Klaubbrotids	KlaubbrotissesQubbbrotis	Klaubbrotises	4.948884010314941
Gälde	Gälde	Gälde	Gälden	Gäldes	GäldenGälden	GäldenGälde	2.7557373046875
Spolkernagscheit	Spolkernagscheit	Spolkernagscheit	Spolkernagscheiten	SpolkernagscDheit	Spolkernagsscheit	SpolkernagscHheit	7.198825359344482
Aberterkop	Aberterkops	Aberterkops	Aberterkopes	AberterkopesAberkops	Aberterkopen	Aberterkopos	5.673762321472168
Schlasiersing	Schlasiersings	Schlasiersings	Schlasiersinges	Schlasiersing	SchlasiersingYs	Schlasiersingsè	6.11079216003418
Eisokantschlissen	Eisokantschlissens	Eisokantschlissens	Eisokantschlissen	Eisokantschlissenes	Eisokantschlissens.s	Eisokantscvhlissens	8.156135559082031
Breckernas	Breckernases	Breckernases	Breckernasses	BreckernasesBres	Breckernas	Breckernastes	5.1898088455200195
Hontor	Hontors	Hontors	HontorsHontors	Hontores	Hontor	HontorsHontes	2.7590696811676025
Kurter	Kurters	Kurters	Kurter	KurtersHurtes	KurtersBurtes	KurtersHurten	3.4894773960113525
Spard	Spardes	Spardes	Spard	Sparden	Spards	Spardesés	3.3709259033203125
Balzer	Balzers	Balzers	BalzersBalzes	Balzer	BalzersBalzesBalzers	Balzersés	3.404691219329834
Birker	Birkers	Birkers	BirkersBirkes	BirkersLirkes	BirkersBirkesBirkers	Birkersés	3.2472915649414062
Steistel	Steistels	Steistels	Steistel	Steisteln	Steisteldes	Steeistels	4.208477020263672
Antore	Antore	Antore	Antoren	Antores	Antoree	Antorte	2.600443124771118
Krimme	Krimme	Krimme	Krimmen	Krimmes	KrimmeQen	Krimmens	3.0286691188812256
Scheutrigkemm	Scheutrigkemms	Scheutrigkemms	Scheutrigkemmes	Scheutrigkemmos	Scheutrigkemm	ScheutrigkemmZs	7.059847831726074
Bewinest	Bewinestes	Bewinestes	Bewinests	Bewinest	Bewinesten	BewinestesB	4.870800018310547
Präuter	Präuters	Präuters	Präuter	PräutersBräuters	PPräuters	PLräuters	3.750394582748413
Kulden	Kuldens	Kuldens	KuldensKuldes	KuldensHuldes	Kulden	KuldensHuldens	3.2870988845825195
Aptein	Apteins	Apteins	Apteines	Aptein	Apteinos	Apteinesés	4.313003063201904
Kale	Kale	Kale	Kalen	Kales	KalenKa	Kaleen	2.718144655227661
Fattor	Fattors	Fattors	Fattor	Fattoren	FattorsBa	FattorsHa	2.97578501701355
Kalalonie	Kalalonie	Kalalonie	Kalalonies	Kalalonien	Kalalonieges	KalaloniBs	3.538818359375
Sarbeis	Sarbeises	Sarbeises	Sarbeis	Sarbeisses	SarbeisesS	SarbeisesQ	4.116835117340088
Frins	Frinses	Frinses	Frins	Frinsses	FrinsesQrins	Frinsen	3.375577688217163
Knors	Knorses	Knorses	Knors	Knorsses	Knorsen	KnorsesQn	3.2084786891937256
Krungum	Krungums	Krungums	Krungumes	Krungum	KKrungums	Krungumsè	3.9951717853546143
Klottschiffe	Klottschiffe	Klottschiffe	Klottschiffen	Klottschiffes	Klottschiffte	KlottschiffeNs	5.40872859954834
Autlett	Autlettes	Autlettes	Autletts	Autletten	AutlettesH	AutlettesQu	4.197666645050049
Ferdium	Ferdiums	Ferdiums	Ferdiumes	Ferdiumsés	Ferdium	Ferrdiums	3.764021635055542
Sechter	Sechters	Sechters	Sechter	SechtersBes	Sechtern	SechtersS	4.1640424728393555
Brabe	Brabe	Brabe	Braben	Brabes	Brabens	BrabenBrabe	2.7648518085479736
Stopfenkroffe	Stopfenkroffe	Stopfenkroffe	Stopfenkroffen	StopfenkroffeNs	Stopfenkroffes	Stopfenkroffte	5.4821929931640625
Kloste	Kloste	Kloste	Klosten	Klostes	KlostÄe	Klostye	2.774646520614624
Greuser	Greusers	Greusers	Greuser	GreusersBres	Gkreusers	GreGusers	3.88962459564209
Knastwalten	Knastwaltens	Knastwaltens	Knastwalten	Knastwaltenes	KnastwaltensUs	Knastwaltens.s	5.160036563873291
Schlauen	Schlauens	Schlauens	Schlauensés	Schlauens.s	Schlautens	Schlauen	4.499271392822266
Müchelbreit	Müchelbreit	Müchelbreit	Müchelbreiten	Müchelbreitf	Müchelbreits	MüchelbreitN	4.736576080322266
Stappiere	Stappiere	Stappiere	Stappieren	Stappieres	StappiereS	Stappiers	3.606616973876953
Beraucke	Beraucke	Beraucke	Beraucken	Berauckes	Berauckte	Berauckeß	3.8042712211608887
Aubenblaub	Aubenblaubes	Aubenblaubes	Aubenblaubs	AubenblaubesÜubes	Aubenblaubesés	AubenblaubesH	5.551609516143799
Appinatung	Appinatung	Appinatung	AppinatungEn	AppinatungOs	Appinatungs	AppinatungR	4.564680576324463
Bellern	Bellerns	Bellerns	Bellernes	Bellern	BellernXs	BellernIs	4.558250427246094
Flachtlor	Flachtlors	Flachtlors	Flachtlores	Flachtlor	FlachtlorsH	FlachtlorsW	4.452894687652588
Empferkohrie	Empferkohrie	Empferkohrie	Empferkohries	Empferkohrien	Empferkohriefs	Empferkohrids	4.9425859451293945
Erdlotiger	Erdlotigers	Erdlotigers	Erdlotiger	ErdlotigersZs	ErdlotigersH	ErdlotigersW	5.444312572479248
Sporte	Sporte	Sporte	Sporten	Sportes	Sportte	SporteÄ	2.75911545753479
Sindestitz	Sindestitzes	Sindestitzes	Sindestitztes	SindestitzesS	Sindestitzesè	SindestitzesQ	4.737902641296387
