src	greedy	beam_1	beam_2	beam_3	beam_4	beam_5	entropy
verlehlen	verlehle	verlehle	verlehlepe	verlehleY	verlehleI	verlehlePe	3.5311975479125977
forcken	forcke	forcke	forckeLe	forckeI	forckeY	forckep	2.6241371631622314
prondieren	prondiere	prondiere	prondiereBe	pkrondiere	prondiereY	prondiereI	3.9188449382781982
spurzen	spurze	spurze	spurzeQe	spurzepe	spurzePe	spuürze	2.4722707271575928
schrießen<UNK>ab	schrießeniabe	schrießeniabe	schrießensabe	schrießencabe	schrießenhabe	schrießennabe	7.1035871505737305
ebstürten	ebstürte	ebstürte	ebstürtere	Kebstürte	ebstüärte	ebstürteI	3.4813950061798096
krontaletieren	krontaletiere	krontaletiere	krontaletiereBe	krontaletiereQe	krontaletiereLe	Gkrontaletiere	4.918895721435547
denallten	denallte	denallte	denalltere	denallteWe	denalltre	denallteI	3.767071008682251
ergrättern	ergrättere	ergrättere	ergrätterexe	ergrättereU	ergrätterve	ergrättereQ	4.553715705871582
erfranken	erfranke	erfranke	erfrankeLe	erfrankze	erfrankeY	erfrankeBe	3.6493077278137207
erwieden	erwiede	erwiede	erwiedeLe	erwiedere	erwiedePe	erwiedeI	3.2850708961486816
freutigen	freutige	freutige	freutigeBe	freutigeKe	freutigeLe	freutigeP	3.6486265659332275
degatisieren	degatisiere	degatisiere	degatisiereBe	degatisiereGe	degatisiereY	degatisierey	4.56407356262207
verfrüschen	verfrüsche	verfrüsche	verfrüscheLe	verfrüscheße	verfrüscheBe	verfrüssche	4.602674961090088
vermarnen	vermarne	vermarne	vermarnere	vermarneY	vermarney	vermarnep	3.6372344493865967
entkopremen	entkopreme	entkopreme	entkopremeKe	entkopremePe	entkoprmeme	entkopremeÄ	4.79217529296875
verfunnen	verfunne	verfunne	verfunnere	verfunnze	verfunneY	verfunnepe	3.2651784420013428
berässen	berässe	berässe	berässeÖe	berässKe	berässej	berässeB	2.95816707611084
drappen	drappe	drappe	drappeLe	dkrappe	drappze	drappeI	2.428591012954712
kreigen	kreige	kreige	kreigeLe	kreigeBe	kreigePe	Gkreige	3.136752128601074
pulgen	pulge	pulge	pulgeLe	pulgeBe	pulgep	pulgeP	2.2434306144714355
frodionieren	frodioniere	frodioniere	fkrodioniere	frodioniereBe	frodioniereY	frodioniereU	4.781216621398926
erfucken	erfucke	erfucke	erfuckeße	erfuckeBe	erfuckeI	erfuckepe	3.235426425933838
speulen	speule	speule	speuleBe	speulve	speulye	speuleI	2.2695980072021484
ergreigen	ergreige	ergreige	ergreigeBe	ergreigeLe	ergreigeKe	ergreigePe	3.848173141479492
verschlöntigen	verschlöntige	verschlöntige	verschlöntigeBe	verschlöntigeLe	verschlöntigeÜe	verschlöntigeye	5.927870750427246
riffern	riffere	riffere	rifferere	rfiffere	riffereP	riffereB	2.990039587020874
spränten	spränte	spränte	spräntere	spräntze	spränteI	spräntep	3.113706111907959
verlenken	verlenke	verlenke	verlenkeLe	verlenkeBe	verlenkepe	verlkenke	3.5848028659820557
gefingen	gefinge	gefinge	gefingeLe	gefingeBe	gefingePe	gefingeGe	2.898975372314453
belenden	belende	belende	belendeKe	belendeLe	belendeI	belendeP	3.2987887859344482
verwörten	verwörte	verwörte	verwörtere	verwörteI	verwörteW	verwörteB	3.4294583797454834
staufieren	staufiere	staufiere	staufiereBe	stauffiere	staufQfere	staufLiere	3.9434659481048584
pritorieren	pritoriere	pritoriere	pritoriereBe	pkritoriere	pritoriereY	pritoriereI	4.055080890655518
gurrchen	gurrche	gurrche	gurrcheLe	gurreche	gurrcheI	gurrcheP	3.5363848209381104
fringen<UNK>finger	fringenrfingere	fringenrfingere	fringenefingere	fringengfingere	fringen-fingere	fringennfingere	8.657033920288086
flaustichen	flaustiche	flaustiche	flausticheLe	flausticheBe	flaustichöe	flausticheY	4.876469135284424
verschirmen	verschirme	verschirme	verschirmeße	verschirmeBe	verschirmeY	verschirmey	4.882091045379639
erstinkern	erstinkere	erstinkere	erstinkerere	erstinkereQt	erstinkereU	erstinkereP	4.663272857666016
erspitzen	erspitze	erspitze	erspitzeQpe	erspitzepe	erspfitze	erspàitze	3.7349042892456055
frösen	fröse	fröse	fröseQe	frösej	fröseB	frösey	2.13226318359375
verlüttigen	verlüttige	verlüttige	verlüttigeGe	verlüttigeBe	verlüttioge	verlüttiüge	3.953611373901367
extollaginieren	extollaginiere	extollaginiere	extollaginiereBe	extollaginiereye	extollaginiereLe	extollagkiniere	5.732150554656982
steinieren	steiniere	steiniere	steiniereBe	steiniereY	steiniereI	steiniereP	4.070616245269775
daueln	dauele	dauele	daugele	dauelve	dauelej	daueleP	2.7363860607147217
bestingen	bestinge	bestinge	bestingeBe	bestingeKe	bestingePe	bestingepe	3.2451491355895996
sarsselen	sarssele	sarssele	sarssGele	sarsseleY	sarsseleP	sarsseleBe	3.501903533935547
verzwürfen	verzwürfe	verzwürfe	verzwüärfe	verzwürffe	verzwürfeY	verzwürfeI	4.086762428283691
serleln	serlele	serlele	serlelere	serleleWe	serleleBe	serlelePe	3.1579341888427734
fluedigen	fluedige	fluedige	fluedigeKe	fluedigeLe	fluedigeße	fluedigePe	3.5482213497161865
erwangen	erwange	erwange	erwangeBe	erwangepe	erwangeI	erwangeP	3.1119134426116943
verblüssen	verblüsse	verblüsse	verblüssere	verblüsseße	verblüsseBe	verblüsseY	4.073587417602539
expärten	expärte	expärte	expärtere	expärteWe	Bexpärte	expärtxe	3.058762788772583
gestuchen	gestuche	gestuche	gestucheBe	gestucheLe	gestuchze	gestucheI	3.440856695175171
erwastern	erwastere	erwastere	erwasterere	erwastereP	erwastereè	wrwastere	3.823748826980591
schiffeln	schiffele	schiffele	schiffelexe	schiffelepe	schiffeleY	schiffeleP	3.7273683547973633
breißen	breiße	breiße	breißeQe	breißve	breißKe	breißeP	2.612252712249756
stindern	stindere	stindere	stinderere	stindereP	stindereI	stinderep	3.591550588607788
raufteln	rauftele	rauftele	raufteleQfe	raufteleBe	rauftelepe	rauftzele	3.4188125133514404
bewacken	bewacke	bewacke	bewackeLe	bewackeBe	bwewacke	bewackeI	3.4609761238098145
stüßen	stüße	stüße	stüßeQe	stüßve	stüßKe	stüßpe	2.1087915897369385
verziegen	verziege	verziege	verziegeBe	verziegeKe	verziegeGe	verziegePe	3.9112648963928223
brurstern	brurstere	brurstere	brursterere	brurstekre	brurstereP	brurstereè	4.320860385894775
degeen	dege	dege	degee	degeie	degeGe	degeBe	2.534001588821411
stetzen<UNK>ein	stetzengeie	stetzengeie	stetzenneie	stetzenieie	stetzennie	stetzenreie	7.504951000213623
ersponieren	ersponiere	ersponiere	ersponiereBe	ersponiereY	ersponiereU	ersponierey	4.946497440338135
exomplikieren	exomplikiere	exomplikiere	exomplikiereBe	exomplikiereLe	exomplikierve	exomplikiereY	5.174623489379883
bekröffen	bekröffe	bekröffe	bekröffexe	bkekröffe	bekröffze	bekröffeY	3.180363893508911
vertrecken	vertrecke	vertrecke	vertreckepe	vertreckeXe	vertreckeI	vertreckey	4.188201427459717
verkrecken	verkrecke	verkrecke	verkreckeXe	verkreckepe	verkreckze	verkreckeI	4.1406779289245605
bekilgen	bekilge	bekilge	bekilgeÖe	bekilgeBe	bekilgePe	bekilgeI	3.165271282196045
besopben	besopbe	besopbe	besopbeKe	besopbeLe	besopbepe	besopbze	2.9821603298187256
verklaten	verklate	verklate	veklate	verklatere	verklatre	verklateI	3.451280355453491
kunsen	kunse	kunse	kunseQe	kunseLe	kunseP	kunseBe	2.236694812774658
grutchen	grutche	grutche	grutcheLe	grutcheP	grutcheB	grutchep	3.489956855773926
suchtigen	suchtige	suchtige	suchtigeBe	suchtigeKe	suchtigeße	suchtigve	3.495206117630005
suttallisieren	suttallisiere	suttallisiere	suttallisiereBe	suttallisiereQe	suttallisiereye	suttallisiereve	5.344922065734863
kreinern	kreinere	kreinere	kreinerere	Gkreinere	Ekreinere	kreinereP	3.813673734664917
degen<UNK>um	degenäume	degenäume	degengume	degenmume	degeniume	degeneume	5.25568962097168
prienstollen	prienstolle	prienstolle	prienstolleBe	pkrienstolle	prienstolleY	prienstolleÜ	4.785342216491699
bustrunden	bustrunde	bustrunde	bustrundere	bustrundeLe	bustrundKe	bustrundeI	3.810822010040283
protern	protere	protere	pkrotere	protereP	proterep	protereQ	3.000457763671875
entschlaften	entschlafte	entschlafte	entschlaftere	entschlafteY	entschläfte	entschlafteÜ	4.450651168823242
klinsen	klinse	klinse	klinseBe	Gklinse	Pklinse	Eklinse	2.7964913845062256
stlapen	stlape	stlape	stlapeLe	stlappe	stlapfe	stlapNe	2.9563589096069336
spürzen	spürze	spürze	spürzeQe	spürzepe	spürzePe	spürzüe	2.9159204959869385
darbotieren	darbotiere	darbotiere	darbotiereBe	darbotiereMe	darbotiereY	darbotierey	4.52652645111084
spuschen	spusche	spusche	spuscheLe	spuscheBe	spuscheP	spuschep	3.0972344875335693
bewünsten	bewünste	bewünste	bewünstere	bewünstze	bewünsteI	bewünsteQ	3.6091232299804688
sagen<UNK>aus	sagengause	sagengause	sageneause	sagenaause	sagenmause	sageniause	4.844448566436768
versprechsen	versprechse	versprechse	versprechseBe	versprechseY	versprechseÄ	versprechsey	5.107336044311523
ernungen	ernunge	ernunge	ernungeLe	ernungeKe	ernungeBe	ernungePe	3.3249905109405518
vermauen	vermaue	vermaue	vermaueKe	vermaueBe	vermaueje	vermaueI	3.242135763168335
bohrleife	bohrleife	bohrleife	bohrleifeße	bohrleifeLe	bohrleiffe	bohrleifeY	4.153348922729492
besitigen	besitige	besitige	besitigeKe	besitigeBe	besitigepe	besitigePe	4.075645446777344
brächsseln<UNK>her	brächsselnihere	brächsselnihere	brächsselnchere	brächsselniere	brächsselnshere	brächsselnhere	7.598669052124023
detetten	detette	detette	detettere	detettze	detetteI	detetteP	2.947427272796631
vertrachen	vertrache	vertrache	vertracheLe	vertracheMe	vertracheBe	vertrachze	4.275866508483887
kabilisieren	kabilisiere	kabilisiere	kabilisiereBe	kabilisiereGe	kabilisiereY	vabilisiere	4.872238636016846
remonieren	remoniere	remoniere	remoniereBe	remoniereY	remoniereI	remoniereP	4.054752349853516
rintern	rintere	rintere	rintereP	rintereQ	rinterep	rintereB	3.2458336353302
klützeln	klützele	klützele	Gklützele	Pklützele	Eklützele	klützeleQt	3.124927520751953
verstern	verstere	verstere	versterere	verstereQe	versterve	verstereP	3.4250190258026123
erfiffern	erfiffere	erfiffere	erfifferere	erfiffereP	erfiffereU	erfifferep	3.8635997772216797
deplizieren	depliziere	depliziere	depliziereBe	depliziereMe	deplizierüe	depliziereY	3.990018367767334
kosteln	kostele	kostele	Ekostele	kostelej	kosteleP	kosteleQ	3.38564395904541
konnerinieren	konneriniere	konneriniere	konneriniereBe	konneriniereLe	konneriniereve	konnerinierey	5.337338924407959
belüten	belüte	belüte	belütere	belütKe	belüteI	belütep	2.718949794769287
vertumpfen	vertumpfe	vertumpfe	vertumpfeBe	vertumpfePe	vertumpfze	vertumpfey	4.069687366485596
schweuden	schweude	schweude	schweudeLe	schweudeKe	schweudeBe	schweudeI	3.471912384033203
rodieren	rodiere	rodiere	rodiereBe	rodiereY	rodiereI	rodiereP	3.373321056365967
darbautieren	darbautiere	darbautiere	darbautiereBe	darbautiereGe	darbautiereY	darbautierey	4.979931354522705
schwürfern	schwürfere	schwürfere	schwürfereQwürfe	schwürfekere	schwürfereU	schwürfereY	4.364663124084473
grinnen	grinne	grinne	grinneLe	grinneÜe	grinneBe	grinnep	2.728799343109131
vermachstrießen	vermachstrieße	vermachstrieße	vermachstrießeQe	vermachstrießeLe	vermachstrießeèe	vermachstrießeZ	6.515828609466553
beschlachen	beschlache	beschlache	beschlacheLe	beschlacheBe	beschlacheY	beschläche	4.742298126220703
britken	britke	britke	bkritke	britkve	britkeI	britkeP	2.7201461791992188
verbehlen	verbehle	verbehle	verbehlepe	verbehlePe	verbehleI	verbehleY	3.9459140300750732
stäulen	stäule	stäule	Istäule	stäulej	stäuley	stäuleQ	3.090529441833496
ernarkeln	ernarkele	ernarkele	ernarkeleße	ernarkelePe	ernarkeleY	ernarkeleI	3.6500964164733887
kommorinieren	kommoriniere	kommoriniere	kommoriniereBe	kommoriniereLe	kommoriniereve	kommorinierey	5.191581726074219
besonsen	besonse	besonse	besonsebe	besonsKe	besonseP	besonsep	2.7990221977233887
erschlissen	erschlisse	erschlisse	erschlisseQe	erschlisseBe	erschlisseY	erschlisseÄ	4.848263740539551
erschwintern	erschwintere	erschwintere	erschwinterere	erschwintereQe	erschwintereBe	erschwinterve	5.35807991027832
bleckeln	bleckele	bleckele	bleckeleBe	bleckelere	bleckelepe	bleckelePe	3.769657850265503
bautsern	bautsere	bautsere	bautsekre	bautsebre	bautseIre	bautsereP	3.503605604171753
erwängern	erwängere	erwängere	erwängerexe	erwängereBe	erwängereP	wrwängere	3.940756320953369
kepsen	kepse	kepse	kepseLe	kepseBe	kpepse	kepsKe	2.453310251235962
gewückeln	gewückele	gewückele	gewückeleße	gewückeleY	gewückeleQ	gewückelePe	4.268263816833496
verzüchen	verzüche	verzüche	verzüchere	verzücheÖe	verzücheLe	verzücheBe	3.888352870941162
erfleigen	erfleige	erfleige	erfleigeLe	erfleigeKe	erfleigeße	erfleigePe	3.5465383529663086
bebannen	bebanne	bebanne	bebanneLe	bebanneY	bebanneBe	bebannepe	3.446234941482544
pfleisen	pfleise	pfleise	pfleiseße	pfleiseBe	pfleQise	pfleisKe	3.1533188819885254
bestlöffen	bestlöffe	bestlöffe	bestlöffexe	bestlöfffe	bestlöffze	bestlöffeY	3.836178779602051
blessen<UNK>auf	blessenzaufe	blessenzaufe	blessennaufe	blesseniaufe	blessen-aufe	blessenraufe	7.709112644195557
gondren<UNK>ein	gondrenzeie	gondrenzeie	gondrengeie	gondrenneie	gondrenieie	gondrenäie	7.129071235656738
verstiffen	verstiffe	verstiffe	verstiffeMe	verstiffeBe	verstifffe	verstiffeY	4.148388385772705
knetzen<UNK>ein	knetzengeie	knetzengeie	knetzenneie	knetzenieie	knetzenzeie	knetzenäe	7.339258670806885
kommeln	kommele	kommele	kommelexe	kommeleBe	kommßele	kommeleI	3.0278337001800537
stardeten	stardete	stardete	stardetere	stardeteMe	starrdete	stardette	3.124931812286377
korlasilisieren	korlasilisiere	korlasilisiere	korlasilisiereBe	korlasilisiereQe	korlasilisiereLe	Gkorlasilisiere	5.876156330108643
komanidieren	komanidiere	komanidiere	komanidiereBe	komanidiereGe	Gkomanidiere	komanidiereY	5.128575325012207
kelben	kelbe	kelbe	kelbeLe	kelbve	kelbeI	kelbeP	2.3055264949798584
pfürmen	pfürme	pfürme	pfürmeLe	pfürmeI	pfürmeP	pfürmeB	2.833047389984131
gewärten	gewärte	gewärte	gewärtere	gewärtre	gewärteI	gewärteB	3.170285224914551
flübern	flübere	flübere	flüberere	flübvere	flübeÖre	flüberve	3.1524834632873535
babeln	babele	babele	babelve	babeÖle	babelej	babeleP	2.993152141571045
erspotten	erspotte	erspotte	erspottere	erspotteÜe	eArspotte	erspotteI	3.3712189197540283
knotronieren	knotroniere	knotroniere	knotroniereBe	Eknotroniere	knotronLiere	knotroniereY	4.271774768829346
erschleiden	erschleide	erschleide	erschleidere	erschleideLe	erschleideYe	erschleidey	4.6525492668151855
krepsen	krepse	krepse	krepseLe	krepseBe	Gkrepse	kkrepse	2.821133852005005
belöffen	belöffe	belöffe	belöffeÖe	belöffze	belöffeY	belöffeP	3.154020071029663
dehompren	dehompre	dehompre	dehomprepe	dehomprKe	dehompreI	dehompreY	3.8472776412963867
verspreinen	verspreine	verspreine	verspreineBe	verspredine	versprezine	verspreineY	4.376044273376465
entlagen	entlage	entlage	entlageBe	entlageKe	entlagePe	entlageI	2.8979313373565674
punden	punde	punde	pundeLe	pundeBe	pundeI	pundey	2.1234190464019775
beweifen	beweife	beweife	beweifeLe	beweifebe	beweiffe	beweifAe	3.0720508098602295
krapfeln	krapfele	krapfele	krapfelepe	Gkrapfele	Pkrapfele	kkrapfele	3.6452219486236572
plädeten	plädete	plädete	plädeteÖe	plädeteI	plädeteP	plädeteB	3.129706859588623
fiserungen	fiserunge	fiserunge	fiserungeLe	fiserungeXe	fiserungeBe	ffiserunge	3.835090160369873
erstringen	erstringe	erstringe	erstringeBe	erstringeÜe	erstringePe	erstringeY	4.110672473907471
begräben	begräbe	begräbe	begräbepe	begräbeWe	begräube	begräbeBe	3.249302625656128
destähen	destähe	destähe	destähere	destäheBe	destäheQ	destähej	2.9723167419433594
prorieren	proriere	proriere	proriereBe	pkroriere	proriereY	proriereI	3.96254301071167
versäufern	versäufere	versäufere	versäuferexe	versäufereQn	versäufereP	versäufereU	4.558907985687256
grenken	grenke	grenke	grenkeLe	grenkeBe	grenkepe	gkrenke	2.9234580993652344
seiben	seibe	seibe	seibeLe	seibepe	seibve	seibeZ	2.574052333831787
ersäffen	ersäffe	ersäffe	ersäffeÖe	ersäffze	ersäffeI	ersäffep	3.096625328063965
ehren<UNK>aus	ehreneause	ehreneause	ehreniause	ehrengause	ehrenäuse	ehrenaause	6.8780646324157715
knuttern	knuttere	knuttere	Gknuttere	Eknuttere	Pknuttere	knuttereP	3.449882984161377
knuszen	knusze	knusze	knuszeQe	knuszepe	knuszePe	Gknusze	2.7178561687469482
verleißen	verleiße	verleiße	verleißeLe	verleißeße	verleißePe	verleißKe	3.457796573638916
bunsten	bunste	bunste	bunstve	bunsteI	bunsteP	bunsteB	2.6759634017944336
verleifen	verleife	verleife	verleifeße	verleifeLe	verleiffe	verleifAe	3.9952194690704346
streisten	streiste	streiste	streistere	streisteÜe	streistße	streisteI	3.166919231414795
verkartanzen	verkartanze	verkartanze	verkartanzeLe	verkartanzeQe	verkaartanze	verkartanzüe	4.622274398803711
krerken	krerke	krerke	krerkepe	Gkrerke	krerkAe	krerkeY	2.7895758152008057
depinieren	depiniere	depiniere	depiniereBe	depiniereY	depiniereI	depinierePe	3.8658173084259033
ragen<UNK>wort	rageneworte	rageneworte	ragengworte	ragenvworte	ragen-worte	ragenworte	5.777801990509033
verbandern	verbandere	verbandere	verbanderexe	verbandereU	verbandereY	verbandereP	4.42928409576416
schluttern	schluttere	schluttere	schluttereGe	schluttereU	schluttereP	scèluttere	4.254040241241455
erstalltern	erstalltere	erstalltere	erstalltereGe	erstalltereQe	erstallttere	erstalltereU	4.480175971984863
desplachen	desplache	desplache	desplacheLe	desplacheMe	desplacheBe	desplachepe	3.7815909385681152
brösen<UNK>aus	brösengause	brösengause	bröseniause	brösenvause	brösen-ause	brösenäuse	7.671139717102051
versteiten	versteite	versteite	versteitere	verstezite	verstefite	versteiteI	3.7802844047546387
ermalschen	ermalsche	ermalsche	ermalscheLe	ermalscheMe	ermalschepe	ermalscIhe	3.866975784301758
verweifen	verweife	verweife	verweifeLe	verweifeKe	verweifeY	verweifeP	3.59863543510437
grissen	grisse	grisse	grisseQe	grisseI	grisseP	grisseB	2.67049503326416
seidern	seidere	seidere	seidereP	seiderve	seiderej	seiderep	3.407616376876831
grapieren	grapiere	grapiere	grapiereBe	gkrapiere	grapiereY	grapiereI	4.346517562866211
geheinen	geheine	geheine	geheineBe	geheinAe	geheinve	geheineY	3.158294200897217
ergräuen	ergräue	ergräue	ergräuere	eZrgräue	ergräueI	ergräuej	3.3738155364990234
versprucken	versprucke	versprucke	verspruckeI	verspruckeY	verspruckey	verspruckeÄ	4.611817836761475
entflauen	entflaue	entflaue	entflaueKe	entflauere	entflaueBe	Kentflaue	3.475994348526001
pitachisieren	pitachisiere	pitachisiere	pitachisiereBe	pitachisiereQe	pitachisiereve	pitachisierey	5.084341049194336
getifulieren	getifuliere	getifuliere	getifuliereGe	getifuliereBe	getifulierüe	getifuliereY	4.91338586807251
verschlohlen	verschlohle	verschlohle	verschlohlere	verschlohleY	verschlohleÜ	verschlöhle	4.787245750427246
errassen	errasse	errasse	errassere	errasseQe	errassKe	errasseI	3.3011324405670166
verschrempen	verschrempe	verschrempe	verschrempeLe	verschrempeGe	verschrempeÄ	verscHrempe	5.071818828582764
behellen	behelle	behelle	behellePe	behellve	behellze	behelleY	3.045955181121826
schlellnen	schlellne	schlellne	schlellnere	schlellneÜe	schlellnepe	schlellnVe	4.131359577178955
flüben	flübe	flübe	flübeLe	flüQbe	flüLbe	flüAbe	2.4869327545166016
gräumiguieren	gräumiguiere	gräumiguiere	gräumiguiereBe	gräumiguiereQe	Agräumiguiere	gräumiguziere	5.612490653991699
erleuchen	erleuche	erleuche	erleucheLe	erleucheBe	erleuchepe	erleucheI	3.382276773452759
feuen	feue	feue	feueLe	feueKe	fReue	feuej	2.2014315128326416
korphomolieren	korphomoliere	korphomoliere	korphomoliereBe	korphomoliereLe	korphomoliereye	korphomoliereve	5.485396385192871
kremben	krembe	krembe	krembeLe	krembePe	Gkrembe	Pkrembe	2.626697301864624
prekten	prekte	prekte	pkrekte	prektxe	prekteI	prektepe	2.530536651611328
brechsern	brechsere	brechsere	brechsereBe	brechsereP	brechsereè	brechsereQe	4.492842197418213
käueln	käuele	käuele	käueleQe	Gkäuele	käuelve	käuelej	2.909621238708496
beleisten	beleiste	beleiste	beleistere	beleisteÜe	beleisteI	beleisteÖ	3.4861831665039062
kondentieren	kondentiere	kondentiere	kondentiereBe	kondentiereGe	kondentniere	kondentiereY	4.984057903289795
korlogorieren	korlogoriere	korlogoriere	korlogoriereBe	korlogoriereve	Gkorlogoriere	Pkorlogoriere	5.036531448364258
fundutieren	fundutiere	fundutiere	fundutiereGe	fundutiereBe	fundutiereY	fundutierey	4.380762100219727
vertrünzen	vertrünze	vertrünze	vertrünzepe	vertrünzeI	vertrünzeè	vertrünzeQe	3.714059829711914
verflafigungieren	verflafigungiere	verflafigungiere	verflafigungiereÜe	verflafigungiereBe	verflafigungiereLe	verflafigungiereQe	6.516523838043213
verschröten	verschröte	verschröte	verschrötere	verschröteBe	verschröteWe	verschrötte	4.221470832824707
greinigen	greinige	greinige	greinigeBe	greinigeKe	greinigePe	greinigeI	3.8291711807250977
entkließen	entkließe	entkließe	entkließePe	entkließere	entkließeGe	entkließeLe	3.972188711166382
defrieren	defriere	defriere	defriereBe	defriereY	defriereI	defriereP	3.7987844944000244
ränden	rände	rände	rändere	rändeLe	rändeI	rändey	2.5987026691436768
bochtern	bochtere	bochtere	bochterere	bochterexe	bochtereP	bochtereB	3.680948495864868
verweißen	verweiße	verweiße	verweißeLe	verweißepe	verweißePe	verweißKe	3.2905209064483643
prestten	prestte	prestte	presttere	presttKe	presttze	prestteI	3.1490273475646973
spitieren	spitiere	spitiere	spitiereBe	spitiereY	spitiereI	spitiereP	3.8572893142700195
krehren	krehre	krehre	krehreBe	kreehre	Gkrehre	Pkrehre	2.7690329551696777
vermeiten	vermeite	vermeite	vermeitere	vermeiteI	vermeiteY	vermeitej	4.043287754058838
plötten	plötte	plötte	plöttere	plöttze	plöttxe	plöttße	2.3642802238464355
sompen	sompe	sompe	sompeLe	sompeI	sompey	sompeP	2.4087982177734375
stabeln	stabele	stabele	stabelepe	stabbele	stabWele	stabelve	3.234752893447876
stähnen	stähne	stähne	stähney	stähnep	stähneB	stähneQ	2.7858595848083496
versillern	versillere	versillere	versillerere	versillereU	versillereY	versillerPe	4.626621246337891
verwürfern	verwürfere	verwürfere	verwürfereU	verwürfereP	verwürfereY	werwürfere	4.531954288482666
ergenen	ergene	ergene	ergeneBe	ergenepe	ergenge	ergenAe	2.857088565826416
brießen	brieße	brieße	brießeQe	brießeGe	brießePe	brießxe	2.7534992694854736
vertracken	vertracke	vertracke	vertrackeXe	vertrackepe	vertrackeY	vertrackey	4.0632476806640625
verspussen	verspusse	verspusse	verspusseÄ	verspusseI	verspussep	vekspusse	3.9876558780670166
entwahnen	entwahne	entwahne	entwahneKe	entwaéhne	entwahneY	entwahnep	3.878089427947998
bereichten	bereichte	bereichte	bereichtere	bereichteLe	bereichteY	bereichteI	4.009260177612305
bestäuen	bestäue	bestäue	bestäuQue	bestäuere	bestäueÖe	bestäuej	3.208287477493286
pockieren	pockiere	pockiere	pockiereBe	pockiereY	pockiereI	pockierePe	3.5260801315307617
erminitigen	erminitige	erminitige	erminitigeGe	erminitigeBe	erminitioge	erminitigeÜe	4.747198581695557
examieren	examiere	examiere	examiereBe	examiereY	examiereI	examiereP	3.3016574382781982
pfrahnen	pfrahne	pfrahne	pfrahneLe	pfraéhne	pfrahneY	pfrahnep	3.19917893409729
verkluckern	verkluckere	verkluckere	verkluckereGe	verkluckereQ	verkluckereU	verkluckereP	4.880923748016357
plechern	plechere	plechere	plecherere	plechereP	plecherre	plecherep	3.622418165206909
kankieren	kankiere	kankiere	kankiereBe	Gkankiere	Pkankiere	kankiereY	3.7744977474212646
berandern	berandere	berandere	beranderere	berandereP	berandereU	berandereQe	4.209510803222656
schläckeln	schläckele	schläckele	schläckeleße	schläckelexe	schläckelePe	schläckeleY	4.039888381958008
verblahen	verblahe	verblahe	verblaheLe	verblaheKe	verblaheBe	verblahze	3.88934588432312
pautschieren	pautschiere	pautschiere	pautschiereBe	pautschiereY	pautschierey	pautschiereÄ	4.607017993927002
sangen<UNK>aus	sangengause	sangengause	sangeneause	sangen-ause	sangengausere	sangenäuse	5.2801833152771
frünsteln	frünstele	frünstele	fkrünstele	frünstzele	frünsteleY	frünsteleP	3.7345852851867676
gimmen	gimme	gimme	gimmeLe	gimmeBe	gimmeP	gimmey	2.6128273010253906
bekreißen	bekreiße	bekreiße	bekreißeLe	bekreißeße	bkekreiße	bekreißePe	3.4473395347595215
beteistern	beteistere	beteistere	beteistereQe	beteistereGe	beteistekre	beteistereU	4.455835819244385
betrehsen<UNK>ab	betrehseniabe	betrehseniabe	betrehsenhabe	betrehsenbabe	betrehsensabe	betrehsencabe	7.931851387023926
verwechtigen	verwechtige	verwechtige	verwechtigeGe	verwechtigeBe	verwechtigeÜ	verwechtigey	5.3072404861450195
glaumern	glaumere	glaumere	Eglaumere	Aglaumere	glaumereP	glaumereI	3.4703781604766846
splangen	splange	splange	splangeBe	splangepe	splangePe	splangeI	3.1792702674865723
schlirten	schlirte	schlirte	schlirtere	schlirteMe	schlirteY	schlirteI	3.639324903488159
rönden	rönde	rönde	röndere	röndeLe	röndey	röndeB	2.0524351596832275
besprenken	besprenke	besprenke	besprenkeLe	besprenkeBe	besprenkeY	besprenkey	4.147432804107666
dreiben	dreibe	dreibe	dreibeLe	dkreibe	dreibve	dreibeZ	2.8794760704040527
entkammen	entkamme	entkamme	entkammeKe	entkammeBe	entkammze	entkammeI	3.555481195449829
kruckieren	kruckiere	kruckiere	kruckiereBe	Ekruckiere	Gkruckiere	kruckiereY	4.166152477264404
grurfen	grurfe	grurfe	grurffe	grurfeY	grurfeP	grurfeB	2.6509578227996826
stablen	stable	stable	stablere	stablepe	stablePe	stablKe	2.94134783744812
vermintern	vermintere	vermintere	verminterexe	vermintereU	verminterve	vermintereè	4.328903675079346
ermetten	ermette	ermette	ermettere	ermetteI	ermetteP	ermettep	3.2010085582733154
schwinzen	schwinze	schwinze	schwinzeQwe	schwinzepe	schwinzePe	schwfinze	3.684626817703247
verbreischen	verbreische	verbreische	verbreischeLe	verbreischeBe	verbreiscVhe	verbreiscYhe	5.109930038452148
dalinieren	daliniere	daliniere	daliniereBe	daliniereY	daliniereI	daliniereP	4.010827541351318
schriebeln	schriebele	schriebele	schriebelexe	schriebeleWe	schriebelePe	schriebeleY	4.4404497146606445
verleugen	verleuge	verleuge	verleugeKe	verleugeBe	verleuöge	verleugePe	3.6161317825317383
strafeien<UNK>zirung	strafeienizirue	strafeienizirue	strafeienezirue	strafeienszirue	strafeienlzirue	strafeiennirue	8.830974578857422
flungen	flunge	flunge	flungeLe	flungeBe	flungep	flungeP	2.707144260406494
segieren	segiere	segiere	segiereBe	segiereY	segierve	segiereP	3.3822286128997803
verlörstigen	verlörstige	verlörstige	verlörstigeGe	verlörstiüge	verlörstinge	verlörstioge	4.990447521209717
erkorphorten	erkorphorte	erkorphorte	erkorphortere	erkorphorteye	erkorphorteMe	erkorpvhorte	4.366302013397217
ergläcken	ergläcke	ergläcke	ergläckeße	ergläckeBe	ergläckepe	ergläckeWe	3.6220080852508545
ermunden	ermunde	ermunde	ermundeLe	ermundeKe	ermundeBe	ermundeI	3.176847219467163
besenen	besene	besene	beseneBe	besenve	besenepe	besenAe	3.1337265968322754
betreichen	betreiche	betreiche	betreicheLe	betreicheBe	betreicheI	betreicheY	4.250895023345947
plirnen	plirne	plirne	plierne	plirneY	plirneBe	plirnep	2.8352723121643066
pronssäbern	pronssäbere	pronssäbere	pronssäberexe	pronssäbereU	pronssäberve	pronssäbereP	4.971132755279541
schartoffisieren	schartoffisiere	schartoffisiere	schartoffisiereQe	schartoffisiereLe	schartoffisiereÜe	scèartoffisiere	6.442718029022217
dräufen	dräufe	dräufe	dräufeQe	dkräufe	dräuffe	dräufze	2.938607931137085
entwitzeln	entwitzele	entwitzele	entwitzelexe	entwàitzele	entwitzeleY	entwitzeleè	4.615973472595215
riegen<UNK>zu	riegengzue	riegengzue	riegenäzue	riegenazue	riegenezue	riegenizue	5.610419273376465
vorschultigen	vorschultige	vorschultige	vorschultigeBe	vorschultigeLe	vorschultigeÜ	vorschultigey	5.274542331695557
soberten	soberte	soberte	sobertere	sobeörte	soberteI	soberteY	3.040803909301758
errungenstrieben	errungenstriebe	errungenstriebe	errungenstriebere	errungenstriebeLe	errungenstriebve	errungenstriebxe	6.334644317626953
erblössen	erblösse	erblösse	erblössere	erblösseY	erblösseÖ	erblösseB	3.427985429763794
belutteln	beluttele	beluttele	beluttelepe	beluttzele	beluttßele	belutteleè	4.0728960037231445
verstagen	verstage	verstage	verstageKe	verstageBe	verstagepe	verstagePe	3.7648472785949707
kabern	kabere	kabere	kaberve	kabereP	kaberep	kabereB	2.9131574630737305
fügern	fügere	fügere	füögere	fügereP	fügerve	fügereB	2.6238272190093994
verspriesen	verspriese	verspriese	versprieseBe	versprieseMe	versprieseye	verspriesKe	4.048018932342529
verstachen	verstache	verstache	verstacheLe	verstacheBe	verstacheMe	verstacheÄ	4.247228145599365
dampleien	dampleie	dampleie	dampleiere	dampleieKe	dampleiePe	dampleieße	3.8084731101989746
schnarten	schnarte	schnarte	schnartere	schnarteY	schnarteI	schnarteB	3.3515634536743164
vertarmisstorieren	vertarmisstoriere	vertarmisstoriere	vertarmisstoriereQe	vertarmisstoriereÜe	vertarmisstoriereXe	vertarmisstoriereBe	7.180150508880615
sypodern	sypodere	sypodere	sypoderere	sypodereP	sypodereI	sypoderep	3.166581630706787
verseißen	verseiße	verseiße	verseißeLe	verseißepe	verseißePe	verseißeè	3.678558588027954
verbabern	verbabere	verbabere	verbaberere	verbabereLe	verbabbere	verbabereY	3.8958377838134766
entselln	entselle	entselle	entsellepe	entselleWe	entsellePe	entsellve	3.1593892574310303
pronisieren	pronisiere	pronisiere	pronisiereBe	pronisiereMe	pkronisiere	pronisiereY	4.434797286987305
kallitieren	kallitiere	kallitiere	kallitiereBe	kallitiereGe	kallitiereY	kallitierey	4.202302932739258
ditrostrodieren	ditrostrodiere	ditrostrodiere	ditrostrodiereQre	ditrostrodiereLe	ditrostroYdiere	ditrostrodierve	6.076498508453369
frachscheln	frachschele	frachschele	frachscheleße	frachscheleVe	frachscheleNe	frachscLele	5.0075907707214355
bestüchtigen	bestüchtige	bestüchtige	bestüchtigeGe	bestüchtigeBe	bestüchtigey	bestüchtigeÜ	4.874170780181885
bewassen	bewasse	bewasse	bewassKe	bewasseI	bewasseP	bewassep	3.486374616622925
sybeln	sybele	sybele	sybeleQe	sybCele	sybelve	sybelej	2.4772043228149414
strospern	strospere	strospere	strosperere	strosperepe	strospekre	strospereP	3.823712110519409
streichnen	streichne	streichne	streichnere	streichnepe	streichneY	streichnet	4.141809940338135
schmernen	schmerne	schmerne	schmerneY	schmerney	schmernep	scèmerne	4.077291488647461
parbnugen	parbnuge	parbnuge	parbnugeKe	parbnugeBe	parbnuoge	parbnuOge	3.3974878787994385
prinkeln	prinkele	prinkele	prinkelere	prinkeleÖe	prinkelePe	pkrinkele	3.2618372440338135
siptromisieren	siptromisiere	siptromisiere	siptromisiereBe	siptromisiereQe	siptrompisiere	siptromisiereye	5.437139987945557
blusten	bluste	bluste	Ubluste	blustze	blusteI	blusteQ	2.885960578918457
raustern<UNK>an	rausterniae	rausterniae	rausternia	rausternra	rausterna	rausternha	5.393156051635742
stären	stäre	stäre	stäreQe	stärej	stäreB	stäreY	2.30908465385437
befinieren	befiniere	befiniere	befiniereBe	befàiniere	befiniereY	befiniereI	4.0555739402771
koltieren	koltiere	koltiere	koltiereBe	Gkoltiere	Pkoltiere	koltiereY	3.7949893474578857
gluppen	gluppe	gluppe	gluppeLe	gluppeBe	gluppeI	gluppePe	2.827709436416626
blürnen	blürne	blürne	üblürne	blürnve	blürneY	blürnep	2.878005027770996
erköllen	erkölle	erkölle	erköllere	erkölleÖe	erköllze	erkölleY	2.619281768798828
poteten	potete	potete	pottete	potBete	potKete	poteteP	2.4988858699798584
erkließen	erkließe	erkließe	erkließePe	erkließere	erkließeGe	erklfieße	3.851372718811035
gelätten	gelätte	gelätte	gelättere	Egelätte	gelättre	gelätteI	2.676539659500122
berängen	beränge	beränge	berängeÖe	berängve	berängeI	berängep	3.0244786739349365
panatern	panatere	panatere	panaterere	panatüere	panatNere	panatereP	3.592298984527588
schwildenninnen	schwildenninne	schwildenninne	schwildennine	schwildenninie	schwildenninte	schwildenninnere	6.347876071929932
besprachen<UNK>ab	bespracheniabe	bespracheniabe	besprachencabe	besprachenbabe	besprachensabe	besprachenhabe	8.32365894317627
strähten	strähte	strähte	strähtere	strähteWe	strähteI	strähteB	3.1885929107666016
pflüssen	pflüsse	pflüsse	pflüssze	pflüsseI	pflüsseP	pflüssep	3.081139326095581
kamplen	kample	kample	kamplepe	kamplePe	Gkample	Pkample	2.7022886276245117
stotieren	stotiere	stotiere	stotiereBe	stotiereY	stotiereI	stotiereP	3.654113531112671
parben	parbe	parbe	parbeLe	parbeBe	paarbe	paärbe	2.1423659324645996
plotagen	plotage	plotage	plotageKe	plotagepe	plotagePe	plotageI	3.0425963401794434
destachen	destache	destache	destacheBe	destacheLe	destachepe	destacheI	3.6595516204833984
erblachen	erblache	erblache	erblacheLe	erblacheBe	erblachepe	erblacheI	3.537076711654663
entfleben	entflebe	entflebe	entflebeKe	entflebeLe	entflebeGe	entflbebe	4.019736289978027
burgahlen	burgahle	burgahle	burgahlere	burgahleY	burgahleP	burgahlepe	3.6730382442474365
erlerten	erlerte	erlerte	erlertere	erlerteI	erlerteY	erlerteP	3.1860830783843994
entklacheln	entklachele	entklachele	entklacheleße	entklacheleVe	entklacheleNe	entklachelePe	4.806474685668945
erstrießen<UNK>ab	erstrießeniabe	erstrießeniabe	erstrießensabe	erstrießennabe	erstrießencabe	erstrießenlabe	7.621030807495117
syppen	syppe	syppe	syppve	syppze	syppeI	syppej	2.3489606380462646
betrucken	betrucke	betrucke	betruckeße	betruckeLe	betruckeI	betruckepe	3.6491050720214844
rinden<UNK>ker	rindengkere	rindengkere	rindenikere	rindenäkere	rindennkere	rindenkkere	7.058331489562988
pragieren	pragiere	pragiere	pragiereBe	pkragiere	pragiereY	pragiereI	3.281898021697998
stönken	stönke	stönke	stönkeLe	stönkeBe	stönkeI	stönkep	2.5540170669555664
verzühnen	verzühne	verzühne	verzühnere	verzühnte	verzühney	verzühneB	3.301222801208496
erspenken	erspenke	erspenke	erspenkepe	erspenkeLe	erspenkeBe	erspenkeI	3.5199296474456787
strempern	strempere	strempere	stremperere	strempereP	strempereè	stremperepe	4.089318752288818
gropfen	gropfe	gropfe	gropfeLe	gkropfe	ggropfe	gropfeP	2.90109920501709
spimmen	spimme	spimme	spimmeLe	spimmeBe	spimmePe	spimmeI	2.5228116512298584
stirfen	stirfe	stirfe	stiürfe	stirfeI	stirfeY	stirfeP	2.7898359298706055
besehlen	besehle	besehle	besehlepe	besehleBe	besehlePe	besehleY	3.344512462615967
spunkten	spunkte	spunkte	spunkteBe	spunkteI	spunkteP	spunktep	2.8922650814056396
krasseln	krassele	krassele	krasselepe	Gkrassele	Pkrassele	kkrassele	3.8044605255126953
schneifen	schneife	schneife	schneifeße	schneifeLe	schneifeBe	schneifeY	3.4391536712646484
debalisieren	debalisiere	debalisiere	debalisiereBe	debalisiereGe	debalisiereY	debalisierey	4.657604217529297
gritteln	grittele	grittele	grittelere	gritteleQt	Agrittele	grittelve	3.342665195465088
enttieren	enttiere	enttiere	enttiereBe	enttierepe	enttiereY	enttiereP	3.4915993213653564
destauschen	destausche	destausche	destauscheLe	destauscheBe	destaussche	destauscPhe	4.079349994659424
entfrühren	entfrühre	entfrühre	entfrührepe	entffrühre	entfrühreBe	entfrühreY	3.557080030441284
ergruttern	ergruttere	ergruttere	ergruttereGe	ergruttereU	ergruttereP	ergruttereQ	4.646677494049072
erkarzen	erkarze	erkarze	erkarzepe	erkarzeQe	erkarzePe	erkarzve	3.02205491065979
kärnstrieren	kärnstriere	kärnstriere	kärnstriereBe	Gkärnstriere	Ekärnstriere	kärnstrierüe	4.6063551902771
verschmingen	verschminge	verschminge	verschmingeBe	verschmingeLe	verschmingeÜ	verscHminge	5.792272567749023
sieben<UNK>aus	siebengause	siebengause	siebeneause	sieben-ause	siebenäuse	siebenvause	6.7156171798706055
klummen	klumme	klumme	klummeLe	klummePe	Pklumme	Gklumme	2.8649508953094482
gopfern	gopfere	gopfere	gopfereP	gopferve	gopferej	gopferep	3.304041862487793
schnäufen	schnäufe	schnäufe	schnäufeY	schnäufeI	schnäufeÖ	schnäufeB	3.8053529262542725
splirmen	splirme	splirme	splirmeBe	splirmeI	splirmePe	splirmeY	3.3079888820648193
erlühnen	erlühne	erlühne	erlühnere	erlühneBe	erlüAhne	erlühnze	3.270289182662964
knanzen	knanze	knanze	knanzepe	knanzePe	Gknanze	Pknanze	3.14447283744812
frönzen	frönze	frönze	frönzeQe	frönzeLe	fkrönze	frönzDe	2.8683249950408936
schüttigen	schüttige	schüttige	schüttigeBe	schüttigeÜe	schüttigve	schüttigüe	4.025995254516602
erwinkern	erwinkere	erwinkere	erwinkerere	werwinkere	erwinkereP	erwinkereU	4.167315483093262
kürfen	kürfe	kürfe	kürfeLe	Mkürfe	Pkürfe	kürfeV	2.5353875160217285
kemichtigen	kemichtige	kemichtige	kemichtigeGe	kemichtigeBe	kemichtioge	kemichtigeÜe	4.979558944702148
schlanken<UNK>an	schlankenba	schlankenba	schlankeniae	schlankenia	schlankenha	schlankenla	7.992005348205566
prübeln	prübele	prübele	prübeleBe	prübelePe	pkrübele	prübWele	3.440314769744873
belären	beläre	beläre	Ubeläre	beläreY	belärej	belärey	2.782370090484619
kreittern	kreittere	kreittere	kreitterexe	Ekreittere	kreittekre	kreittereP	4.0507402420043945
bebenern	bebenere	bebenere	bebenerere	bebenereBe	bebenerre	bebenereP	3.7997865676879883
schnaffen	schnaffe	schnaffe	schnaffeLe	schnaffeBe	schnaffeY	schnaffeP	3.718661308288574
gehurken	gehurke	gehurke	gehurkeBe	gehurkze	gehurkve	gehurkeI	3.4936463832855225
versonzen	versonze	versonze	versonzepe	versonzeXe	versonzeQe	versonzePe	3.3883414268493652
rochsen<UNK>vorgraufneiten	rochsen-vorgraufneite	rochsen-vorgraufneite	rochsenevorgraufneite	rochsenzvorgraufneite	rochsenivorgraufneite	rochsenrvorgraufneite	11.616259574890137
verzeißen	verzeiße	verzeiße	verzeißeLe	verzeißeße	verzeißePe	verzeißKe	3.340306520462036
genteren	gentere	gentere	gentereY	gentereP	genterep	gentereB	2.818110942840576
schlüsern	schlüsere	schlüsere	schlüsereP	schlüsereè	schlüsereQle	schlüserep	4.307758331298828
felten<UNK>an	feltenäe	feltenäe	feltenia	feltena	feltenma	feltenga	6.233798980712891
reuspenden	reuspende	reuspende	reuspendeLe	reuspendeKe	reuspendKe	reuspendeI	3.776449203491211
belinnen	belinne	belinne	belinnere	belinneÖe	belinneBe	belinnepe	3.436946392059326
degesteben	degestebe	degestebe	degestebeLe	degestebeBe	degestebeGe	degestbebe	4.116168975830078
dristtorieren	dristtoriere	dristtoriere	dristtoriereBe	dristtokriere	dristtorierüe	dristtorierey	5.3068132400512695
verhließen	verhließe	verhließe	verhließere	verhließeGe	verhließePe	verhließxe	3.795588493347168
rompen	rompe	rompe	rompeLe	Hrompe	rompeI	rompeP	2.5495591163635254
sprumpfen	sprumpfe	sprumpfe	sprumpfeBe	sprumpfepe	sprumpfePe	sprumpfze	3.733715295791626
gropfenten	gropfente	gropfente	gropfenteMe	gkropfente	gropfentKe	gropfenteY	4.054525375366211
prozutieren	prozutiere	prozutiere	prozutiereBe	prozutiereY	prozutierey	prozutiereP	4.522568702697754
bebanben	bebanbe	bebanbe	bebanbeLe	bebanbeKe	bebanbeBe	bebanbepe	3.1161978244781494
beliten	belite	belite	belitere	belitre	belitte	beliteI	2.819669485092163
beschirchen	beschirche	beschirche	beschircheLe	beschircheBe	beschircheI	beschircheY	4.671683311462402
verlügen	verlüge	verlüge	verlügeÖe	verlügeBe	verlügeI	verlügeP	3.2021071910858154
rühnen	rühne	rühne	rühneLe	rühney	rühnep	rühneB	2.770744800567627
konspallisieren	konspallisiere	konspallisiere	konspallisiereQe	konspallisiereBe	konspallisiereLe	konspallisiereye	6.192725658416748
rahrungen	rahrunge	rahrunge	rahrungeLe	rahrungeKe	rahrungeBe	rahkunge	3.9532017707824707
frapsen	frapse	frapse	fkrapse	frapsze	frapsKe	frapseI	2.7971138954162598
geläsen	geläse	geläse	Egeläse	Ageläse	geläsKe	geläsej	2.925161361694336
karkumieren	karkumiere	karkumiere	karkumiereBe	Gkarkumiere	Pkarkumiere	karkumierüe	4.739170074462891
ruben<UNK>fiss	rubenefisse	rubenefisse	rubenffisse	rubengfisse	rubenäfisse	rubensfisse	5.272119522094727
grichten	grichte	grichte	grichtere	grichteÜe	grichteI	grichteP	3.2351295948028564
verbreisen	verbreise	verbreise	verbreiseße	verbreisKe	verbreiseY	verbreisey	4.039292335510254
ebersträsen	ebersträse	ebersträse	bebersträse	hebersträse	ebersträste	ebersträsej	4.563108444213867
senkalisieren	senkalisiere	senkalisiere	senkalisiereBe	senkalisiereLe	senkalisiereQe	senkalisierey	5.217594146728516
verkucheln	verkuchele	verkuchele	verkucheleWe	verkucheleße	verkuchelePe	verkucheleY	4.94596529006958
verbangen	verbange	verbange	verbangeKe	verbangeLe	verbangeBe	verbangepe	3.8611857891082764
versichen	versiche	versiche	versicheLe	versicheBe	versicheI	versichePe	3.7533199787139893
plonen	plone	plone	plonLe	plonve	plonpe	ploney	2.4003071784973145
verwurzen	verwurze	verwurze	verwurzepe	verwurzeè	verwurzeQ	verwurzeP	3.562991142272949
klellen<UNK>frem	klellenefreme	klellenefreme	klellenifreme	klellennrfre	klellenrfreme	klellenzfreme	9.065947532653809
steintern	steintere	steintere	steintekre	steinteAre	steeintere	steintereP	3.6872735023498535
besilden	besilde	besilde	besildere	besildeLe	besildePe	besildAe	3.378236770629883
galitikalisieren	galitikalisiere	galitikalisiere	galitikalisiereBe	galitikalisiereLe	galitikalisiereQe	galitikalisiereÜe	6.757290363311768
blenen	blene	blene	blenve	blenLe	bleney	blenep	2.718865394592285
freinen	freine	freine	freinAe	freinej	freineBe	freinep	2.8692715167999268
beflingen	beflinge	beflinge	beflingeKe	beflingeBe	beflingepe	beflingePe	3.263547420501709
schwürten	schwürte	schwürte	schwürtere	schwüärte	schwürteY	schwürteI	3.7179975509643555
entflügen	entflüge	entflüge	entflügere	entflügeKe	entflügeBe	Kentflüge	4.240493297576904
exteln	extele	extele	exteleße	exteleQe	extelve	extelej	2.7009854316711426
sädeten	sädete	sädete	sädeteI	sädeteG	sädeteP	sädeteB	2.8934414386749268
feusignieren	feusigniere	feusigniere	feusignziere	feusignwiere	feusigniereY	feusignierey	5.43668794631958
debelieren	debeliere	debeliere	debeliereBe	debeliereY	debeliereI	debelierePe	3.9429235458374023
erruchsichen	erruchsiche	erruchsiche	erruchsicheLe	erruchsicheBe	erruchsicheY	erruchsicheÜ	5.333349227905273
bespenschen	bespensche	bespensche	bespenscheLe	bespenscheBe	bespenschepe	bespenscVhe	4.8339056968688965
kompeln	kompele	kompele	kompeleBe	Ekompele	kompeleI	kompelej	3.073559284210205
ritesten	riteste	riteste	ritestere	ritteste	ritestKe	ritesteI	2.780853271484375
fegieren	fegiere	fegiere	fegiereY	fegiereI	fegiereP	fegiereBe	3.3068995475769043
berägen	beräge	beräge	berägeÖe	berägeQe	berägüe	berägze	2.9674415588378906
brochen<UNK>aus	brochenzause	brochenzause	brochenrause	brochennause	brochenäuse	brochen-ause	7.830869197845459
entlosen	entlose	entlose	entloseÖe	entloseY	entloseP	entloseBe	3.1405205726623535
verklitzen	verklitze	verklitze	verklitzepe	verklitzle	verklitzeQ	veklitze	3.8788156509399414
vermittern	vermittere	vermittere	vermitterexe	vermfittere	vermittereU	vermittereè	4.526949882507324
durmoren	durmore	durmore	durmoreÖe	durmoreY	durmoreI	durmoreB	3.481417179107666
regreien	regreie	regreie	regreiere	regreieKe	regreieße	regreiePe	3.1000590324401855
prärsten	prärste	prärste	pkrärste	pArärste	prärstye	prärsteI	2.895663261413574
belustern	belustere	belustere	belustereQu	belustekre	belustzere	belustereP	3.806837558746338
beschworfen	beschworfe	beschworfe	beschwörfe	beschworfeLe	beschworfeBe	beschworfeY	4.616448402404785
beträssen	beträsse	beträsse	beträssKe	beträssej	beträsseÖ	beträssebe	3.4254512786865234
schwurzungen	schwurzunge	schwurzunge	schwurzungeLe	schwurzungeBe	schwurzungeKe	schwurzungeÜ	5.122955799102783
pliehen	pliehe	pliehe	plieheBe	plieheLe	pliehepe	pliehePe	2.702028274536133
bewickern	bewickere	bewickere	bewickerere	bewickereBe	bewickereP	bewickereU	4.291081428527832
belahren	belahre	belahre	belahreLe	belahreBe	belahreY	belahreP	3.1297526359558105
schlänsten	schlänste	schlänste	schlänstere	schlänsteBe	schlänstze	schlänsteI	3.873507499694824
verwosten	verwoste	verwoste	verwostere	verwosteI	verwosteY	verwostep	4.2463788986206055
ergabieren	ergabiere	ergabiere	ergabiereBe	ergabiereLe	ergabiereY	ergabierePe	4.546367168426514
deben<UNK>al	debengale	debengale	debenäle	debeniale	debenaale	debenvale	6.682232856750488
verzichen	verziche	verziche	verzicheLe	verzicheBe	verzicheI	verzivhe	3.744154930114746
verfechsen	verfechse	verfechse	verfechseße	verfecIhse	verfechsKe	verfechsey	4.352258205413818
entflächren	entflächre	entflächre	entflächreBe	entflächreße	entfläcChre	entflächrey	4.127408027648926
bekulzen	bekulze	bekulze	bekulzepe	bekulzePe	bekulzüe	bekulzve	3.470954418182373
beleuern	beleuere	beleuere	beleuerere	belueuere	beleueIre	beleuereP	3.7111611366271973
rögeln	rögele	rögele	rögeleße	rögelve	rögelej	rögeleP	2.626904249191284
verwulzen	verwulze	verwulze	verwulzepe	verwulzePe	verwulzüe	verwulzeI	3.9832117557525635
debieren	debiere	debiere	debiereBe	debierepe	debiereY	debiereP	3.2793431282043457
sotieren	sotiere	sotiere	sotiereBe	sotiereY	sotiereI	sotiereP	3.049450397491455
glocklonen	glocklone	glocklone	glocklonere	glocklonepe	glockloney	glockloneY	4.136318206787109
vermergen	vermerge	vermerge	vermergeBe	vermergepe	vermergePe	vermergeI	3.766664743423462
pateten	patete	patete	pattete	patrete	pateteI	pateteP	2.694378614425659
beschlaren	beschlare	beschlare	beschlareBe	beschlakre	beschlareY	beschlareP	4.358361721038818
vertronen	vertrone	vertrone	vertronepe	vertronpe	vertroneY	vertroney	3.6637542247772217
kreilen	kreile	kreile	Gkreile	Pkreile	Ekreile	kreilePe	2.8076558113098145
farktieren	farktiere	farktiere	farktiereBe	farktiereLe	farktfiere	farktiereY	3.834533214569092
brennstägen	brennstäge	brennstäge	brennstägeBe	brennstägeGe	brennstägeQn	brennstägde	4.218092918395996
kniszen	knisze	knisze	kniszeQe	kniszepe	Gknisze	Pknisze	2.977534294128418
exchtichtigen	exchtichtige	exchtichtige	exchtichtigeBe	exchtichtigeLe	exchtichtigeÜ	exchtichtigey	4.8897809982299805
sangroffern	sangroffere	sangroffere	sangroffereGe	sangkroffere	sangroffzere	sangroffereP	5.076157093048096
pridulieren	priduliere	priduliere	priduliereBe	pkriduliere	pridulierüe	priduliereY	4.226712226867676
grifsieren	grifsiere	grifsiere	grifsiereBe	grifsiereMe	grifsiereY	grifsiereP	3.9446215629577637
deskundieren	deskundiere	deskundiere	deskundiereBe	deskundiereGe	deskundiereY	deskundierey	4.7526116371154785
premitieren	premitiere	premitiere	premitiereBe	premitiereY	premitierey	premitiereI	4.535789489746094
gretten<UNK>aus	grettennause	grettennause	grettenäuse	gretteneause	grettenvause	grettengause	7.786856651306152
fauchern	fauchere	fauchere	faucherere	fauchereP	fauchereI	fauchereB	3.457798957824707
faufschräuben	faufschräube	faufschräube	faufschräubeBe	faufscIhräube	faufschräubve	faufschräubxe	5.4668378829956055
föden	föde	föde	födere	födeLe	födeB	födeK	1.8050611019134521
beschipfen	beschipfe	beschipfe	beschipfeLe	beschipfeBe	beschipfeY	beschipfeP	3.828667163848877
bewägen	bewäge	bewäge	bewägze	bewägey	bewägej	bewägep	2.6725480556488037
erkarrten	erkarrte	erkarrte	erkarrtere	erkarrteMe	erkarrteY	erkarrteI	3.431309223175049
einfeln	einfele	einfele	einfeleBe	einfelve	einfeleI	einfelej	2.9723753929138184
verwürsten	verwürste	verwürste	verwürstere	verwürstKe	verwürsteI	verwürsteY	3.8346686363220215
glimpfen	glimpfe	glimpfe	glimpfeLe	glimpfeI	glimpfeP	glimpfeBe	3.657583713531494
bebäten	bebäte	bebäte	bbebäte	übebäte	bebätej	bebätey	2.376490354537964
entfessen	entfesse	entfesse	entfesseBe	entffesse	entfsesse	entfesseI	3.722395181655884
knütten	knütte	knütte	knüttere	Gknütte	Pknütte	Eknütte	3.2712321281433105
plogieren	plogiere	plogiere	plogiereBe	plogiereY	plogiereI	plogiereP	3.8042991161346436
verstürfen	verstürfe	verstürfe	verstüärfe	verstürfeY	verstürfep	verstürfeB	4.298671245574951
begisieren	begisiere	begisiere	begisiereBe	begisiereY	begisiereI	begisiereP	4.266988277435303
schläten	schläte	schläte	schlätere	schlätre	schlätpe	schläteI	3.0721993446350098
entkassen	entkasse	entkasse	entkasseBe	entkasseQke	entkassKe	entkasseI	3.6787524223327637
behanden	behande	behande	behandere	behandeLe	behandeKe	behandeI	3.343001127243042
pararisieren	pararisiere	pararisiere	pararisiereGe	pararisiereBe	pararisiereY	pararisierey	5.209322452545166
verbrichten	verbrichte	verbrichte	verbrichtere	verbrichteÜe	verbrichtxe	verbrichteI	4.7839436531066895
prütteln	prüttele	prüttele	pkrüttele	prüttßele	prüttzele	prüttelePe	3.3402867317199707
fotrieren	fotriere	fotriere	fotriereBe	fotriereY	fotriereI	fotriereP	3.8689379692077637
frepfen	frepfe	frepfe	frepfeLe	fkrepfe	frepfze	frepfeP	2.6933984756469727
erreigen	erreige	erreige	erreigeLe	erreigeBe	erreigePe	erreigeI	3.3579509258270264
beschingen	beschinge	beschinge	beschingeBe	beschingeÜe	beschingeY	schchinge	3.7292447090148926
erfrühen	erfrühe	erfrühe	erfrüche	erfkrühe	erfrüheY	erfrüheB	3.29288649559021
voglenden	voglende	voglende	voglendere	voglendeLe	voglendeKe	voglendeI	3.5584239959716797
breben<UNK>an	brebenga	brebenga	brebenäe	brebenaae	brebensa	brebenae	5.753366470336914
flugen	fluge	fluge	flugeLe	fluöge	flugüe	flugeP	2.4081406593322754
pledieren	plediere	plediere	plediereBe	plediereY	plediereI	plediereP	3.714017868041992
beschneiben	beschneibe	beschneibe	beschnezeibe	beschneibeLe	beschneibeße	beschneeibe	4.461822986602783
beschwitzeln	beschwitzele	beschwitzele	beschwitzelere	beschwitzeleße	beschwitzeleQe	beschwitzeleVe	5.1352081298828125
serkundigen	serkundige	serkundige	serkundigeGe	serkundigeBe	serkundigeLe	serkundigüe	4.493178367614746
eblieden	ebliede	ebliede	ebliedere	ebliedeLe	ebliedePe	ebliedeI	3.393249273300171
verbreistrecken	verbreistrecke	verbreistrecke	verbreistreckeye	verbreistreckeLe	verbreistreckepe	verbreistreckve	6.115715980529785
beschwegzen	beschwegze	beschwegze	beschwegzeQe	beschwegzeXe	beschwegzeÜe	beschwegzepe	4.641777515411377
kopilieren	kopiliere	kopiliere	kopiliereBe	Gkopiliere	kopiliereY	kopiliereI	3.95593523979187
beschwimpen	beschwimpe	beschwimpe	beschwimpeLe	beschwimpeße	beschwimpeGe	beschwimpey	4.370770454406738
befrumen	befrume	befrume	befrumeP	befrumeLe	befrumeB	befrumeK	3.4437413215637207
verlingen	verlinge	verlinge	verlingeBe	verlingeKe	verlingepe	verlingePe	3.7243261337280273
glitieren	glitiere	glitiere	glitiereBe	Aglitiere	glitiereY	glitiereI	3.499582290649414
sprondieren	sprondiere	sprondiere	sprondiereBe	sprondiereGe	sprondiereY	sprondierey	4.28765344619751
verwingen	verwinge	verwinge	verwingeBe	verwingepe	verwàinge	verwingePe	3.707277536392212
krenen	krene	krene	krenepe	kreneBe	Mkrene	kkrene	2.533851146697998
rensten	renste	renste	renstve	renstKe	rensteI	rensteP	2.446587324142456
verspronzen	verspronze	verspronze	verspronzeXe	verspronzepe	verspronzeMe	verspronzeÄe	4.35513973236084
bereigen	bereige	bereige	bereigeKe	bereigeLe	bereigeBe	bereigePe	3.7956745624542236
verspeigen	verspeige	verspeige	verspeigeBe	verspeigeLe	verspeigeKe	verspiege	3.77455472946167
degulieren	deguliere	deguliere	deguliereBe	deguliereY	deguliereI	degulierePe	4.554297924041748
suplähren	suplähre	suplähre	suplähreBe	suplähreY	suplährep	suplähreÖ	3.745690107345581
kronstren	kronstre	kronstre	Gkronstre	Ekronstre	kkronstre	kronstreY	3.310680389404297
peigern	peigere	peigere	peigerere	peigereP	peigerej	peigereB	2.9569029808044434
versalisieren	versalisiere	versalisiere	versalisiereBe	versalisiereve	versalisiereY	versalisierey	5.208247661590576
verklanden	verklande	verklande	verklandere	verklandeLe	verklandKe	verklandey	3.859785556793213
entrassen	entrasse	entrasse	entrasseQre	entrasseBe	entrasseI	entrassep	3.2971184253692627
pildern	pildere	pildere	pilderere	pfildere	pildereP	pilderep	3.3048946857452393
stleuden	stleude	stleude	stleudeKe	stleudeBe	stleudeLe	stleudeI	3.0082390308380127
erkoppen	erkoppe	erkoppe	erkoppeLe	erkoppePe	erkoppze	erkoppeI	3.1207213401794434
blapsen	blapse	blapse	blapsebe	blapsKe	blapseI	blapseP	2.5892555713653564
berislinieren	berisliniere	berisliniere	berisliniereBe	berisliniereLe	berisliniereve	berislfiniere	5.416601657867432
schleistigen	schleistige	schleistige	schleistigeGe	schleistigeBe	schleistigüe	schleistigve	5.010140895843506
beheisen	beheise	beheise	beheiseBe	beheisebe	beheisKe	beheisAe	3.12900710105896
verheiten	verheite	verheite	verheitere	verheiteKe	verheiteI	verheiteY	3.464409828186035
entkreuern	entkreuere	entkreuere	entkreuereBe	entkkreuere	entkreuereU	entkreuereè	4.307029724121094
summensellen	summenselle	summenselle	summenselleBe	summenselleVe	summßenselle	summenselleY	4.914921283721924
begeiten	begeite	begeite	begeitere	begeiteLe	begeitre	begeiteI	3.1437344551086426
koltilieren	koltiliere	koltiliere	koltiliereBe	koltiliereY	koltiliereI	koltilierey	4.634627342224121
vermoselen	vermosele	vermosele	vermoselepe	vermoseleY	vermoseleI	vermoseleP	4.134554862976074
baufscheiten	baufscheite	baufscheite	baufscheitere	baufscheitxe	baufscheiteY	baufscheiteÜ	5.153108596801758
beleusten	beleuste	beleuste	beleustere	beleustze	beleustKe	beleusteI	3.5631535053253174
plidsigern	plidsigere	plidsigere	plidsigerere	plidsigereU	plidsigereY	plidsigereP	4.42012882232666
kolosieren	kolosiere	kolosiere	kolosiereBe	kolosiereY	kolosiereI	kolosiereP	4.120968818664551
erstauren	erstaure	erstaure	eArstaure	erstaureY	erstaureI	erstaurep	3.4265968799591064
kolerilieren	koleriliere	koleriliere	koleriliereBe	koleriliereGe	koleriliereY	voleriliere	5.116502285003662
verfohren	verfohre	verfohre	verfohreY	verfohreP	verfohrve	verfohreB	3.602715492248535
sitten<UNK>ein	sittengeie	sittengeie	sittenieie	sittenveie	sittenäe	sittengezeie	6.456424713134766
entrauen	entraue	entraue	entraueBe	Kentraue	entraueU	entrauej	2.9461803436279297
prätten	prätte	prätte	prättere	prättle	prättze	prättxe	2.639591693878174
verspasen	verspase	verspase	verspaseBe	verspaseje	verspaseQ	verspaseY	3.529294490814209
entsonschen	entsonsche	entsonsche	entsonscheLe	entsonscheBe	entsonscVhe	entsonscPhe	4.555333137512207
erfielen	erfiele	erfiele	erfielere	erfieleBe	erfielePe	erffiele	3.0942130088806152
verstrichten	verstrichte	verstrichte	verstrichtere	verstrichtxe	verstrichteY	verstrichteÜ	4.6699604988098145
erniesen	erniese	erniese	ernieseBe	ernieseÖe	erniesePe	ernieseI	2.919924020767212
dorckeln	dorckele	dorckele	dorckelere	dorckelePe	dorckeleI	dorckeleY	3.396265745162964
erseigen	erseige	erseige	erseigeBe	erseigeLe	erseigeKe	erseigePe	3.2087178230285645
versatt	versatte	versatte	versattere	versatteI	versattep	versatteM	3.259958267211914
sytaperieren	sytaperiere	sytaperiere	sytaperiereBe	sytaperiereGe	sytapeäriere	sytaperiereY	4.717051982879639
breisingen	breisinge	breisinge	breisingeBe	breisingeÜe	breisingePe	sreisinge	4.064572811126709
funten	funte	funte	funteLe	funtKe	funteI	funtep	2.4859023094177246
flutzen	flutze	flutze	flutzeQe	flutzüe	flutzve	flutzep	2.4789435863494873
schwarfen	schwarfe	schwarfe	schwarfeMe	schwarfeY	schwarfeP	schwärfe	3.6619811058044434
kopfizen	kopfize	kopfize	kopfizepe	kopfizePe	kopffize	Gkopfize	2.6380395889282227
verleinen	verleine	verleine	verleinere	verleineKe	verleQene	verleineY	3.551039934158325
sigkränzen	sigkränze	sigkränze	sigkränzeBe	sigkränzepe	sigkränzle	sigkränzeje	3.8126232624053955
begeißen	begeiße	begeiße	begeißeLe	begeißxe	begeißKe	begeißeG	3.0709853172302246
verfesten	verfeste	verfeste	verfestere	verffeste	verfestKe	verfesteI	3.6529381275177
defillen	defille	defille	defillere	defillePe	deffille	defilleI	3.3595974445343018
sterllen	sterlle	sterlle	sterllepe	sterle	sterllePe	sterllVe	2.9404945373535156
sigten	sigte	sigte	sigteLe	sigteI	sigteY	sigteÜ	2.5061845779418945
verwechen	verweche	verweche	verwecheLe	verwechepe	verwecheBe	verwecheI	3.7390365600585938
klönkigen	klönkige	klönkige	klönkigeße	klönkigeBe	Gklönkige	klönkfige	3.7093610763549805
erwaben	erwabe	erwabe	erwabeLe	erwabeBe	erwabze	erwabeI	2.4869682788848877
stellen<UNK>ab	stellenzabe	stellenzabe	stelleniabe	stellenbabe	stellenäbe	stellenabe	7.268152713775635
geschingen	geschinge	geschinge	geschingeBe	geschfinge	geschingze	geschingePe	4.506961822509766
verliedern	verliedere	verliedere	verliedereQle	verliedereGe	verliedereU	verliedereP	4.419663429260254
verschmafern	verschmafere	verschmafere	verschmafre	verschmaffere	verschmafsere	verschmaferey	5.528588771820068
krobsprechteln	krobsprechtele	krobsprechtele	krobsprechtelere	krobsprechtelexe	krobsprechtle	krobsprecPhtele	5.32230806350708
stelben	stelbe	stelbe	stelbeBe	stelübe	stelbüe	stelbve	2.8553659915924072
kondieren	kondiere	kondiere	kondiereBe	Gkondiere	Pkondiere	kondiereY	3.6901254653930664
rreiben	rreibe	rreibe	reibe	rreibeLe	rveibe	rNeibe	3.680140495300293
gefrichtten	gefrichtte	gefrichtte	gefrichttere	gefrichtteße	gefrichtteÜe	gefrichttxe	4.069756984710693
verfahrnen	verfahrne	verfahrne	verfahrnve	verfahrnPe	verfahrnepe	verfahrneY	3.887769937515259
reufern	reufere	reufere	reuferve	reufereP	reuferej	reuferep	3.3624212741851807
sobeln	sobele	sobele	sobBele	sobelve	sobelej	sobeleP	2.774834156036377
erstritzten	erstritzte	erstritzte	erstritzteMe	erstritzteI	erstritzteÄ	erstritztey	4.010281562805176
breuden	breude	breude	breudeLe	breudeKe	breudeBe	breudeI	3.1449830532073975
krychkulen	krychkule	krychkule	krychkulere	krychkuleBe	krychkuleY	kryPhkule	4.111959457397461
ergewingen	ergewinge	ergewinge	ergewingeBe	ergewingeGe	ergewingze	ergewingeY	3.755992889404297
regrimieren	regrimiere	regrimiere	regrimiereBe	regkrimiere	regrimpiere	regrimiereY	4.356270790100098
rüssten	rüsste	rüsste	rüsstQe	rüsstAe	rüssteI	rüssteB	2.7055439949035645
beleisen	beleise	beleise	beleisebe	beleiseBe	beleisKe	beleisej	3.079188108444214
bewarmichen	bewarmiche	bewarmiche	bewarmicheLe	bewarmicheBe	bwewarmiche	bewarmicheI	4.410177707672119
protrotieren	protrotiere	protrotiere	protrotiereBe	protrotiereGe	pkrotrotiere	protrotiereY	4.460785388946533
verzalten	verzalte	verzalte	verzaltere	verzaltre	verzaltxe	verzalteI	3.5258777141571045
defärnten	defärnte	defärnte	defärntere	Idefärnte	defärnteI	defärnteW	3.828355550765991
verflästen	verfläste	verfläste	verflästere	verflästße	verflästeY	verflästeI	4.080451488494873
pollamen	pollame	pollame	pollameKe	pollamePe	pollampe	pollamme	2.8583991527557373
bräben	bräbe	bräbe	bräbve	bräbbe	bräbej	bräbey	2.403756856918335
schleuden	schleude	schleude	schleudere	schleudeKe	schleudeBe	schleudKe	3.8290011882781982
verlosseln	verlossele	verlossele	verlosselepe	verlosseleY	verlosseleÄ	verlosseleP	4.656286239624023
verblessen	verblesse	verblesse	verblesseBe	verblesseI	verblesseY	verblesseÄ	4.014219284057617
debonieren	deboniere	deboniere	deboniereBe	deboniereY	deboniereI	deboniereP	3.8260397911071777
kolpern	kolpere	kolpere	kolpereP	kolperve	kolpereI	kolpereB	3.2030534744262695
vermellern	vermellere	vermellere	vermellerere	vermellereU	vermellerePe	vermellereY	4.241896152496338
reinstimotieren	reinstimotiere	reinstimotiere	reinstimotiereQe	reinstimotiereLe	reinstpimotiere	reinstfimotiere	5.943556785583496
verteichen	verteiche	verteiche	verteicheLe	verteicheBe	verteicheY	verteichePe	4.607438564300537
stuldeln	stuldele	stuldele	stulldele	stulrdele	stuldeleI	stuldeleQ	3.194439649581909
verschangen	verschange	verschange	verschangeBe	verschangeLe	verschangeKe	verschangeY	4.101649761199951
spelden	spelde	spelde	speldere	speldeLe	spellde	speldAe	3.1266865730285645
kenlkern	kenlkere	kenlkere	kenlkekere	kenlkerere	kenlkereBe	kenlkereI	3.878648281097412
sitzreisen	sitzreise	sitzreise	sitzkreise	spitzreise	sitzrezise	sitzreiseY	3.5793089866638184
krechten	krechte	krechte	krechtere	krecMhte	krechtre	krechteI	3.4340364933013916
beruttern	beruttere	beruttere	beruttereQu	berutterepe	beruttereP	berutterve	4.323836326599121
formtichern	formtichere	formtichere	formticherere	formticherexe	formtichereP	formtichereU	4.528497695922852
verschärken	verschärke	verschärke	verschärkeße	verschärkeBe	verschärkey	verschärkeY	4.5666913986206055
rüfen<UNK>auf	rüfeniaufe	rüfeniaufe	rüfeneaufe	rüfenvaufe	rüfengaufe	rüfenäufe	6.214630126953125
füßten	füßte	füßte	füßtKe	füßtxe	füßtße	füßtQe	2.0977413654327393
dostwelen	dostwele	dostwele	dostweleBe	dostwelePe	dostweleI	dostweleY	3.2982614040374756
gocken	gocke	gocke	gockeLe	gockAe	gockeI	gockep	2.641714096069336
verzäusen	verzäuse	verzäuse	verzäusKe	verzäusej	verzäusey	verzäuseÖ	3.770397901535034
grannwaben	grannwabe	grannwabe	grannwabeLe	grannwabeje	grannwabbe	grannwabey	3.7932066917419434
flirden	flirde	flirde	flirdere	flirdeLe	flirrde	flirdePe	2.7137067317962646
gratstern	gratstere	gratstere	gratstereQt	gkratstere	gratstereP	gratstereè	3.97810959815979
bekorrieren	bekorriere	bekorriere	bekorriereBe	bekorriereGe	bkekorriere	bekorriereY	4.257782459259033
defruhieren	defruhiere	defruhiere	defruhiereBe	defruhiereGe	defruhierüe	defruhiereY	4.762211322784424
stäufen	stäufe	stäufe	stäufeQe	stäuffe	Istäufe	stäufej	2.554994821548462
verschaten	verschate	verschate	verschatere	verschatte	verschatre	verschateY	3.924088954925537
fruden	frude	frude	frudeLe	frudeI	frudey	frudeB	2.4393417835235596
kochaufreitigen	kochaufreitige	kochaufreitige	kochaufreitigeLe	kochaufreitigeKe	kochaufreitigeBe	kochaufreitigeÜe	6.536375045776367
verstaufen	verstaufe	verstaufe	verstaufeMe	verstaufeBe	verstaufeY	verstaufeÄ	4.1206183433532715
dorrabomitieren	dorrabomitiere	dorrabomitiere	dorrabomitiereLe	dorrabomitiereye	dorrabomitiereQe	rorrabomitiere	5.733034133911133
rändschlocken	rändschlocke	rändschlocke	rändschlockeLe	rändschlockeße	rändschlockve	rändschlockeÄ	5.341591835021973
stittern	stittere	stittere	stitterere	stittereP	stittereQ	stitterep	3.517551898956299
depilgen	depilge	depilge	depilgeBe	depilgeÖe	depilgePe	depilgeI	3.2069952487945557
breinen	breine	breine	bkreine	breQine	breinAe	breineBe	3.060905933380127
gelicken	gelicke	gelicke	gelickeLe	gelickeße	gelickeI	gelickepe	3.414674758911133
gleiben	gleibe	gleibe	gleibeLe	Agleibe	gleibeGe	gleibeZ	2.7420530319213867
bekeinen	bekeine	bekeine	bekeineBe	bekeinAe	bekeineY	bekeinej	3.288642168045044
korpfrungen	korpfrunge	korpfrunge	korpfrungeBe	korpfrungeLe	korpfrungeXe	Gkorpfrunge	4.790788173675537
vertanden	vertande	vertande	vertandere	vertandeLe	vertandeKe	vertandeI	3.8648574352264404
verschleiten	verschleite	verschleite	verschleitere	verschleiteye	verschleiteY	verschleiteÜ	4.795038223266602
erfrören	erfröre	erfröre	erfkröre	erfrörze	erfröreY	erfröreP	2.8203184604644775
krären<UNK>am	krärename	krärename	kräreniame	krärenäme	krärensame	krärenrame	6.832809925079346
verminglossen	verminglosse	verminglosse	verminglosseBe	verminglosseQe	verminglossey	verwinglosse	4.647441864013672
krinken	krinke	krinke	krinkeLe	Gkrinke	Pkrinke	Ekrinke	2.934730052947998
gewingen	gewinge	gewinge	gewingeBe	gewginge	gewingze	gewingeGe	3.3201544284820557
strungen	strunge	strunge	strungeKe	strungeLe	strungeBe	strungeP	3.014371156692505
beweissen	beweisse	beweisse	beweissebe	beweisseI	beweisseP	beweisseBe	3.6972663402557373
eingern	eingere	eingere	eingereP	eingerej	eingerep	eingereB	3.2606847286224365
gläuen	gläue	gläue	Agläue	gläuej	gläueI	gläueB	2.3629279136657715
fonsen	fonse	fonse	fonseLe	fonsKe	fonseB	fonseP	2.0761125087738037
ersandeln	ersandele	ersandele	ersandelexe	ersandelepe	ersandeleY	hrsandele	3.547034740447998
vermackern	vermackere	vermackere	vermackereU	vermackereY	vermackereP	vermackereè	4.787893772125244
verleumen	verleume	verleume	verleumeKe	verleumeI	verleumey	verleumePe	4.004051685333252
belärten	belärte	belärte	belärtere	belärtxe	belärteI	belärteY	2.789562463760376
kreuten	kreute	kreute	kreutere	Gkreute	Pkreute	Ekreute	2.8292691707611084
kopbestizieren	kopbestiziere	kopbestiziere	kopbestiziereBe	kopbestiziereLe	kopbestizkiere	kopbestziziere	5.648888111114502
geblüben	geblübe	geblübe	geblübere	geblübeLe	geblübeBe	gbeblübe	3.2805676460266113
extamen	extame	extame	Bextame	extamPe	extampe	extamey	2.5649428367614746
dulchelln	dulchelle	dulchelle	dulchellepe	dulchelleWe	dulchellePe	dulchellze	4.0326313972473145
belängen	belänge	belänge	belängeÖe	belängve	belängeI	belängep	3.2118754386901855
pontieren	pontiere	pontiere	pontiereBe	pontiereY	pontiereI	pontiereP	3.1068713665008545
desodieren	desodiere	desodiere	desodiereBe	desodiereMe	desodiereY	desodiereP	3.9200427532196045
kneckten	kneckte	kneckte	knecàkte	kneckteI	kneckteP	knecktep	3.0189883708953857
bewüsgen	bewüsge	bewüsge	bewüsgeKe	bewüsgze	bewüsgeBe	bewüsgve	3.1271941661834717
ersenen	ersene	ersene	erseneBe	erseneY	ersenepe	erseney	3.145644187927246
kräufern	kräufere	kräufere	Pkräufere	kkräufere	Gkräufere	kräufereP	3.5626111030578613
bleunen	bleune	bleune	Ubleune	bleunAe	bleuney	bleunep	2.8042025566101074
verwäumen	verwäume	verwäume	verwäumey	verwäumej	verwäumeI	verwäumeB	3.830113172531128
expfeigen	expfeige	expfeige	expfeigeKe	expfeigeLe	expfeigeBe	expfeigeße	3.8599085807800293
klinzen	klinze	klinze	klinzepe	klinzePe	Gklinze	Eklinze	2.9512715339660645
behühnen	behühne	behühne	behühnere	behühnÜe	behühney	behühnep	3.4711148738861084
fuckern	fuckere	fuckere	fuckerere	fuöckere	fuckereP	fuckerej	3.177647829055786
empfrondeln	empfrondele	empfrondele	empfrondeleNe	empfrondeleße	empfrondeleVe	empfrondelePe	4.662374496459961
deginieren	deginiere	deginiere	deginiereBe	deginiereY	deginiereI	deginiereP	4.804269790649414
freichern	freichere	freichere	freicherere	freichereP	freichereU	freicherexe	4.188687801361084
bespiehen	bespiehe	bespiehe	bespieheBe	bespieheLe	bespiehepe	bespfiehe	3.891958713531494
fäuchen	fäuche	fäuche	fäucheQe	fäuchze	fäucheB	fäuchep	2.446458101272583
verspellen	verspelle	verspelle	verspellepe	verspellePe	verspelleI	verspelleY	4.335563659667969
kontrostieren	kontrostiere	kontrostiere	kontrostiereBe	kontrostiereQe	kontrostierey	kontrostiereve	5.352345943450928
steiben	steibe	steibe	steibeLe	steibeBe	steibeZ	steibej	2.9486162662506104
kroben<UNK>aus	krobengause	krobengause	krobenäuse	kroben-ause	krobenzause	krobenvause	6.36121129989624
pentrorunern	pentrorunere	pentrorunere	pentrorunerere	pentrorunerexe	pentrorunerve	pentrorunereP	5.354574680328369
befehren	befehre	befehre	befehreBe	befehreY	befehrepe	befehreP	3.1473844051361084
stilbsalisieren	stilbsalisiere	stilbsalisiere	stilbsalisiereBe	stilbsalisiereQe	stilubsalisiere	stilbsalQisiere	5.659997463226318
schlassen	schlasse	schlasse	schlassere	schlasseBe	schlassKe	schlasseI	3.426008462905884
verschmeißen	verschmeiße	verschmeiße	verschmisse	verschmeißeLe	verschmeißeGe	verschmeißeÄ	4.66619348526001
knasuchen	knasuche	knasuche	knasucheLe	knasucheBe	Gknasuche	knasuchepe	3.7055747509002686
rationern	rationere	rationere	rationeÖere	rationerere	rationereP	rationereU	4.025821685791016
diftrichern	diftrichere	diftrichere	diftricherere	diftricherexe	diftrichereU	diftrichereP	4.69088077545166
dreuren	dreure	dreure	dreureQe	dreureY	dreureI	dreurAe	2.962486743927002
erfurnen	erfurne	erfurne	ekrfurne	erfurnve	erfurneY	erfurnep	3.190396547317505
betänden	betände	betände	betändere	betändeI	betändey	betändeB	3.0972073078155518
schwühlen	schwühle	schwühle	schwühlere	schwühleBe	schwühleY	schwühlve	3.5268352031707764
bauben	baube	baube	baubeLe	ubaube	Ubaube	baubey	2.3827743530273438
versedigonisieren	versedigonisiere	versedigonisiere	versedigonisiereQe	versedigonisiereBe	versedigonisiereLe	versedigonisiereÜe	6.4132914543151855
könicien	könicie	könicie	köniciere	könicieße	könicieKe	köniciePe	3.008174419403076
beschwärken	beschwärke	beschwärke	bescähwärke	bescMhwärke	beschwäkrke	beschwärkey	4.398692607879639
bebreinen	bebreine	bebreine	bebreineKe	bebreineBe	bebreineY	bebreinej	3.1920406818389893
sprüpen	sprüpe	sprüpe	sprüppe	sprüpfe	sprüpeI	sprüpey	3.0793511867523193
geschlangen	geschlange	geschlange	geschlangeBe	geschlangeKe	geschlangeÜe	geschlangüe	4.312624931335449
sprüpfen	sprüpfe	sprüpfe	sprüpfeLe	sprüpfze	sprüpfeI	sprüpfeP	3.244105339050293
erligen	erlige	erlige	erligeBe	erligeLe	erligePe	erligeI	2.845250368118286
banakulieren	banakuliere	banakuliere	banakuliereGe	banakuliereBe	banakuliereY	banakulierey	5.140662670135498
bewürden	bewürde	bewürde	bewürdere	bewürdeLe	bewürrde	bewürdxe	3.176208734512329
verlinzen	verlinze	verlinze	verlinzeQle	verlinzepe	verlinzePe	verlfinze	3.287752151489258
verkeinen	verkeine	verkeine	verkeineKe	verkeinAe	verkeineY	verkeiney	3.8121695518493652
fluppfen	fluppfe	fluppfe	fluppfeLe	fluppfze	fluppffe	fluppfeI	2.8866126537323
rendten<UNK>an	rendtensa	rendtensa	rendtenza	rendtenia	rendtenäe	rendtenga	7.316478729248047
begeln	begele	begele	begelve	begeleP	begelej	begeleB	2.6434054374694824
verzungen	verzunge	verzunge	verzungeKe	verzungeLe	verzungeBe	verzungze	3.508532762527466
blucken	blucke	blucke	bluckeße	bluckeBe	bluckze	bluckeI	2.7258071899414062
stratulieren	stratuliere	stratuliere	stratuliereBe	stratuliereGe	stratuliereY	stratulierey	4.544798851013184
erstaten	erstate	erstate	erstatere	erstateBe	erstatre	erstateI	3.2435827255249023
verkammen	verkamme	verkamme	verkammeBe	verkammeKe	verkammze	verkammeI	3.8466551303863525
vertichen	vertiche	vertiche	verticheLe	verticheBe	verticheI	verticße	3.943814277648926
sattropieren	sattropiere	sattropiere	sattropiereBe	sattroppiere	sattropiereY	sattropierey	4.8543806076049805
befuleln	befulele	befulele	befulelere	befuleleWe	befuleele	befuleleI	3.9861416816711426
rähnen	rähne	rähne	rähnve	rähney	rähnej	rähnep	2.1929779052734375
steulen	steule	steule	steulye	steuleI	steulep	steuleB	2.767458438873291
podolieren	podoliere	podoliere	podoliereBe	podolierePe	podoliereY	podoliereI	3.745234489440918
petieren	petiere	petiere	petiereBe	petierepe	petieEre	petiereY	3.5208685398101807
frannen	franne	franne	franneLe	frannze	frannve	franneB	2.393996000289917
schieffern	schieffere	schieffere	schieffereGe	schieffereY	schieffereU	schieffereP	4.671711444854736
befageln	befagele	befagele	befageleWe	befagelepe	befägele	befagelve	3.5067081451416016
sträufen	sträufe	sträufe	sträuffe	sträufze	sträufeB	sträufeQ	2.9372639656066895
kneudern	kneudere	kneudere	kneudereQue	Gkneudere	kneudereP	kneudereB	3.7435035705566406
bügern	bügere	bügere	bügereP	bügerej	bügerve	bügereB	2.7586724758148193
pahlungieren	pahlungiere	pahlungiere	pahlungiereBe	pahlungiereY	pahlungierey	pahlungiereÄ	4.623427391052246
dochnunken	dochnunke	dochnunke	dochnunkeLe	dochnunkeße	dochnunkeBe	dochnunkeY	4.305931091308594
konterrikerieren	konterrikeriere	konterrikeriere	konterrikeriereLe	konterrikeriereQe	konterrikeriereÜe	vonterrikeriere	6.903395175933838
behitzen	behitze	behitze	behitzeQe	behitzepe	behitzeI	behitzePe	3.5534110069274902
purkrachten	purkrachte	purkrachte	purkrachtere	purkrachteÜe	purkrachtte	purkrachteI	4.3123860359191895
staberen	stabere	stabere	stabereBe	stabbere	staberepe	staberve	2.646446466445923
klarken	klarke	klarke	klarkepe	klarrke	Gklarke	klarkAe	2.8536102771759033
stüsten	stüste	stüste	stüstve	stüsteI	stüsteQ	stüstep	2.6934430599212646
fusgen	fusge	fusge	fusgeLe	fusgeI	fusgeP	fusgeB	2.3320019245147705
dustieren	dustiere	dustiere	dustiereBe	dustfiere	dustiereY	dustiereI	3.7097954750061035
endlaubigten	endlaubigte	endlaubigte	endlaubigtere	endlaubfigte	endlaubigteÜ	endlaubiote	4.852328777313232
pricodern	pricodere	pricodere	pricoderere	pricodereP	pricodereU	pricorere	4.285617351531982
sichuchten	sichuchte	sichuchte	sichuchtere	sichuchteÜe	sichuchteY	sichuchteÄ	4.068795680999756
rehren<UNK>ein	rehrengeie	rehrengeie	rehrenieie	rehrengezeie	rehrenzeie	rehrenseie	5.681675910949707
paralisieren	paralisiere	paralisiere	paralisiereBe	paralisiereGe	paralisiereY	pakalisiere	4.34441614151001
fostrungieren	fostrungiere	fostrungiere	fostrungiereBe	fostrungiereLe	fostrungiereQe	fostrungkiere	5.511807918548584
dippagieren	dippagiere	dippagiere	dippagiereBe	dippagiereMe	dippagiereY	dippagierey	4.172916889190674
sprauen	spraue	spraue	sprauQue	spraueBe	spraueI	sprauej	3.176743745803833
sperieren	speriere	speriere	speriereBe	speriereY	speriereI	sperierve	3.563443660736084
rabigen	rabige	rabige	rabigeLe	rabigeBe	rabiüge	rabigüe	3.165126085281372
beberweißen	beberweiße	beberweiße	beberwezeiße	beberweweiße	beberweißeße	beberweißeLe	4.835249423980713
befeunigen	befeunige	befeunige	befeunigeLe	befeunigüe	befeunigze	befeunigeY	4.172544956207275
freugen	freuge	freuge	freugeLe	freuöge	freugüe	freugeBe	2.6282906532287598
verbrecken	verbrecke	verbrecke	verbreckeXe	verbreckepe	verbreckze	verbreckeI	4.434428691864014
bildigen	bildige	bildige	bildigeLe	bildigeKe	bildigeBe	bildigePe	3.3013134002685547
büteten	bütete	bütete	büttete	bütetve	büteteI	büteteP	2.9635584354400635
sechteißen	sechteiße	sechteiße	sechteißKe	sechteißxe	sechteißQe	sechteißve	4.335058212280273
blupfen	blupfe	blupfe	Iblupfe	üblupfe	blupfze	blupfeP	3.0545880794525146
rapopieren	rapopiere	rapopiere	rapopiereBe	rapoppiere	rapopiereY	rapopiereI	3.847019672393799
prapieren	prapiere	prapiere	prapiereBe	prappiere	prapàiere	prapiereY	3.523244857788086
verschwößen	verschwöße	verschwöße	verschwößeBe	verschwösse	verschwößeQe	verschwößej	4.829201698303223
beschlätzen	beschlätze	beschlätze	beschlätzeQe	beschlätzeße	beschlätzle	beschlätzte	4.437661170959473
beregeln	beregele	beregele	beregelere	beregeleWe	beregeleBe	beregeleP	3.7452564239501953
verländen	verlände	verlände	verländere	verländeBe	verländeI	verländeW	3.6558926105499268
konrientieren	konrientiere	konrientiere	konrientiereBe	konrientiereQe	konrientiereve	Ekonrientiere	5.277020454406738
verwicken	verwicke	verwicke	verwickeLe	verwickeße	verwickepe	verwickeI	3.908625364303589
besträufen	besträufe	besträufe	besträufze	besträufeY	besträufeI	besträufej	3.750917434692383
beblüngen	beblünge	beblünge	beblüngeKe	beblüngeBe	beblüngeÖe	beblüngze	3.5735936164855957
blauchern	blauchere	blauchere	blauchereQuche	blaucherere	blauchereP	blauchereU	3.8812193870544434
ernägen	ernäge	ernäge	ernägeÖe	ernägeQe	ernägeBe	ernägepe	2.6199049949645996
ergrappen	ergrappe	ergrappe	ergrappeLe	ergrappeI	ergrappeY	ergrappeP	3.702713966369629
berengnen	berengne	berengne	berengnere	berengneÜe	berengnze	berengnepe	3.6720974445343018
behießen	behieße	behieße	behießeÖe	behießeLe	behießePe	behießeGe	3.189523696899414
särfen	särfe	särfe	särfeQe	särfeY	särfey	särfeB	2.0399322509765625
kuchen<UNK>ach	kuchengache	kuchengache	kuchen-ache	kuchenzache	kuchenvache	kuchenäche	7.104158401489258
destonden	destonde	destonde	destondere	destondeKe	destondeLe	destondeI	3.9178271293640137
bünneln	bünnele	bünnele	bünneleBe	bünnßele	bünnelve	bünnelej	3.1091580390930176
kauratieren	kauratiere	kauratiere	kauratiereBe	kauratiereGe	kauratiereY	kauratierey	4.367077350616455
erleißen	erleiße	erleiße	erleißeLe	erleißKe	erleißeè	erleißeG	2.9734385013580322
verschlecken	verschlecke	verschlecke	verschleckeLe	verschleckeye	verschleckve	verschleckeY	5.01173210144043
krappern	krappere	krappere	Gkrappere	kkrappere	Pkrappere	krappereP	3.6870310306549072
pocolelisieren	pocolelisiere	pocolelisiere	pocolelisiereBe	pocolelisiereLe	pocolelisiereye	pocolelisiereve	5.946277618408203
besähren	besähre	besähre	besähreY	besähreQ	besährep	besähreB	3.400545597076416
deflögen	deflöge	deflöge	deflögeÖe	deflögeKe	deflögeBe	deflögeP	2.9508440494537354
boligen	bolige	bolige	boligeLe	boligeBe	boligePe	boliüge	2.5247609615325928
expieren	expiere	expiere	expiereBe	expierepe	expiereY	expierAe	3.009066343307495
beleucken	beleucke	beleucke	beleuckeße	beleuckeLe	beleuckepe	beleuckeI	3.9895811080932617
vermörgen	vermörge	vermörge	vermörgeBe	vermörgeWe	vermörgeÖe	vermörgeP	3.2493672370910645
sprunkten	sprunkte	sprunkte	sprunkteBe	sprunkteI	sprunkteY	sprunktep	3.8835697174072266
färgen	färge	färge	färgeQe	färgeLe	färgey	färgeB	1.9857847690582275
schweiten	schweite	schweite	schweitere	schweitxe	schweiteI	schweiteY	3.5592901706695557
steiden<UNK>ferdron	steideneferdro	steideneferdro	steiden-ferdro	steideneferdre	steideniferdre	steideniferdro	9.862500190734863
kümpen	kümpe	kümpe	kümpeLe	kümpeBe	Pkümpe	kümpeI	2.48551607131958
sopfizieren	sopfiziere	sopfiziere	sopfiziereBe	sopffiziere	sopfizierüe	sopfiziereY	4.343801021575928
versänknen	versänkne	versänkne	versänknepe	versänkney	versänkneY	versänknej	3.997910737991333
grählen	grähle	grähle	grähleQe	grählepe	Agrähle	gkrähle	3.224606990814209
vertetzen	vertetze	vertetze	vertetzepe	vertetzeQe	vertetzePe	vertetzeè	3.805513620376587
verleigen	verleige	verleige	verleigeKe	verleigeLe	verleigeBe	verleigePe	3.7073612213134766
selden<UNK>wan	seldenäwa	seldenäwa	seldengwae	seldengwa	seldeniwa	seldennwa	6.494701385498047
verhankern	verhankere	verhankere	verhankekere	verhankerexe	verhankereU	verhankereY	4.397418975830078
behuckern	behuckere	behuckere	behuckerere	behuckereBe	behuckereU	behuckereP	4.10810661315918
blusseln	blussele	blussele	blusseleBe	blusseleQs	Iblussele	blusseleè	3.293316125869751
kramphorieren	kramphoriere	kramphoriere	kramphoriereBe	kramphoriereLe	krampvhoriere	kramphokriere	4.998912334442139
schiffisieren	schiffisiere	schiffisiere	schiffisiereBe	schiffisiereQe	schifffisiere	schiffisiereY	5.452739715576172
verwüssen	verwüsse	verwüsse	verwüssKe	verwüsseI	verwüsseQ	verwüssep	3.2544119358062744
stünkten	stünkte	stünkte	stünkteBe	stünkteI	stünkteP	stünktep	3.253105878829956
dehittern	dehittere	dehittere	dehitterexe	dehittereQi	dehittereP	dehitterepe	3.7599782943725586
froten	frote	frote	fkrote	frotKe	frotAe	froteI	2.5774242877960205
facken<UNK>dor	fackengdore	fackengdore	fackenidore	fackenädore	fackenzdore	fackensdore	6.864904880523682
verlüffen	verlüffe	verlüffe	verlüffze	verlüffeY	verlüffeI	verlüffeP	3.5969207286834717
kanspolieren	kanspoliere	kanspoliere	kanspoliereBe	kanspoliereY	kanspoliereU	vanspoliere	4.959330081939697
gröppen	gröppe	gröppe	gröppeLe	gkröppe	gröppeI	gröppey	2.5372233390808105
pordrationieren	pordrationiere	pordrationiere	pordrationiereLe	pordkrationiere	pordrationierve	pordrationierte	5.7302703857421875
gesilligen	gesillige	gesillige	gesilligeGe	gesilligePe	gesilligüe	gesilligeI	4.4621195793151855
kossanen	kossane	kossane	kossaneBe	kossanepe	kossanne	kossaney	2.9600155353546143
bewürdern	bewürdere	bewürdere	bewürderere	bewürdereQü	bewürdereU	bewürdereP	4.322249412536621
spellern	spellere	spellere	spellerere	spellereWe	spellemre	spellereI	3.4731786251068115
vertroffern	vertroffere	vertroffere	vertroffereGe	vertrofferexe	vertroffzere	vertroffereP	4.802370548248291
verbländen	verblände	verblände	verbländere	verbländeWe	verbländet	verbländey	3.76753830909729
verschleichen	verschleiche	verschleiche	verschleicheLe	verschleicheBe	verschleicheÄe	verschleicke	5.3945536613464355
dinken	dinke	dinke	dinkeLe	dinkàe	dinkeBe	dinkeI	2.6392245292663574
kronieren	kroniere	kroniere	kroniereBe	Pkroniere	Gkroniere	Ekroniere	3.428293228149414
verspärsen	verspärse	verspärse	verspärseY	verspärsey	verspärsej	vekspärse	4.001274108886719
pircheten	pirchete	pirchete	pirchetere	pircheteMe	pircvhete	pircheteY	3.6958346366882324
sogieren	sogiere	sogiere	sogiereY	sogiereBe	sogiereI	sogiereP	3.648918628692627
prärbulieren	prärbuliere	prärbuliere	prärbuliereBe	pArärbuliere	pkrärbuliere	prärbulierüe	4.761582374572754
pripfen	pripfe	pripfe	pkripfe	pripfze	pripffe	pripfeI	2.9620773792266846
gerrängen	gerränge	gerränge	gerrängeÖe	gerrängeBe	gerrängeI	gerrängep	3.4388904571533203
sotetieren	sotetiere	sotetiere	sotetiereBe	sotetieäre	sotetiereY	sotetiereI	4.394796848297119
prostonieren	prostoniere	prostoniere	prostoniereBe	pkrostoniere	prostonviere	prostonieare	4.550397872924805
flonsließen	flonsließe	flonsließe	flonsließeGe	flonslLieße	flonslfieße	flonslvieße	4.243474006652832
riffinieren	riffiniere	riffiniere	riffiniereBe	riffiniereY	riffinierey	riffiniereP	4.659543037414551
erwüchen	erwüche	erwüche	erwüchere	erwücheLe	erwüchze	erwüchep	3.2590603828430176
verflühen	verflühe	verflühe	verflühere	verflüheBe	verflüheWe	verflühepe	3.632504463195801
bomogern	bomogere	bomogere	bomogerere	bomogerre	bomogereP	bomogereI	3.9534215927124023
pittrahieren	pittrahiere	pittrahiere	pittrahiereBe	pittrahiereY	pittrahierey	pittrahiereÄ	4.531242370605469
dastieren	dastiere	dastiere	dastiereBe	dastiereY	dastiereI	dastiereP	3.8446736335754395
perinieren	periniere	periniere	periniereBe	periniereY	periniereI	pekiniere	4.29926872253418
ditettrogen	ditettroge	ditettroge	ditettrogeBe	ditettrogeKe	ditettrogeMe	ditettrooge	3.6821212768554688
bestoten	bestote	bestote	bestotere	bestotre	bestoteI	bestoteBe	3.278493642807007
bewöhnen	bewöhne	bewöhne	bewöchne	bewöhnve	bewöhney	bewöhneB	3.045124053955078
statten<UNK>ab	stattenäbe	stattenäbe	statteniabe	stattenzabe	stattensabe	stattenbabe	7.677243709564209
rändigen	rändige	rändige	rändigeLe	rändigeKe	rändigeBe	rändigePe	3.149944543838501
gefahnen	gefahne	gefahne	gefahneLe	gefahneBe	gefahneY	gefahnep	3.352935314178467
schwieden	schwiede	schwiede	schwiedeLe	schwiedeKe	schwiedeBe	schwiedxe	4.036332130432129
riesten	rieste	rieste	riestere	riestAe	riestye	riesteI	2.7392709255218506
pfodern	pfodere	pfodere	pfodereLe	pfodereP	pfoderep	pfodereB	3.330303907394409
verstreinen	verstreine	verstreine	verstrezine	verstreVine	verstreinve	verstreineY	4.5023627281188965
klotperren	klotperre	klotperre	klotperrepe	Gklotperre	Pklotperre	klotperreY	3.7218644618988037
erbrongen<UNK>her	erbrongenchere	erbrongenchere	erbrongenehere	erbrongenihere	erbrongenahere	erbrongenhere	8.810338020324707
stingen	stinge	stinge	stingeBe	stingeLe	stingüe	stingep	2.6101810932159424
krinsten	krinste	krinste	krinstere	Gkrinste	Ekrinste	krinsteI	3.2138044834136963
belegen<UNK>an	belegenga	belegenga	belegengae	belegenäe	belegenra	belegenna	5.152247428894043
krinden<UNK>aus	krindennause	krindennause	krindenzause	krindeniause	krindenrause	krindenäuse	8.04117488861084
verteisen	verteise	verteise	verteiseße	verteiseBe	verteisKe	verteiseY	3.7146832942962646
genaurigen	genaurige	genaurige	genaurigeLe	genaurigüe	genaurigeI	genaurigeY	4.423030853271484
konstrasieren	konstrasiere	konstrasiere	konstrasiereBe	konstrasiereQe	konstrasiereve	konstrasierey	5.140069007873535
erleiten	erleite	erleite	erleitere	erleiteI	erleitej	erleiteP	3.047908306121826
führen<UNK>fer	führenifere	führenifere	führenäfere	führengere	führenffere	führenrfere	5.3673882484436035
pragen<UNK>wor	pragengwore	pragengwore	pragenewore	pragengworere	pragenrwore	prageniwore	4.750155448913574
pechtichen	pechtiche	pechtiche	pechtichere	pechticheLe	pechticheBe	pechticheY	4.238182067871094
entlüsten	entlüste	entlüste	entlüstere	Gentlüste	entlüsteI	entlüsteÖ	3.633632183074951
krutsen	krutse	krutse	krutseQe	Pkrutse	Gkrutse	krutseP	2.8150978088378906
sitionieren	sitioniere	sitioniere	sitioniereBe	sitionLiere	spitioniere	sitioniereY	4.343308448791504
behaten	behate	behate	behatere	behatre	behateBe	behateI	2.9467051029205322
ernugsteligen	ernugstelige	ernugstelige	ernugsteligeBe	ernugsteligeLe	ernugstellige	ernugsteligeÜ	4.846475601196289
rottieren	rottiere	rottiere	rottiereBe	rottfiere	rottiereY	rottiereI	3.4034790992736816
ergrissen	ergrisse	ergrisse	ergrissere	ergrisseBe	ergrisseI	ergrisseP	3.425381898880005
errapss	errapsse	errapsse	errapse	errapste	errapsze	errapssere	4.056608200073242
ditsallisieren	ditsallisiere	ditsallisiere	ditsallisiereBe	ditsallisiereQe	ditsallisiereLe	ditsallisiereye	5.199188709259033
debrechen	debreche	debreche	debrecheBe	debrecheLe	debrechepe	debrecheI	3.840101718902588
verschliehen<UNK>aus	verschliehe	verschliehe	verschliehere	verschliehen	verschliehensause	verschliehele	5.7518391609191895
verstrehen	verstrehe	verstrehe	verstreheBe	verstreheLe	verstreheMe	verstrehePe	4.436450004577637
prozieren	proziere	proziere	proziereBe	pkroziere	proziereY	proziereI	3.889922618865967
bewillen	bewille	bewille	bewillere	bewilleI	bewillePe	bewilleY	3.055366039276123
küllen	külle	külle	küllepe	Gkülle	küllVe	külleI	2.0839552879333496
schnanttern	schnanttere	schnanttere	schnanttereGe	schnanttereU	schnantterve	schnanttereP	5.123452663421631
grässen	grässe	grässe	grässeQe	grässKe	grässej	grässeI	3.005387306213379
entripteln	entriptele	entriptele	entriptelexe	entripteleße	entriptelePe	entriptzele	4.39171028137207
käpfen	käpfe	käpfe	käpfeQe	käpfeLe	Gkäpfe	käpfey	2.388385534286499
schnehlen	schnehle	schnehle	schnehlere	schnehlepe	schnehlve	schnehleY	3.43804669380188
schlulgern	schlulgere	schlulgere	schlulgerere	schlulgereXe	schlulgereU	schlulgereP	4.29402494430542
sabilisieren	sabilisiere	sabilisiere	sabilisiereBe	sabilisiereGe	sabilisiereY	sabilisierey	5.018943786621094
knuttalisieren	knuttalisiere	knuttalisiere	knuttalisiereBe	knuttalisiereQe	knuttalisiereye	Eknuttalisiere	5.141628265380859
korrotieren	korrotiere	korrotiere	korrotiereBe	korrotiereY	korrotierey	vorrotiere	4.285516262054443
bebeungen	bebeunge	bebeunge	bebeungeKe	bebeungeLe	bebeungeBe	bebeungepe	3.4220123291015625
entmechten	entmechte	entmechte	entmechteLe	entmecahte	entmechteI	entmechteY	3.9523260593414307
firkeln	firkele	firkele	firkelere	firkeleBe	ffirkele	firkelve	3.035245418548584
butschern	butschere	butschere	butscherere	butschereQs	butschereP	sutschere	4.19498348236084
prasoren	prasore	prasore	prasoJre	prasoreY	prasoreI	prasoreB	2.70630145072937
schleigen	schleige	schleige	schleigeBe	schleigeKe	schleigeLe	schleigze	3.521183729171753
stütten	stütte	stütte	stüttze	stüttve	stüttxe	stütteI	2.708883047103882
verstorten	verstorte	verstorte	verstorteMe	verstoärte	verstorteY	verstorteI	3.6472878456115723
einsproten	einsprote	einsprote	einsprotere	einsprotre	einsproteI	einsproteY	3.946441173553467
exisern	exisere	exisere	exiserexe	exisereP	exiserej	exisereB	2.6283867359161377
stöfffauern	stöfffauere	stöfffauere	stöffauere	stöffwauere	stöffrauere	stöfffauerexe	5.204896926879883
flachnen	flachne	flachne	flachneÜe	flachnepe	flacNhne	flacMhne	2.805227756500244
spernen	sperne	sperne	speärne	sperneY	sperney	sperneB	2.641364574432373
braupern	braupere	braupere	brauperere	bkraupere	braupereP	braupereI	3.5257060527801514
entwähren	entwähre	entwähre	entwährexe	entwähreY	entwährep	entwähreB	3.252915620803833
pesieren	pesiere	pesiere	pesierepe	pesiereBe	pesiereY	pesierePe	3.405622720718384
versogne	versogne	versogne	versognere	versognepe	versogneY	versognej	3.8402106761932373
behraben	behrabe	behrabe	behrabeLe	behrabeKe	behrabeBe	behrabbe	3.1772189140319824
verzasten	verzaste	verzaste	verzastere	verzastKe	verzastze	verzasteI	4.22201681137085
dekilieren	dekiliere	dekiliere	dekiliereBe	dekiliereY	dekiliereI	dekilierePe	4.13827657699585
schülten	schülte	schülte	schültere	schülteÖe	schülteWe	schültre	3.210904359817505
bekänden	bekände	bekände	bekändere	bekändxe	bekändey	bekändeWe	3.176135301589966
einerraschtieren	einerraschtiere	einerraschtiere	einerraschtierexe	einerraschtiereQe	einerraschtiereÜe	einerrascPhtiere	6.363744258880615
dekinieren	dekiniere	dekiniere	dekiniereBe	dekàiniere	dekiniereY	dekiniereI	4.083085060119629
verstordern	verstordere	verstordere	verstordereGe	verstordereQe	verstorrdere	verstordereU	4.6195149421691895
pretturen	pretture	pretture	prettureBe	prettuäre	prettureY	prettureQ	3.617039442062378
rikzonisieren	rikzonisiere	rikzonisiere	rikzonisiereBe	rikzonisiereLe	rikzonisiereQe	rikzonisierey	5.538745403289795
freinichtigen	freinichtige	freinichtige	freinichtigeBe	freinichtigeLe	freinichtigeÜ	freinichtigey	5.273989677429199
ermättern	ermättere	ermättere	ermätterexe	ermättereQä	ermätterepe	ermätterve	3.934103012084961
erschläschen	erschläsche	erschläsche	erschlässche	erschläscheLe	erschläscheBe	erschläschej	4.935309886932373
verhällen	verhälle	verhälle	verhällere	verhälleWe	verhällze	verhälleY	3.555631160736084
dekrumitieren	dekrumitiere	dekrumitiere	dekrumitiereBe	dekrumitiereQe	dekrumfitiere	dekrumpitiere	5.057565212249756
plämpeln	plämpele	plämpele	plämpelexe	plämpelepe	plämpfele	plämpeleI	3.0022881031036377
verbragen	verbrage	verbrage	verbrageBe	verbrageKe	verbragePe	verbragüe	3.741978168487549
erschäffen	erschäffe	erschäffe	erschäffexe	erschäffze	erschäffeY	erschäffej	3.862337112426758
dofforinieren	dofforiniere	dofforiniere	dofforiniereBe	dofforiniereLe	dofforiniereve	dofforinierey	4.745181083679199
diffieren	diffiere	diffiere	diffiereBe	difffiere	diffiereY	diffiereI	3.6173765659332275
dramilieren	dramiliere	dramiliere	dramiliereBe	dramilierüe	dramiliereY	dramiliereI	4.777912139892578
erbraten	erbrate	erbrate	erbratere	erbratre	erbrateI	erbrateY	3.1589856147766113
beflagen	beflage	beflage	beflageKe	beflageBe	beflageLe	bfeflage	3.5509560108184814
furmanern	furmanere	furmanere	furmanerere	furmanereP	furmanereU	furmanerep	3.8042521476745605
futzen	futze	futze	futzeQe	futzüe	futzve	futzep	2.127084493637085
fahrnern	fahrnere	fahrnere	fahrnerere	fahrnerexe	fahkrnere	fahrnereP	3.9328224658966064
flüschen	flüsche	flüsche	flüscheLe	flüscheP	flüschep	flüscheB	2.7921090126037598
pechnen	pechne	pechne	pechneÜe	pechneY	pechnepe	pechney	2.4781785011291504
ermuchtigen	ermuchtige	ermuchtige	ermuchtigeGe	ermuchtigeBe	ermuchtigeÜe	ermuchtigeY	5.056354522705078
deskreisen	deskreise	deskreise	deskreiseße	deskreiseBe	deskkreise	deskreiseY	4.220052242279053
stisen	stise	stise	stiseQe	stisej	stiseP	stiseBe	2.6486144065856934
bleuern	bleuere	bleuere	bleueAre	bleueIre	bleuereP	bleuerep	3.6313459873199463
ersichen	ersiche	ersiche	ersicheLe	ersicheBe	ersichepe	ersicAhe	3.216615676879883
verhirnen	verhirne	verhirne	verhirnere	verhirneÜe	verhfirne	verhirneY	3.711362361907959
gestleiden	gestleide	gestleide	gestleidere	gestleideLe	Egestleide	gestleidKe	4.1638665199279785
erneten	ernete	ernete	erneteI	erneteP	erneteBe	erneteGe	2.9611289501190186
kandscheln	kandschele	kandschele	kandscheleße	kandschelepe	kandschelePe	kandscheleY	4.4525146484375
bewiffern	bewiffere	bewiffere	bewifferere	bewiffereP	bewiffereY	bewifferep	3.9184131622314453
ferrnischern	ferrnischere	ferrnischere	ferrnischerere	ferrnischereQe	fernischere	ferrnisschere	5.540031433105469
gefreichen	gefreiche	gefreiche	gefreicheße	gefreicheLe	gefreicheBe	gefreichze	4.542828559875488
feusleiten	feusleite	feusleite	feusleitere	feusleVite	feuslexite	feusleitxe	3.85296893119812
korprotieren	korprotiere	korprotiere	korprotiereBe	korprotiereGe	Gkorprotiere	korprotiereY	4.929279804229736
kanspragen	kansprage	kansprage	kansprageBe	kansprageXe	Gkansprage	kansprageY	3.9652082920074463
potoreiieren	potoreiiere	potoreiiere	potoreiiereGe	potoreiiereBe	potoreiierüe	potoreiiereY	4.556068420410156
schücktern	schücktere	schücktere	schücktereGe	schücktereP	schücktereU	schücktereQ	4.612107753753662
vermandren	vermandre	vermandre	vermandrepe	vermandkre	vermandrKe	vermandreY	4.104083061218262
frompurieren	frompuriere	frompuriere	frompuriereBe	fkrompuriere	frompuäriere	frompuriereY	4.773883819580078
serlen	serle	serle	serlepe	serleY	serleVe	serley	2.3245019912719727
entmangen	entmange	entmange	entmangeKe	entmangeBe	entmangeI	entmangepe	3.6313846111297607
schwässen	schwässe	schwässe	scyhwässe	schwässze	schwässKe	schwässeB	3.4771814346313477
fleifagieren	fleifagiere	fleifagiere	fleifagziere	fleifagkiere	fleifagiereY	fleifagierey	4.612131118774414
erlinken	erlinke	erlinke	erlinkeÖe	erlinkeBe	erlinkepe	erlinkeI	3.422290802001953
plarieren	plariere	plariere	plariereBe	plarQiere	plariereY	plariereI	3.841069459915161
verhormen	verhorme	verhorme	verhormeBe	verhormeY	verhormeI	verhormeP	3.4962143898010254
stundigulieren	stundiguliere	stundiguliere	stundiguliereBe	stundiguliereLe	stundiguliereQe	stundiguliereye	6.1078667640686035
prunkern	prunkere	prunkere	prunkerere	prunkereBe	prunkereI	prunkereP	4.030942440032959
kankilieren	kankiliere	kankiliere	kankiliereBe	kankàiliere	kankfiliere	kankiliereY	4.183757781982422
entspicken	entspicke	entspicke	entspickeLe	entspickepe	entspficke	entspickeI	4.1815619468688965
verwotzeln	verwotzele	verwotzele	verwotzeleY	verwotzeleè	verwotzeleÄ	verwotzeleP	4.287432670593262
flisten	fliste	fliste	flistere	flistße	flisteI	flisteP	2.738656759262085
vertaben	vertabe	vertabe	vertabeLe	vertabeÖe	vertabeKe	vertabeBe	3.205655336380005
vermotten	vermotte	vermotte	vermottere	vermotteI	vermottey	vermottep	3.6751012802124023
entbieren	entbiere	entbiere	entbiereBe	entbfiere	Kentbiere	entbiereY	3.511894702911377
verschlätten	verschlätte	verschlätte	verschlättere	verschlätteWe	verschlätteY	verschlätteÜ	5.391689300537109
verhohrnen	verhohrne	verhohrne	verhohrneXe	verhohrnepe	verAhohrne	verhohrneY	3.7206475734710693
verfarmen	verfarme	verfarme	verfarmve	verfarmeY	verfarmeI	verfarmeP	3.4246840476989746
rausahren	rausahre	rausahre	rausahreY	rausahreBe	rausahreI	rausahrep	3.2977395057678223
kätreuen	kätreue	kätreue	kätreueBe	kätreuePe	Ekätreue	kätrueue	3.243736982345581
kotschern	kotschere	kotschere	kotscherere	kotschereQs	kotschereP	kotscHere	4.264406681060791
verkreisen	verkreise	verkreise	verkreiseße	verkreisKe	verkreiseY	verkreisey	4.029829502105713
verweinen	verweine	verweine	verweineKe	verweineY	verweiney	verweinej	3.636632204055786
entschlorden	entschlorde	entschlorde	entschlordere	entschlordece	entschlordeye	entschlörde	5.147637367248535
kamben	kambe	kambe	kambeLe	kambeBe	Pkambe	kambeI	2.527378559112549
verschlatzen	verschlatze	verschlatze	verschlatzeQe	vekschlatze	verschlatzeÄ	verschlatzeÜ	4.747232913970947
konstieren	konstiere	konstiere	konstiereBe	Gkonstiere	Ekonstiere	konstiereY	3.6825151443481445
verzingern	verzingere	verzingere	verzingerere	verzingerexe	verzingereU	verzingereP	4.502322196960449
kormeisen	kormeise	kormeise	kormeiseLe	Gkormeise	kormeiseY	kormeisej	3.7722795009613037
reifatieren	reifatiere	reifatiere	reifatiereBe	reiffatiere	reifatiereY	reifatierey	4.04953670501709
schwülken	schwülke	schwülke	schwülkeße	schwülkeBe	schwülkeWe	schwülkeY	3.5912868976593018
ergrenken	ergrenke	ergrenke	ergrenkeLe	ergrenkepe	ergrenkeBe	ergrenkeY	3.6045284271240234
klärren	klärre	klärre	Pklärre	Gklärre	klärreY	klärrepe	2.8600919246673584
finkeln	finkele	finkele	finkelere	finkeleBe	ffinkele	finkelve	3.292261838912964
behüßen	behüße	behüße	behüßeQe	behüßpe	behüßKe	behüßve	2.7630443572998047
pländlen	pländle	pländle	pländlepe	pländele	pländlePe	pländleI	3.20892596244812
blächen	bläche	bläche	blächeQe	blächej	blächeB	blächep	2.8358442783355713
erkeilen	erkeile	erkeile	erkeilere	erkeilePe	erkeilAe	erkeileI	3.675845146179199
korrentieren	korrentiere	korrentiere	korrentiereBe	korrentniere	korrentziere	korrentiereY	4.756135940551758
vontosern	vontosere	vontosere	vontossere	vontosekre	vontosereP	vontosereè	4.458266258239746
vertrütten	vertrütte	vertrütte	vertrüttere	vertrüttey	vertrütteY	vertrütteI	4.097713470458984
schälzen	schälze	schälze	schälzeÖe	schälzere	schälzeQe	schälzüe	3.2675719261169434
beschmilben	beschmilbe	beschmilbe	beschmilbeße	beschmilbeBe	beschmilbey	beschmilbeY	4.879646301269531
prenogrikumen	prenogrikume	prenogrikume	prenogrikumeBe	prenogrikumeLe	prenogrikaume	prenogrzikume	5.657188892364502
erlästen	erläste	erläste	erlästere	Aerläste	Berläste	erlästeI	3.153552770614624
ditstallen	ditstalle	ditstalle	ditstallepe	ditstallePe	ditstallve	ditstalleI	3.5945115089416504
verzosseln	verzossele	verzossele	verzosselexe	verzosseleY	verzosseleÄ	verzosseleP	4.532109260559082
flingen	flinge	flinge	flingeLe	flingeBe	flingep	flingeP	2.899868965148926
krerzen	krerze	krerze	krerzepe	krerzeQe	krerzePe	Gkrerze	2.744382858276367
gruperen	grupere	grupere	grupereBe	grupereY	gruperepe	gruperve	3.5551886558532715
erlagern	erlagere	erlagere	erlagerere	erlagereI	erlagereP	hrlagere	3.698814868927002
fundeln	fundele	fundele	fundeleQe	fundeleBe	fundelve	fundeleP	3.3499138355255127
erfaulern	erfaulere	erfaulere	erfaulerere	erfaulekre	erfaulemre	erfaulereU	3.8428139686584473
pustern	pustere	pustere	pustvere	pustNere	pusterve	pustereP	3.3175835609436035
verspanken	verspanke	verspanke	verspankeLe	verspankey	verspankeY	verspankeÄ	4.304293632507324
furteln	furtele	furtele	furteleße	furteleBe	furtelve	furteleQ	2.979124069213867
plitzulieren	plitzuliere	plitzuliere	plitzuliereBe	plitzulieare	plitzuliereY	plitzuliereÄ	4.918454170227051
planden	plande	plande	plandeLe	plandeBe	plandePe	plandeI	2.9605770111083984
verstallen	verstalle	verstalle	verstallepe	verstallePe	verstalley	verstalleY	4.527760982513428
brüfeln	brüfele	brüfele	bkrüfele	brüffele	brüfelve	brüfelze	3.2635841369628906
dreuern	dreuere	dreuere	dreuerere	dreuereP	dreuereB	dreuereQ	3.1814751625061035
dätteln	dättele	dättele	dättßele	dättelve	dättelej	dätteleQ	3.162292957305908
verhölfen	verhölfe	verhölfe	verhölfexe	verhölffe	verhölfeY	verhölfeP	3.4409584999084473
flahlen	flahle	flahle	flahleBe	flahlepe	flahleY	flahlePe	2.696054458618164
stappnicieren	stappniciere	stappniciere	stappniciereBe	stappniciereLe	stappiciciere	stappnicpiere	5.107004642486572
gluckken	glucke	glucke	gluckke	gluckze	gluckepe	gluckpe	3.1345632076263428
verhunden	verhunde	verhunde	verhundere	verhundeLe	verhundeKe	verhundeI	3.551748752593994
spalden	spalde	spalde	spaldere	spaldeLe	spaldePe	spallde	2.826754093170166
fandern	fandere	fandere	fandereP	fanderve	fanderej	fanderep	3.0363564491271973
schimseln	schimsele	schimsele	schimselexe	schimselepe	schimseleY	schimseleP	4.413011074066162
gesulieren	gesuliere	gesuliere	gesuliereBe	gesuliereY	gesuliereI	gesulierePe	4.20257043838501
behilten	behilte	behilte	behiltere	behilteÖe	behilteI	behilteWe	3.3610732555389404
schrurtschen	schrurtsche	schrurtsche	schrurtscheLe	schrurtscheBe	schrurtscPhe	schrurtscheÜ	5.053709983825684
grüffeln	grüffele	grüffele	grüffeleBe	grüffelepe	Agrüffele	grüffelze	3.540613889694214
bewalten	bewalte	bewalte	bewaltere	bwewalte	bewaltre	bewalteI	3.3784778118133545
flunzen	flunze	flunze	flunzeQe	flunzeLe	fluQnze	flunzepe	2.9901340007781982
verstundeln	verstundele	verstundele	verstundeleße	verstundeleVe	verstundeleNe	verstundelve	5.232110023498535
verkollen	verkolle	verkolle	verkollepe	verkollze	verkolleI	verkolleY	3.691317081451416
besterlen	besterle	besterle	besterleY	besterleQ	besterleP	sesterle	3.7200207710266113
beweuern	beweuere	beweuere	beweuerere	beweuereP	beweuerep	beweuereB	3.565211057662964
verfrörten	verfrörte	verfrörte	verfrörtere	verfrörtxe	verfrörteY	verfrörteW	3.744041681289673
fortolieren	fortoliere	fortoliere	fortoliereBe	fortoliereY	fortolierey	fortoliereI	4.459542274475098
polbeln	polbele	polbele	polbelere	polbeleBe	polbßele	polbWele	3.01686692237854
erraubieren	erraubiere	erraubiere	erraubiereBe	erraubiereMe	errauubiere	erraubiereY	4.2886505126953125
glaglern	glaglere	glaglere	glaglerere	Eglaglere	Aglaglere	glaglereI	3.8320977687835693
schlaften	schlafte	schlafte	schlaftere	schlaftre	schlafteY	schlafteI	3.572045087814331
bewürnen	bewürne	bewürne	bewürnAe	bewürney	bewürneY	bewürnep	3.065610885620117
expechen	expeche	expeche	expecheLe	expecheBe	expecAhe	expechze	3.2931106090545654
betreiten	betreite	betreite	betreitere	betreBite	betreitre	betreiteI	4.019252300262451
deklieren	dekliere	dekliere	dekliereBe	dekliereY	dekliereI	deklierePe	3.780642032623291
kleichen	kleiche	kleiche	kleicheLe	kleicheI	kleicheP	kleichep	3.3149607181549072
entwingen	entwinge	entwinge	entwingeBe	entwingepe	entwingePe	entwàinge	3.3877146244049072
gingentern	gingentere	gingentere	gingentereQe	gingentereGe	gingentereU	gingentereP	4.691122055053711
krupsen	krupse	krupse	krupseBe	Pkrupse	Gkrupse	krupseI	2.6567893028259277
expersträngen	experstränge	experstränge	expersträngeBe	expersträngeV	expekstränge	hxperstränge	5.194775104522705
drankeln	drankele	drankele	drankeleBe	drankelere	drankelePe	drankelve	3.6837470531463623
raskompellen	raskompelle	raskompelle	raskompelleBe	raskompLelle	raskompelleY	raskompelley	4.838376045227051
gespilzen	gespilze	gespilze	gespilzepe	gespilzePe	gespilzeMe	gespilzüe	3.609793186187744
forratisieren	forratisiere	forratisiere	forratisiereBe	forratisiereQe	forratisiereLe	forratfisiere	5.296919345855713
vermeißen	vermeiße	vermeiße	vermeißeLe	vermeißepe	vermeißePe	vermeißKe	3.6076738834381104
enthonen	enthone	enthone	enthoneKe	enthoneBe	Kenthone	enthoney	2.97883677482605
knägen	knäge	knäge	knägeQe	knägepe	knägeBe	khnäge	2.2988624572753906
vertrauben	vertraube	vertraube	vertraubeMe	vertraubeBe	vertrauube	vertraubey	3.9201550483703613
versoppen	versoppe	versoppe	versoppeLe	versoppeI	versoppey	versoppeP	3.3751094341278076
strrenken	strrenke	strrenke	strrenkeLe	strrenkeBe	strrenkeY	strrenkepe	3.3854947090148926
belächen	beläche	beläche	belächeÖe	belächere	belächze	belächeB	3.5077662467956543
schwärscheln	schwärschele	schwärschele	schwärschelere	schwärscheleße	schwärscheleNe	schwärscYhele	5.018337249755859
silbrusten	silbruste	silbruste	silbrustere	silbrusteQb	silbkruste	silbrusteI	3.497720718383789
verkraffen	verkraffe	verkraffe	verkraffeLe	vekraffe	verkraffze	verkraffeY	3.7350449562072754
erfrauchen	erfrauche	erfrauche	erfraucheLe	erfraucheMe	erfraucheBe	erfrauchze	4.063817501068115
verschanden	verschande	verschande	verschandeLe	verschandere	verschandey	verschanre	4.452305793762207
