src	greedy	beam_1	beam_2	beam_3	beam_4	beam_5	entropy
verlehlen	verlehle	verlehle	verlehlepe	verlehleY	verlehleI	verlehlePe	3.5413498878479004
forcken	forcke	forcke	forckeLe	forckeI	forckeY	forckep	2.6264986991882324
prondieren	prondiere	prondiere	prondiereBe	pkrondiere	prondiereY	prondiereI	3.9053683280944824
spurzen	spurze	spurze	spurzeQe	spurzepe	spurzePe	spuürze	2.4287989139556885
schrießen<UNK>ab	schrießeniabe	schrießeniabe	schrießensabe	schrießencabe	schrießenhabe	schrießennabe	7.288148880004883
ebstürten	ebstürte	ebstürte	Kebstürte	ebstüärte	ebstürteI	ebstürteY	3.7583277225494385
krontaletieren	krontaletiere	krontaletiere	krontaletiereBe	krontaletiereQe	krontaletiereLe	Gkrontaletiere	4.91831636428833
denallten	denallte	denallte	denalltere	denalltre	denallteWe	denallteI	3.802340507507324
ergrättern	ergrättere	ergrättere	ergrättereGe	ergrätterve	ergrättereU	ergrättereY	4.565814971923828
erfranken	erfranke	erfranke	erfrankeLe	erfrankze	erfrankeY	erfrankep	3.624290704727173
erwieden	erwiede	erwiede	erwiedeLe	erwiedePe	erwiedeI	erwiedet	3.3181164264678955
freutigen	freutige	freutige	freutigeBe	freutigeKe	freutigeLe	freutigeP	3.2418084144592285
degatisieren	degatisiere	degatisiere	degatisiereBe	degatisiereGe	degatisiereY	degatisierey	4.496353626251221
verfrüschen	verfrüsche	verfrüsche	verfrüscheLe	verfrüscheße	verfrüscheBe	verfrüssche	5.03812313079834
vermarnen	vermarne	vermarne	vermarneLe	vermarneY	vermarney	vermarnep	3.207080125808716
entkopremen	entkopreme	entkopreme	entkopremeKe	entkoprmeme	entkopremePe	entkopremeÄ	4.591883182525635
verfunnen	verfunne	verfunne	verfunnere	verfunnze	verfunneY	verfunnep	3.030104637145996
berässen	berässe	berässe	berässeÖe	berässKe	berässze	berässej	3.0014381408691406
drappen	drappe	drappe	drappeLe	dkrappe	drappze	drappeI	2.424619674682617
kreigen	kreige	kreige	kreigeLe	Gkreige	Pkreige	Ekreige	3.110464096069336
pulgen	pulge	pulge	pulgeLe	pulgeBe	pulgeI	pulgeP	2.2302603721618652
frodionieren	frodioniere	frodioniere	frodioniereGe	fkrodioniere	frodioniereBe	frodioniereY	4.785576343536377
erfucken	erfucke	erfucke	erfuckeße	erfuckeBe	erfuckeI	erfuckep	3.24393630027771
speulen	speule	speule	speulve	speulye	speuleI	speuleBe	2.258911371231079
ergreigen	ergreige	ergreige	ergreigeLe	ergreigeBe	ergreigeKe	ergreigePe	3.8634889125823975
verschlöntigen	verschlöntige	verschlöntige	verschlöntigeBe	verschlöntigeLe	verschlöntigeÜe	verschlöntigeye	5.915166854858398
riffern	riffere	riffere	rfiffere	rifferze	riffereP	rifferep	3.010960578918457
spränten	spränte	spränte	spräntere	spräntze	spränteI	spräntep	3.252112627029419
verlenken	verlenke	verlenke	verlenkeLe	verlenkeBe	verlenkepe	verlkenke	3.5918948650360107
gefingen	gefinge	gefinge	gefingeLe	gefingeBe	gefingePe	gefingeGe	2.8997480869293213
belenden	belende	belende	belendeLe	belendeKe	belendeI	belendeP	3.29563045501709
verwörten	verwörte	verwörte	verwörtere	verwörteI	verwörteW	verwörteB	3.4284145832061768
staufieren	staufiere	staufiere	staufiereBe	stauffiere	staufQfere	staufLiere	3.891557216644287
pritorieren	pritoriere	pritoriere	pritoriereBe	pritoriereMe	pkritoriere	pritoriereY	4.058467864990234
gurrchen	gurrche	gurrche	gurrcheLe	gurreche	gurrcheI	gurrcheP	3.518437623977661
fringen<UNK>finger	fringenefingere	fringenefingere	fringenrfingere	fringengfingere	fringen-fingere	fringennfingere	8.589303016662598
flaustichen	flaustiche	flaustiche	flausticheLe	flausticheße	flaustichöe	flausticheY	4.856348514556885
verschirmen	verschirme	verschirme	verschirmeBe	verschirmeße	verschirmeY	verschirmey	4.888666152954102
erstinkern	erstinkere	erstinkere	erstinkereBe	erstinkereU	erstinkereY	erstinkereP	4.62786340713501
erspitzen	erspitze	erspitze	erspitzeQpe	erspitzepe	erspfitze	erspàitze	3.7473275661468506
frösen	fröse	fröse	fröseQe	frösej	fröseB	fröseL	2.145183801651001
verlüttigen	verlüttige	verlüttige	verlüttigeGe	verlüttigeBe	verlüttioge	verlüttiüge	3.943657398223877
extollaginieren	extollaginiere	extollaginiere	extollaginiereBe	extollaginiereQe	extollagkiniere	extollaginiereLe	5.742528438568115
steinieren	steiniere	steiniere	steiniereBe	steiniereY	steiniereI	steiniereP	4.071732521057129
daueln	dauele	dauele	daugele	dauelve	dauelze	dauelej	2.751788377761841
bestingen	bestinge	bestinge	bestingeBe	bestingeKe	bestingePe	bestingepe	3.248015880584717
sarsselen	sarssele	sarssele	sarssGele	sarsseleY	sarsseleP	sarsselep	3.5026919841766357
verzwürfen	verzwürfe	verzwürfe	verzwüärfe	verzwürffe	verzwürfeY	verzwürfeI	4.104383945465088
serleln	serlele	serlele	serlelere	serleleBe	serlelePe	serlelve	3.1142642498016357
fluedigen	fluedige	fluedige	fluedigeKe	fluedigeLe	fluedigeße	fluedigeP	3.2840235233306885
erwangen	erwange	erwange	erwangeBe	erwangeI	erwangepe	erwangeP	3.5271267890930176
verblüssen	verblüsse	verblüsse	verblüssere	verblüsseße	verblüsseBe	verblüsseY	4.062253952026367
expärten	expärte	expärte	expärtere	Bexpärte	expärteWe	expärtxe	3.0736312866210938
gestuchen	gestuche	gestuche	gestucheLe	gestucheBe	gestuchze	gestucheI	3.423945665359497
erwastern	erwastere	erwastere	erwastereP	erwastereY	erwastereè	erwasterep	3.8102283477783203
schiffeln	schiffele	schiffele	schiffeleWe	schiffelepe	schiffeleY	schiffeleP	3.7688112258911133
breißen	breiße	breiße	breißeLe	breißKe	breißve	breißeP	2.595370292663574
stindern	stindere	stindere	stinderere	stindereP	stindereI	stinderep	3.6118521690368652
raufteln	rauftele	rauftele	raufteleBe	rauftelepe	rauftzele	rauftelve	3.4011075496673584
bewacken	bewacke	bewacke	bewackeLe	bewackeBe	bwewacke	bewackeI	3.4723479747772217
stüßen	stüße	stüße	stüßeQe	stüßve	stüßKe	stüßep	2.1092145442962646
verziegen	verziege	verziege	verziegeBe	verziegeKe	verziegeLe	verziegePe	3.9122848510742188
brurstern	brurstere	brurstere	brurstekre	brurstereP	brurstereè	brurstereQ	4.351294994354248
degeen	dege	dege	degee	degeie	degeGe	deget	2.477602958679199
stetzen<UNK>ein	stetzengeie	stetzengeie	stetzenneie	stetzenieie	stetzennie	stetzenzeie	7.5049004554748535
ersponieren	ersponiere	ersponiere	ersponiereBe	ersponiereY	ersponiereI	ersponierey	4.934351921081543
exomplikieren	exomplikiere	exomplikiere	exomplikiereBe	exomplikiereLe	exomplikierve	exomplikiereY	5.183010578155518
bekröffen	bekröffe	bekröffe	bekröffexe	bkekröffe	bekröffze	bekröffeY	3.174805164337158
vertrecken	vertrecke	vertrecke	vertreckeXe	vertreckepe	vertreckeLe	vertreckeI	3.9801273345947266
verkrecken	verkrecke	verkrecke	verkreckeXe	verkreckeLe	verkreckepe	verkreckze	4.296291351318359
bekilgen	bekilge	bekilge	bekilgeÖe	bekilgeBe	bekilgePe	bekilgeI	3.434812307357788
besopben	besopbe	besopbe	besopbeLe	besopbeKe	besopbepe	besopbze	3.1936774253845215
verklaten	verklate	verklate	veklate	verklatere	verklatre	verklateI	3.399827480316162
kunsen	kunse	kunse	kunseQe	kunseLe	kunseP	kunseB	2.4100046157836914
grutchen	grutche	grutche	grutcheLe	grutcheP	grutcheB	grutchep	3.4158294200897217
suchtigen	suchtige	suchtige	suchtigeBe	suchtigeLe	suchtigeKe	suchtigve	3.7033824920654297
suttallisieren	suttallisiere	suttallisiere	suttallisiereBe	suttallisiereQe	suttallisiereLe	suttallisiereye	5.891266345977783
kreinern	kreinere	kreinere	Ekreinere	Gkreinere	kreinereP	kreinerep	3.8282952308654785
degen<UNK>um	degenäume	degenäume	degengume	degenmume	degeniume	degeneume	5.118994235992432
prienstollen	prienstolle	prienstolle	prienstolleBe	pkrienstolle	prienstolleY	prienstolleÜ	4.746558666229248
bustrunden	bustrunde	bustrunde	bustrundere	bustrundeLe	bustrundKe	bustrundeI	4.041024208068848
protern	protere	protere	pkrotere	protereP	proterep	protereI	3.0303962230682373
entschlaften	entschlafte	entschlafte	entschlaftere	entschlafteY	entschlafteÄ	entschläfte	4.90027379989624
klinsen	klinse	klinse	klinseBe	Gklinse	Eklinse	Pklinse	3.0795300006866455
stlapen	stlape	stlape	stlapeLe	stlappe	stlapfe	stlapNe	2.605437994003296
spürzen	spürze	spürze	spürzeQe	spürzepe	spürzePe	spürzve	2.898026466369629
darbotieren	darbotiere	darbotiere	darbotiereBe	darbotiereGe	darbotiereY	darbotierey	4.3420281410217285
spuschen	spusche	spusche	spuscheLe	spuscheP	spuschep	spuscheBe	3.423163652420044
bewünsten	bewünste	bewünste	bewünsteLe	bewünstze	bewünsteI	bewünsteP	3.348282814025879
sagen<UNK>aus	sagengause	sagengause	sageneause	sagenmause	sagenaause	sageniause	4.914577007293701
versprechsen	versprechse	versprechse	versprechseBe	versprechseY	versprechseÄ	versprechsey	5.319036483764648
ernungen	ernunge	ernunge	ernungeLe	ernungeKe	ernungeBe	ernungePe	3.630868434906006
vermauen	vermaue	vermaue	vermaueKe	vermaueBe	vermaueI	vermaueje	3.121602773666382
bohrleife	bohrleife	bohrleife	bohrleifeße	bohrleifeLe	bohrleiffe	bohrleifeY	4.11910343170166
besitigen	besitige	besitige	besitigeKe	besitigeBe	besitigeLe	besitigePe	3.720989465713501
brächsseln<UNK>her	brächsselnihere	brächsselnihere	brächsselnchere	brächsselnshere	brächsselniere	brächsselnhere	7.9912285804748535
detetten	detette	detette	detettere	detettze	detetteI	detetteP	2.8550026416778564
vertrachen	vertrache	vertrache	vertracheLe	vertracheXe	vertracheBe	vertrachze	3.9905807971954346
kabilisieren	kabilisiere	kabilisiere	kabilisiereBe	kabilisiereGe	kabilisiereY	vabilisiere	5.132885932922363
remonieren	remoniere	remoniere	remoniereBe	remoniereY	remoniereI	remoniereP	4.456724643707275
rintern	rintere	rintere	rintereP	rinterep	rintereB	rintereQ	3.205010175704956
klützeln	klützele	klützele	Gklützele	Eklützele	Pklützele	klützeleI	3.620541572570801
verstern	verstere	verstere	verstereQe	verstereP	verstereB	versterep	3.311838388442993
erfiffern	erfiffere	erfiffere	erfifferere	erfiffereP	erfiffereY	erfifferep	4.110117435455322
deplizieren	depliziere	depliziere	depliziereBe	depliziereGe	deplizierüe	depliziereY	4.4563751220703125
kosteln	kostele	kostele	kostelepe	Ekostele	kostelej	kosteleP	2.9914920330047607
konnerinieren	konneriniere	konneriniere	konneriniereBe	konneriniereLe	konneriniereve	konnerinierey	5.2640380859375
belüten	belüte	belüte	belütere	belütKe	belüteI	belüteP	2.639265775680542
vertumpfen	vertumpfe	vertumpfe	vertumpfeBe	vertumpfeLe	vertumpfePe	vertumpfze	3.8111155033111572
schweuden	schweude	schweude	schweudeLe	schweudeKe	schweudeBe	schweudeI	3.4225807189941406
rodieren	rodiere	rodiere	rodiereBe	rodiereY	rodiereP	rodierepe	3.3827388286590576
darbautieren	darbautiere	darbautiere	darbautiereBe	darbautiereGe	darbautiereY	darbautierey	4.969946384429932
schwürfern	schwürfere	schwürfere	schwürfekere	schwürfereXe	schwürfereY	schwürfereU	4.4310150146484375
grinnen	grinne	grinne	grinneLe	grinneY	grinnep	grinneBe	2.9305129051208496
vermachstrießen	vermachstrieße	vermachstrieße	vermachstrießeQe	vermachstrießeLe	vermachstrießeèe	vermachstrießeZ	6.476806640625
beschlachen	beschlache	beschlache	beschlacheLe	beschlacheBe	beschlacheY	beschläche	4.71662712097168
britken	britke	britke	bkritke	britkve	britkeI	britkeP	2.719402551651001
verbehlen	verbehle	verbehle	verbehlepe	verbehlePe	verbehleI	verbehleY	3.909285068511963
stäulen	stäule	stäule	Istäule	stäuleI	stäulej	stäuleQ	3.0910186767578125
ernarkeln	ernarkele	ernarkele	ernarkeleLe	ernarkeleße	ernarkelePe	ernarkeleY	3.658184289932251
kommorinieren	kommoriniere	kommoriniere	kommoriniereBe	kommoriniereLe	kommoriniereve	kommorinierey	5.202186584472656
besonsen	besonse	besonse	besonseÖe	besonsKe	besonseP	besonsep	2.802929401397705
erschlissen	erschlisse	erschlisse	erschlisseQe	erschlisseBe	erschlisseY	erschlisseÄ	4.863970756530762
erschwintern	erschwintere	erschwintere	erschwintereGe	erschwintereQe	erschwintereBe	erschwinterev	5.366415977478027
bleckeln	bleckele	bleckele	bleckeleBe	bleckelepe	bleckelePe	bleckeleI	3.755113124847412
bautsern	bautsere	bautsere	bautsekre	bautseIre	bautsebre	bautsereP	3.509002685546875
erwängern	erwängere	erwängere	erwängereBe	erwängereP	erwängereI	erwängerep	3.9640963077545166
kepsen	kepse	kepse	kepseLe	kepseBe	kpepse	kepsKe	2.4485538005828857
gewückeln	gewückele	gewückele	gewückeleBe	gewückeleße	gewückeleY	gewückelePe	3.9904518127441406
verzüchen	verzüche	verzüche	verzüchere	verzücheÖe	verzücheLe	verzüchze	3.6965432167053223
erfleigen	erfleige	erfleige	erfleigeLe	erfleigeKe	erfleigeße	erfleigePe	3.6958703994750977
bebannen	bebanne	bebanne	bebanneLe	bebanneY	bebanneBe	bebannep	3.4514880180358887
pfleisen	pfleise	pfleise	pfleiseLe	pfleiseße	pfleQise	pfleisKe	3.2693612575531006
bestlöffen	bestlöffe	bestlöffe	bestlöffexe	bestlöfffe	bestlöffze	bestlöffeY	4.015087604522705
blessen<UNK>auf	blessenzaufe	blessenzaufe	blessennaufe	blesseniaufe	blessen-aufe	blessenvaufe	7.75258731842041
gondren<UNK>ein	gondrenzeie	gondrenzeie	gondrengeie	gondrenneie	gondrenieie	gondrenäie	7.283520221710205
verstiffen	verstiffe	verstiffe	verstiffeLe	verstiffeBe	verstifffe	verstiffeY	3.7127492427825928
knetzen<UNK>ein	knetzengeie	knetzengeie	knetzenneie	knetzenieie	knetzenzeie	knetzenäe	7.131906032562256
kommeln	kommele	kommele	kommeleWe	kommeleBe	kommßele	kommeleI	3.0419275760650635
stardeten	stardete	stardete	stardetere	starrdete	stardette	starldete	3.3989486694335938
korlasilisieren	korlasilisiere	korlasilisiere	korlasilisiereQe	korlasilisiereBe	korlasilisiereLe	Gkorlasilisiere	5.784537315368652
komanidieren	komanidiere	komanidiere	komanidiereBe	komanidiereGe	komanidiereLe	Gkomanidiere	5.147270679473877
kelben	kelbe	kelbe	kelbeLe	kelbeGe	kelbve	kelbeI	2.5598690509796143
pfürmen	pfürme	pfürme	pfürmeLe	pfürmeI	pfürmeP	pfürmeB	2.7838897705078125
gewärten	gewärte	gewärte	gewärtere	gewärtxe	gewärteI	gewärteY	3.020718574523926
flübern	flübere	flübere	flübvere	flüberve	flübereP	flüberep	3.243927478790283
babeln	babele	babele	babelve	babelej	babeleP	babeleB	2.963531017303467
erspotten	erspotte	erspotte	erspottere	eArspotte	erspotteI	erspottep	3.719081163406372
knotronieren	knotroniere	knotroniere	knotroniereBe	knotroniereLe	Eknotroniere	knotroniereY	4.5322980880737305
erschleiden	erschleide	erschleide	erschleidere	erschleideLe	erschleideYe	erschleidet	4.81763219833374
krepsen	krepse	krepse	krepseLe	krepseBe	Gkrepse	kkrepse	2.7193703651428223
belöffen	belöffe	belöffe	belöffeÖe	belöffze	belöffeY	belöffeP	3.0697102546691895
dehompren	dehompre	dehompre	dehomprepe	dehomprKe	dehompreY	dehompreI	3.5326547622680664
verspreinen	verspreine	verspreine	verspredine	versprezine	verspreinej	verspreineY	4.590949535369873
entlagen	entlage	entlage	entlageBe	entlageKe	entlagePe	entlageI	3.1498260498046875
punden	punde	punde	pundeLe	pundeBe	pundeI	pundey	2.214590549468994
beweifen	beweife	beweife	beweifeLe	beweiffe	beweifAe	beweifeY	3.0265142917633057
krapfeln	krapfele	krapfele	krapfelepe	Gkrapfele	Pkrapfele	Ekrapfele	3.3990352153778076
plädeten	plädete	plädete	plädeteÖe	plädeteI	plädeteP	plädeteB	3.498624086380005
fiserungen	fiserunge	fiserunge	fiserungeLe	fiserungeXe	fiserungeBe	ffiserunge	3.7961573600769043
erstringen	erstringe	erstringe	erstringeBe	erstringeLe	erstringePe	erstringeY	4.123635768890381
begräben	begräbe	begräbe	begräbepe	begräbeWe	begräube	begräbeBe	3.1077170372009277
destähen	destähe	destähe	destähere	destäheQ	destähej	destäheBe	3.1191627979278564
prorieren	proriere	proriere	proriereBe	pkroriere	proriereY	proriereI	3.568230628967285
versäufern	versäufere	versäufere	versäufereP	versäufereU	versäufereY	versäufereI	4.296862602233887
grenken	grenke	grenke	grenkeLe	grenkeBe	gkrenke	grenkepe	2.7430918216705322
seiben	seibe	seibe	seibeLe	seibepe	seibve	seibeZ	2.889075756072998
ersäffen	ersäffe	ersäffe	ersäffeÖe	ersäffze	ersäffeI	ersäffep	3.0566656589508057
ehren<UNK>aus	ehreneause	ehreneause	ehreniause	ehrengause	ehrenaause	ehrenäuse	6.847689628601074
knuttern	knuttere	knuttere	Gknuttere	Eknuttere	Pknuttere	knuttereP	3.4508721828460693
knuszen	knusze	knusze	knuszeQe	knuszepe	knuszePe	Pknusze	2.688258647918701
verleißen	verleiße	verleiße	verleißeLe	verleißeße	verleißePe	verleißKe	3.449144124984741
bunsten	bunste	bunste	bunsteLe	bunstve	bunsteI	bunsteP	2.6634292602539062
verleifen	verleife	verleife	verleifeLe	verleifeße	verleiffe	verleifAe	4.025782585144043
streisten	streiste	streiste	streistere	streisteÜe	streistße	streisteI	3.1750264167785645
verkartanzen	verkartanze	verkartanze	verkartanzeLe	verkartanzeQe	verkaartanze	verkartanzüe	4.6145734786987305
krerken	krerke	krerke	krerkepe	Gkrerke	krerkAe	krerkeY	2.7754201889038086
depinieren	depiniere	depiniere	depiniereBe	depiniereY	depiniereI	depinierePe	3.8445324897766113
ragen<UNK>wort	rageneworte	rageneworte	ragengworte	ragenvworte	ragen-worte	ragenworte	5.729221343994141
verbandern	verbandere	verbandere	verbandereXe	verbandereY	verbandereU	verbandereP	4.42529296875
schluttern	schluttere	schluttere	schluttereGe	schlutterepe	schluttereU	schluttereP	4.268483638763428
erstalltern	erstalltere	erstalltere	erstalltereGe	erstalltereQe	erstallttere	erstalltereU	4.436875343322754
desplachen	desplache	desplache	desplacheLe	desplacheBe	desplacheMe	desplachepe	3.80148983001709
brösen<UNK>aus	brösengause	brösengause	bröseniause	brösenvause	brösen-ause	brösenäuse	7.668972015380859
versteiten	versteite	versteite	versteitere	versteiteLe	verstezite	verstefite	3.8119378089904785
ermalschen	ermalsche	ermalsche	ermalscheLe	ermalschepe	ermalscheI	ermalschePe	4.050390720367432
verweifen	verweife	verweife	verweifeLe	verweiffe	verweifet	verweifeY	3.584517240524292
grissen	grisse	grisse	grisseQe	grisseI	grisseP	grisseB	2.6565396785736084
seidern	seidere	seidere	seiderve	seidereP	seiderep	seiderej	3.379319667816162
grapieren	grapiere	grapiere	grapiereBe	gkrapiere	grapiereY	grapiereI	4.347788333892822
geheinen	geheine	geheine	geheineBe	geheinve	geheinAe	geheineY	3.1700775623321533
ergräuen	ergräue	ergräue	ergräuere	ergräueÖe	eZrgräue	ergräuej	3.3828399181365967
versprucken	versprucke	versprucke	verspruckeXe	verspruckeY	verspruckey	verspruckeÄ	4.636988639831543
entflauen	entflaue	entflaue	entflaueKe	entflaueBe	entflauePe	Kentflaue	3.431577682495117
pitachisieren	pitachisiere	pitachisiere	pitachisiereBe	pitachisiereLe	pitachisiereve	pitachisierey	5.497409820556641
getifulieren	getifuliere	getifuliere	getifuliereGe	getifuliereBe	getifulierüe	getifuliereY	4.7578959465026855
verschlohlen	verschlohle	verschlohle	verschlohleY	verschlohleÜ	verschlohleÄe	verschlöhle	5.275012016296387
errassen	errasse	errasse	errasseQe	errasseI	errasseP	errassep	3.154171943664551
verschrempen	verschrempe	verschrempe	verschrempeLe	verschrempeGe	verschrempeÄ	verscHrempe	5.125140190124512
behellen	behelle	behelle	behellePe	behellve	behellze	behelleY	2.7745213508605957
schlellnen	schlellne	schlellne	schlellnere	schlellnepe	schlellnVe	schlellneY	3.7612526416778564
flüben	flübe	flübe	flübeLe	flüLbe	flüQbe	flüAbe	2.031667470932007
gräumiguieren	gräumiguiere	gräumiguiere	gräumiguiereBe	gräumiguiereLe	Agräumiguiere	gräumiguziere	5.496163368225098
erleuchen	erleuche	erleuche	erleucheLe	erleucheBe	erleucheI	erleuchepe	3.755197763442993
feuen	feue	feue	feueLe	feueKe	fReue	feuej	2.006666898727417
korphomolieren	korphomoliere	korphomoliere	korphomoliereBe	korphomoliereLe	korphomoliereye	korphomolierve	6.436259746551514
kremben	krembe	krembe	krembeLe	krembePe	Gkrembe	krembve	2.8939929008483887
prekten	prekte	prekte	pkrekte	prektxe	prekteI	prekteP	2.6428439617156982
brechsern	brechsere	brechsere	brechsereBe	brechsereP	brechsereY	brechserep	3.9101874828338623
käueln	käuele	käuele	Gkäuele	käuelve	käuelej	käueleI	2.896151065826416
beleisten	beleiste	beleiste	beleistere	beleisteI	beleisteÖ	beleisteP	3.6320314407348633
kondentieren	kondentiere	kondentiere	kondentiereBe	kondentiereGe	kondentniere	kondentiereY	4.80868673324585
korlogorieren	korlogoriere	korlogoriere	korlogoriereBe	korlogoriereLe	Gkorlogoriere	Pkorlogoriere	5.015251636505127
fundutieren	fundutiere	fundutiere	fundutiereGe	fundutiereBe	fundutiereY	fundutierey	4.422441482543945
vertrünzen	vertrünze	vertrünze	vertrünzepe	vertrünzeLe	vertrünzeQe	vertrünzeè	3.9215686321258545
verflafigungieren	verflafigungiere	verflafigungiere	verflafigungiereÜe	verflafigungiereBe	verflafigungiereQe	verflaffigungiere	6.9174699783325195
verschröten	verschröte	verschröte	verschrötere	verschröteBe	verschröteWe	verschrötte	4.201626300811768
greinigen	greinige	greinige	greinigeBe	greinigeKe	greinigeLe	greinigePe	3.503171443939209
entkließen	entkließe	entkließe	entkließePe	entkließeGe	entkließeLe	entkließve	3.866426467895508
defrieren	defriere	defriere	defriereBe	defriereY	defriereI	defriereP	3.6417720317840576
ränden	rände	rände	rändere	rändeLe	rändeI	rändey	2.3208961486816406
bochtern	bochtere	bochtere	bochtereP	bochterep	bochtereY	bochtereB	3.7116129398345947
verweißen	verweiße	verweiße	verweißeLe	verweißepe	verweißePe	verweißKe	3.2588272094726562
prestten	prestte	prestte	presttere	presttKe	presttze	prestteI	2.7939188480377197
spitieren	spitiere	spitiere	spitiereBe	spitiereY	spitiereI	spitiereP	3.286257266998291
krehren	krehre	krehre	krehrepe	krehreBe	kreehre	Gkrehre	3.1467387676239014
vermeiten	vermeite	vermeite	vermeitere	vermeiteLe	vermeiteI	vermeitej	3.3899590969085693
plötten	plötte	plötte	plöttze	plöttxe	plöttße	plöttve	2.362010955810547
sompen	sompe	sompe	sompeLe	sompeI	sompey	sompeP	2.712491750717163
stabeln	stabele	stabele	stabelepe	stabWele	stabelve	stabeele	3.1379008293151855
stähnen	stähne	stähne	stähneÖe	stähnep	stähney	stähneB	2.5095932483673096
versillern	versillere	versillere	versillereU	versillereI	versillereY	versillerPe	4.643586158752441
verwürfern	verwürfere	verwürfere	verwürfereXe	verwürfereU	verwürfereY	verwürfereP	4.472403526306152
ergenen	ergene	ergene	ergeneBe	ergenepe	ergenge	ergenAe	2.9672157764434814
brießen	brieße	brieße	brießeQe	brießeGe	brießePe	brießxe	2.7335498332977295
vertracken	vertracke	vertracke	vertrackeXe	vertrackeLe	vertrackepe	vertrackeY	4.595737457275391
verspussen	verspusse	verspusse	verspusseÄ	verspusseI	verspussep	vekspusse	3.9880661964416504
entwahnen	entwahne	entwahne	entwahneLe	entwaéhne	entwahneY	entwahnep	3.418433666229248
bereichten	bereichte	bereichte	bereichtere	bereichteLe	bereichteY	bereichteI	4.3094916343688965
bestäuen	bestäue	bestäue	bestäuere	bestäueÖe	bestäufe	bestäuej	3.3046133518218994
pockieren	pockiere	pockiere	pockiereBe	pockiereY	pockiereI	pockierePe	3.577860116958618
erminitigen	erminitige	erminitige	erminitigeGe	erminitigeBe	erminitioge	erminitigeÜe	4.359053134918213
examieren	examiere	examiere	examiereBe	examiereY	examiereI	examiereP	3.3543694019317627
pfrahnen	pfrahne	pfrahne	pfrahneLe	pfraéhne	pfrahneY	pfrahnep	3.0478086471557617
verkluckern	verkluckere	verkluckere	verkluckereGe	verkluckereY	verkluckereP	verkluckereU	5.008389949798584
plechern	plechere	plechere	plechereP	plechereI	plecherep	plechereB	3.7017946243286133
kankieren	kankiere	kankiere	kankiereBe	Gkankiere	Pkankiere	kankiereY	3.5147228240966797
berandern	berandere	berandere	beranderere	berandereLe	berandereP	berandereY	4.331469535827637
schläckeln	schläckele	schläckele	schläckeleße	schläckelepe	schläckelePe	schläckeleY	4.424927234649658
verblahen	verblahe	verblahe	verblaheLe	verblaheKe	verblaheBe	verblahze	3.455808162689209
pautschieren	pautschiere	pautschiere	pautschiereBe	pautschiereLe	pautschiereY	pautschierey	5.190570831298828
sangen<UNK>aus	sangengause	sangengause	sangeneause	sangen-ause	sangengausere	sangenäuse	4.626776695251465
frünsteln	frünstele	frünstele	fkrünstele	frünstzele	frünsteleQn	frünsteleY	3.759045362472534
gimmen	gimme	gimme	gimmeLe	gimmeI	gimmeP	gimmey	2.556483507156372
bekreißen	bekreiße	bekreiße	bekreißeLe	bekreißeße	bekreißKe	bekreißxe	3.357086181640625
beteistern	beteistere	beteistere	beteisterepe	beteistereY	beteistereU	beteistereP	4.300865650177002
betrehsen<UNK>ab	betrehseniabe	betrehseniabe	betrehsenhabe	betrehsensabe	betrehsenbabe	betrehsencabe	8.346858024597168
verwechtigen	verwechtige	verwechtige	verwechtigeGe	verwechtigeBe	verwechtigeÜ	verwechtigey	4.669396877288818
glaumern	glaumere	glaumere	Eglaumere	Aglaumere	glaumereP	glaumereI	3.8384315967559814
splangen	splange	splange	splangeKe	splangeBe	splangepe	splangePe	2.941304922103882
schlirten	schlirte	schlirte	schlirtere	schlirteY	schlirteI	schlirteP	3.5709011554718018
rönden	rönde	rönde	röndeLe	röndeI	röndey	röndeB	2.3415181636810303
besprenken	besprenke	besprenke	besprenkeLe	besprenkeBe	besprenkepe	besprenkeY	3.9858174324035645
dreiben	dreibe	dreibe	dreibeLe	dreibeGe	dkreibe	dreibve	3.1273481845855713
entkammen	entkamme	entkamme	entkammeKe	entkammeBe	entkammze	entkammeI	3.909686803817749
kruckieren	kruckiere	kruckiere	kruckiereBe	kruckiereLe	Ekruckiere	kruckiereY	4.177402496337891
grurfen	grurfe	grurfe	grurffe	grurfeY	grurfeI	grurfeP	2.7835819721221924
stablen	stable	stable	stablepe	stablKe	stableY	stableI	2.4281013011932373
vermintern	vermintere	vermintere	vermintereXe	verminterve	vermintereU	vermintereY	4.59511137008667
ermetten	ermette	ermette	ermettere	ermetteI	ermetteP	ermettep	3.539541006088257
schwinzen	schwinze	schwinze	schwinzepe	schwinzeXe	schwfinze	schwinzePe	3.80363392829895
verbreischen	verbreische	verbreische	verbreischeLe	verbreischeBe	verbreiscVhe	verbreiscYhe	5.299197673797607
dalinieren	daliniere	daliniere	daliniereBe	daliniereY	daliniereI	daliniereP	4.103718280792236
schriebeln	schriebele	schriebele	schriebeleWe	schriebelepe	schriebelePe	schriebeleY	4.5601654052734375
verleugen	verleuge	verleuge	verleugeKe	verleugeBe	verleuöge	verleugeI	3.874140739440918
strafeien<UNK>zirung	strafeienizirue	strafeienizirue	strafeienezirue	strafeienszirue	strafeienlzirue	strafeiennirue	8.800079345703125
flungen	flunge	flunge	flungeze	flungeLe	flungeP	flungeBe	2.474090576171875
segieren	segiere	segiere	segiereBe	segiereY	segierve	segiereP	3.487382411956787
verlörstigen	verlörstige	verlörstige	verlörstigeGe	verlörstigeBe	verlörstinge	verlörstiüge	4.397028923034668
erkorphorten	erkorphorte	erkorphorte	erkorpvhorte	erkorphorteye	erkorphorteY	erkorphorteÄ	4.912295818328857
ergläcken	ergläcke	ergläcke	ergläckeße	ergläckeBe	ergläckepe	ergläckeWe	3.3954243659973145
ermunden	ermunde	ermunde	ermundeLe	ermundeKe	ermundeBe	ermundeI	3.1184351444244385
besenen	besene	besene	beseneBe	besenve	besenAe	beseney	2.8966381549835205
betreichen	betreiche	betreiche	betreicheLe	betreicheBe	betreichze	betreicheI	4.0426459312438965
plirnen	plirne	plirne	plierne	plirneY	plirnep	plirneye	2.8064050674438477
pronssäbern	pronssäbere	pronssäbere	pronssäberexe	pronssäbereBe	pronssäberve	pronssäbereP	4.652782440185547
schartoffisieren	schartoffisiere	schartoffisiere	schartoffisiereLe	schartoffisiereQe	schartoffisiereÜe	scèartoffisiere	6.971330642700195
dräufen	dräufe	dräufe	dkräufe	dräuffe	dräufze	dräufeI	2.867814064025879
entwitzeln	entwitzele	entwitzele	entwitzeleWe	entwàitzele	entwfitzele	entwitzeleY	4.352077484130859
riegen<UNK>zu	riegengzue	riegengzue	riegenäzue	riegenazue	riegenizue	riegenezue	5.5358805656433105
vorschultigen	vorschultige	vorschultige	vorschultigeBe	vorschultigeLe	vorschultigeÜ	vorschultigey	5.08527946472168
soberten	soberte	soberte	sobeörte	soberteI	soberteY	soberteP	2.9138190746307373
errungenstrieben	errungenstriebe	errungenstriebe	errungenstriebeLe	errungenstriebere	errungenstriebve	errungenstriebxe	6.233175754547119
erblössen	erblösse	erblösse	erblössere	erblösseW	erblösseB	erblösseÖ	3.5646419525146484
belutteln	beluttele	beluttele	beluttelepe	beluttzele	beluttxele	belutteleè	4.02205753326416
verstagen	verstage	verstage	verstageKe	verstageBe	verstageXe	verstagüe	3.580294132232666
kabern	kabere	kabere	kaberve	kabereP	kaberep	kabereB	2.9307851791381836
fügern	fügere	fügere	füögere	fügerve	fügereP	fügereB	2.6335644721984863
verspriesen	verspriese	verspriese	versprieseBe	versprieseMe	versprieseye	versprieseY	4.620919227600098
verstachen	verstache	verstache	verstacheLe	verstacheXe	verstacheBe	verstacheY	4.275052070617676
dampleien	dampleie	dampleie	dampleiere	dampleieKe	dampleiePe	dampleieÖe	3.3646411895751953
schnarten	schnarte	schnarte	schnartere	schnarteY	schnarteI	schnarteB	3.5147831439971924
vertarmisstorieren	vertarmisstoriere	vertarmisstoriere	vertarmisstoriereQe	vertarmisstoriereÜe	vertarmisstoriereXe	vertarmistoriere	7.123478412628174
sypodern	sypodere	sypodere	sypodereLe	sypodeIre	sypodereP	sypodereI	3.6744964122772217
verseißen	verseiße	verseiße	verseißeLe	verseißepe	verseißePe	verseißeè	3.3102316856384277
verbabern	verbabere	verbabere	verbaberere	verbabereLe	verbabbere	verbabereY	4.256201267242432
entselln	entselle	entselle	entsellepe	entselleWe	entsellePe	entsellve	3.4828455448150635
pronisieren	pronisiere	pronisiere	pronisiereBe	pronisiereGe	pkronisiere	pronisiereY	4.634962558746338
kallitieren	kallitiere	kallitiere	kallitiereBe	kallitiereGe	kallitiereY	kallitiereI	4.234228134155273
ditrostrodieren	ditrostrodiere	ditrostrodiere	ditrostrodiereQre	ditrostrodiereLe	ditrostroYdiere	ditrostrodierve	5.918885231018066
frachscheln	frachschele	frachschele	frachscheleße	frachscheleNe	frachscheleY	frachscLele	5.2858052253723145
bestüchtigen	bestüchtige	bestüchtige	bestüchtigeGe	bestüchtigeBe	bestüchtigeÜ	bestüchtigey	4.828242301940918
bewassen	bewasse	bewasse	bewassKe	bewasseI	bewasseP	bewassep	3.044419050216675
sybeln	sybele	sybele	sybCele	sybelve	sybelej	sybelep	2.795459032058716
strospern	strospere	strospere	strospekre	strosperepe	strospereP	strospereY	3.8328135013580322
streichnen	streichne	streichne	streichnere	streichnepe	streichnet	streichneY	4.06441593170166
schmernen	schmerne	schmerne	schmerneY	schmerney	schmernep	schmerneB	3.909541368484497
parbnugen	parbnuge	parbnuge	parbnugeKe	parbnugeBe	parbnuoge	parbnuOge	3.655118942260742
prinkeln	prinkele	prinkele	prinkelere	prinkeleÖe	prinkelePe	pkrinkele	3.6260430812835693
siptromisieren	siptromisiere	siptromisiere	siptromisiereBe	siptromisiereLe	siptrompisiere	siptromisiereye	5.679519176483154
blusten	bluste	bluste	Ubluste	blustze	blusteI	blusteP	2.5532071590423584
raustern<UNK>an	rausterniae	rausterniae	rausternia	rausternra	rausterna	rausterniale	5.466615676879883
stären	stäre	stäre	stäreQe	stärej	stäreB	stäreY	2.496173620223999
befinieren	befiniere	befiniere	befiniereBe	befàiniere	befNiniere	befiniereY	4.144451141357422
koltieren	koltiere	koltiere	koltiereBe	Gkoltiere	Pkoltiere	Ekoltiere	3.47784423828125
gluppen	gluppe	gluppe	gluppeLe	gluppeBe	gluppeI	gluppePe	2.606208324432373
blürnen	blürne	blürne	üblürne	blürnve	blürneY	blürnep	2.949463367462158
erköllen	erkölle	erkölle	erköllere	erkölleÖe	erköllze	erkölleY	2.820147752761841
poteten	potete	potete	pottete	potBete	potKete	poteteI	2.7909789085388184
erkließen	erkließe	erkließe	erkließePe	erkließeÖe	erkließeGe	erklfieße	3.1279380321502686
gelätten	gelätte	gelätte	gelättere	gelättze	gelätteI	gelättej	2.6150338649749756
berängen	beränge	beränge	berängeÖe	berängve	berängeI	berängep	3.318807363510132
panatern	panatere	panatere	panatüere	panatNere	panatereP	panatereI	3.387789726257324
schwildenninnen	schwildenninne	schwildenninne	schwildennine	schwildenninie	schwildenninte	schwildenninnere	6.228383541107178
besprachen<UNK>ab	bespracheniabe	bespracheniabe	besprachencabe	besprachenbabe	besprachensabe	besprachenhabe	8.49850082397461
strähten	strähte	strähte	strähtere	strähteI	strähteWe	strähteB	3.3863155841827393
pflüssen	pflüsse	pflüsse	pflüssze	pflüsseI	pflüsseP	pflüssep	3.2055246829986572
kamplen	kample	kample	kamplepe	kamplePe	Gkample	Pkample	3.0578126907348633
stotieren	stotiere	stotiere	stotiereBe	stotiereY	stotiereI	stotiereP	3.7895216941833496
parben	parbe	parbe	parbeLe	parbeBe	paarbe	paärbe	2.3817062377929688
plotagen	plotage	plotage	plotageKe	plotagepe	plotagePe	plotageI	3.0839855670928955
destachen	destache	destache	destacheBe	destacheLe	destachepe	destacheI	3.677504539489746
erblachen	erblache	erblache	erblacheLe	erblacheBe	erblachepe	erblacheI	4.177367210388184
entfleben	entflebe	entflebe	entflebeKe	entflebeLe	entflebeGe	entflbebe	3.4852242469787598
burgahlen	burgahle	burgahle	burgahleY	burgahleI	burgahleP	burgahlepe	3.6435859203338623
erlerten	erlerte	erlerte	erlerteI	erlerteY	erlerteP	erlerteB	3.4480514526367188
entklacheln	entklachele	entklachele	entklacheleße	entklacheleNe	entklachelePe	entklacheleYe	5.116626739501953
erstrießen<UNK>ab	erstrießeniabe	erstrießeniabe	erstrießensabe	erstrießennabe	erstrießencabe	erstrießenlabe	8.371277809143066
syppen	syppe	syppe	syppeLe	syppze	syppve	syppeI	2.0349652767181396
betrucken	betrucke	betrucke	betruckeße	betruckeLe	betruckeI	betruckep	3.7174010276794434
rinden<UNK>ker	rindengkere	rindengkere	rindenikere	rindenäkere	rindennkere	rindenkkere	6.699203014373779
pragieren	pragiere	pragiere	pragiereBe	pragfiere	pragiereY	pragiereI	3.948733329772949
stönken	stönke	stönke	stönkeLe	stönkeI	stönkep	stönkeBe	2.47809100151062
verzühnen	verzühne	verzühne	verzühnere	verzühnte	verzühney	verzühnep	3.562692642211914
erspenken	erspenke	erspenke	erspenkeLe	erspenkepe	erspenkeBe	erspenkeI	3.791271686553955
strempern	strempere	strempere	stremperere	strempereP	strempereè	strempern	4.0590901374816895
gropfen	gropfe	gropfe	gropfeLe	gkropfe	ggropfe	gropfeP	2.6795899868011475
spimmen	spimme	spimme	spimmeLe	spimmeBe	spimmePe	spimmeI	2.6703667640686035
stirfen	stirfe	stirfe	stiürfe	stirfeI	stirfeY	stirfeP	2.7420034408569336
besehlen	besehle	besehle	besehleBe	besehlepe	besehleY	besehlePe	2.7707912921905518
spunkten	spunkte	spunkte	spunkteBe	spunkteI	spunkteP	spunktep	3.4818992614746094
krasseln	krassele	krassele	Gkrassele	Pkrassele	kkrassele	krasseleY	3.4163765907287598
schneifen	schneife	schneife	schneifeLe	schneifeße	schneifeBe	schneifeY	3.5239665508270264
debalisieren	debalisiere	debalisiere	debalisiereBe	debalisiereGe	debalisiereY	debalisierey	4.819986343383789
gritteln	grittele	grittele	grittelepe	gritteleÖe	Agrittele	grittelve	3.5604021549224854
enttieren	enttiere	enttiere	enttiereBe	enttierepe	enttiereY	enttiereP	3.52396821975708
destauschen	destausche	destausche	destauscheLe	destauscheBe	destaussche	destauscPhe	4.4348883628845215
entfrühren	entfrühre	entfrühre	entfrührepe	entffrühre	entfrühreBe	entfrühreY	3.8538599014282227
ergruttern	ergruttere	ergruttere	ergruttereGe	ergruttereU	ergruttereP	ergruttereQ	4.254051685333252
erkarzen	erkarze	erkarze	erkarzepe	erkarzeQe	erkarzePe	erkarzve	3.133800506591797
kärnstrieren	kärnstriere	kärnstriere	kärnstriereBe	Gkärnstriere	Ekärnstriere	kärnstrierüe	5.134110927581787
verschmingen	verschminge	verschminge	verschmingeBe	verschmingeLe	verschmingeGe	verschmingeÜ	5.211678981781006
sieben<UNK>aus	siebengause	siebengause	siebeneause	siebenäuse	siebenvause	sieben-ause	6.655160427093506
klummen	klumme	klumme	klummeLe	klummePe	Pklumme	Eklumme	3.1535723209381104
gopfern	gopfere	gopfere	gopferze	gopfereP	gopferve	gopferep	3.548635959625244
schnäufen	schnäufe	schnäufe	schnäufeY	schnäufeÖ	schnäufeI	schnäufeB	3.640679359436035
splirmen	splirme	splirme	splirmeLe	splirmeBe	splirmeI	splirmePe	3.2249343395233154
erlühnen	erlühne	erlühne	erlühnere	erlühneBe	erlüAhne	erlühnze	3.3905704021453857
knanzen	knanze	knanze	knanzepe	knanzePe	Gknanze	Pknanze	2.588973045349121
frönzen	frönze	frönze	frönzeQe	frönzeLe	fkrönze	frönzve	2.665024995803833
schüttigen	schüttige	schüttige	schüttigeBe	schüttigve	schüttigze	schüttigeY	3.7064597606658936
erwinkern	erwinkere	erwinkere	erwinkerere	erwinkereBe	werwinkere	erwinkereP	3.9767873287200928
kürfen	kürfe	kürfe	kürfeLe	Mkürfe	Gkürfe	kürfeY	2.569826602935791
kemichtigen	kemichtige	kemichtige	kemichtigeGe	kemichtigeBe	kemichtioge	kemichtigeÜe	4.778406620025635
schlanken<UNK>an	schlankeniae	schlankeniae	schlankenba	schlankenha	schlankenla	schlankenbae	8.345696449279785
prübeln	prübele	prübele	prübeleBe	prübelePe	pkrübele	prübWele	3.0189216136932373
belären	beläre	beläre	Ubeläre	beläreY	belärej	beläreB	2.8956329822540283
kreittern	kreittere	kreittere	Ekreittere	kreittekre	kreittereP	kreittereQe	4.058418273925781
bebenern	bebenere	bebenere	bebenereBe	bebenerve	bebenereP	bebenereWe	3.5858371257781982
schnaffen	schnaffe	schnaffe	schnaffeLe	schnaffeBe	schnaffeY	schnaffeP	3.615903377532959
gehurken	gehurke	gehurke	gehurkeLe	gehurkze	gehurkve	gehurkeY	3.325786590576172
versonzen	versonze	versonze	versonzepe	versonzeXe	versonzeQe	versonzePe	3.759244918823242
rochsen<UNK>vorgraufneiten	rochsen-vorgraufneite	rochsen-vorgraufneite	rochsenevorgraufneite	rochsenzvorgraufneite	rochsenivorgraufneite	rochsennvorgraufneite	11.63715648651123
verzeißen	verzeiße	verzeiße	verzeißeLe	verzeißePe	verzeißKe	verzeißeY	3.002871036529541
genteren	gentere	gentere	gentereY	gentereP	genterep	gentereB	3.0090959072113037
schlüsern	schlüsere	schlüsere	schlüsereBe	schlüsereP	schlüsereè	schlüserep	4.132591247558594
felten<UNK>an	feltenäe	feltenäe	feltenia	feltena	feltenma	feltenge	6.515750408172607
reuspenden	reuspende	reuspende	reuspendeLe	reuspendeKe	reuspendKe	reuspendeI	3.789477825164795
belinnen	belinne	belinne	belinnere	belinneÖe	belinneBe	belinnepe	3.4047629833221436
degesteben	degestebe	degestebe	degestebeLe	degestebeBe	degestebeKe	degestebeGe	3.800623655319214
dristtorieren	dristtoriere	dristtoriere	dristtoriereBe	dristtokriere	dristtorierüe	dristtoriereY	5.610011100769043
verhließen	verhließe	verhließe	verhließeGe	verhließePe	verhließxe	verhließve	4.051040172576904
rompen	rompe	rompe	rompeLe	Hrompe	rompeI	rompeP	2.0823423862457275
sprumpfen	sprumpfe	sprumpfe	sprumpfeBe	sprumpfePe	sprumpfze	sprumpfeI	3.4888699054718018
gropfenten	gropfente	gropfente	gropfenteMe	gkropfente	gropfentxe	gropfenteY	3.607774496078491
prozutieren	prozutiere	prozutiere	prozutiereBe	prozutiereY	prozutiereI	prozutierey	4.305436611175537
bebanben	bebanbe	bebanbe	bebanbeLe	bebanbeKe	bebanbepe	bbebanbe	3.1533291339874268
beliten	belite	belite	belitere	belitre	belitte	beliteI	2.899827718734741
beschirchen	beschirche	beschirche	beschircheLe	beschircheBe	beschircVhe	beschircheI	5.051377296447754
verlügen	verlüge	verlüge	verlügeÖe	verlügeBe	verlügeI	verlügeP	3.188002347946167
rühnen	rühne	rühne	rühneLe	rühney	rühnep	rühneB	2.360356569290161
konspallisieren	konspallisiere	konspallisiere	konspallisiereQe	konspallisiereLe	konspallisiereve	konspallisiereBe	6.40297794342041
rahrungen	rahrunge	rahrunge	rahrungeLe	rahrungeKe	rahrungeBe	rahrungeP	3.0901150703430176
frapsen	frapse	frapse	fkrapse	frapsze	frapsKe	frapseI	2.6710591316223145
geläsen	geläse	geläse	Egeläse	Ageläse	geläsKe	geläsej	2.6867220401763916
karkumieren	karkumiere	karkumiere	karkumiereBe	Gkarkumiere	Pkarkumiere	karkumierüe	4.934198379516602
ruben<UNK>fiss	rubenefisse	rubenefisse	rubenffisse	rubengfisse	rubensfisse	rubenäfisse	5.4138946533203125
grichten	grichte	grichte	grichtere	grichteÜe	grichteI	grichteP	3.4058263301849365
verbreisen	verbreise	verbreise	verbreiseLe	verbreiseße	verbreisKe	verbreiseY	4.1707844734191895
ebersträsen	ebersträse	ebersträse	bebersträse	hebersträse	ebersträseBe	vebersträse	4.556101322174072
senkalisieren	senkalisiere	senkalisiere	senkalisiereBe	senkalisiereLe	senkalisiereY	senkalisierey	5.19938850402832
verkucheln	verkuchele	verkuchele	verkucheleXe	verkucheleße	verkuchelePe	verkucheleY	4.952348232269287
verbangen	verbange	verbange	verbangeKe	verbangeLe	verbangeBe	verbangepe	3.8507239818573
versichen	versiche	versiche	versicheLe	versicheBe	versicheI	versichePe	3.727057933807373
plonen	plone	plone	ploneLe	plonLe	plonve	ploney	2.4015541076660156
verwurzen	verwurze	verwurze	verwurzeXe	verwurzepe	verwurzeQ	verwurzeP	3.5476114749908447
klellen<UNK>frem	klellenefreme	klellenefreme	klellenifreme	klellenzfreme	klellennrfre	klellenrfreme	9.047796249389648
steintern	steintere	steintere	steinteAre	steintekre	steintereP	steintereQ	3.6615006923675537
besilden	besilde	besilde	besildere	besildeLe	besildeI	besildePe	3.364690065383911
galitikalisieren	galitikalisiere	galitikalisiere	galitikalisiereLe	galitikalisiereBe	galitikalisiereÜe	galitikalisiereQe	6.730571746826172
blenen	blene	blene	blenve	blenLe	bleney	blenep	2.6856608390808105
freinen	freine	freine	freinve	freinej	freineY	freinep	2.8796744346618652
beflingen	beflinge	beflinge	beflingeKe	beflingeBe	beflingeLe	beflingePe	3.273529529571533
schwürten	schwürte	schwürte	schwürtere	schwüärte	schwürteI	schwürteW	3.7173683643341064
entflügen	entflüge	entflüge	entflügeKe	entflügeBe	entflügeÖe	Kentflüge	4.233477592468262
exteln	extele	extele	exteleße	extelve	extelej	exteleP	2.7200841903686523
sädeten	sädete	sädete	sädeteI	sädeteG	sädeteP	sädeteB	2.903378486633301
feusignieren	feusigniere	feusigniere	feusigniereGe	feusignziere	feusignwiere	feusigniereY	5.426787376403809
debelieren	debeliere	debeliere	debeliereBe	debeliereY	debeliereI	debelierePe	3.961444616317749
erruchsichen	erruchsiche	erruchsiche	erruchsicheLe	erruchsicheBe	erruchsicheY	erruchsicheÜ	5.300499439239502
bespenschen	bespensche	bespensche	bespenscheLe	bespenscheBe	bespenscVhe	bespenschepe	4.868109703063965
kompeln	kompele	kompele	kompelepe	kompeleBe	Ekompele	kompeleI	3.0564112663269043
ritesten	riteste	riteste	ritestere	ritteste	ritestze	ritesteI	2.7749083042144775
fegieren	fegiere	fegiere	fegiereY	fegiereP	fegierep	fegiereBe	3.3049585819244385
berägen	beräge	beräge	berägeÖe	berägüe	berägze	berägepe	2.951093912124634
brochen<UNK>aus	brochenzause	brochenzause	brochennause	brochenäuse	brochenrause	brochen-ause	7.191963195800781
entlosen	entlose	entlose	entloseÖe	entloseY	entloseP	entloseBe	2.851966619491577
verklitzen	verklitze	verklitze	verklitzepe	verklitzle	verklitzeI	veklitze	4.209418296813965
vermittern	vermittere	vermittere	vermittereXe	vermfittere	vermittereU	vermittereY	4.279306888580322
durmoren	durmore	durmore	durmoreÖe	durmoreY	durmoreI	durmoreB	3.420949697494507
regreien	regreie	regreie	regreiere	regreieKe	regreieLe	regreiePe	3.4896202087402344
prärsten	prärste	prärste	pkrärste	pArärste	prärstze	prärstye	2.918463945388794
belustern	belustere	belustere	belustereQu	belustekre	belustzere	belustereP	3.9410948753356934
beschworfen	beschworfe	beschworfe	beschwörfe	beschworfeLe	beschworfeBe	beschworfeY	4.356349945068359
beträssen	beträsse	beträsse	beträssKe	beträssej	beträsseÖ	beträsseB	3.7022206783294678
schwurzungen	schwurzunge	schwurzunge	schwurzungeLe	schwurzungeBe	schwurzungeKe	schwurzungeXe	5.046505451202393
pliehen	pliehe	pliehe	plieheLe	plieheBe	pliehePe	plieheI	2.870871067047119
bewickern	bewickere	bewickere	bewickerere	bewickereBe	bewickereP	bewickereY	4.03162956237793
belahren	belahre	belahre	belahreLe	belahreBe	belahreY	belahreP	3.1555533409118652
schlänsten	schlänste	schlänste	schlänstere	schlänsteße	schlänstze	schlänsteI	4.012862205505371
verwosten	verwoste	verwoste	verwostere	verwosteI	verwostep	verwosteW	3.5750558376312256
ergabieren	ergabiere	ergabiere	ergabiereBe	ergabiereLe	ergabiereY	ergabiereI	4.583066463470459
deben<UNK>al	debengale	debengale	debeniale	debenäle	debenaale	debenvale	6.454706192016602
verzichen	verziche	verziche	verzicheLe	verzicheBe	verzicheI	verzivhe	3.898770809173584
verfechsen	verfechse	verfechse	verfechseße	verfecIhse	verfechsKe	verfechseY	3.84071946144104
entflächren	entflächre	entflächre	entflächreBe	entflächreße	entflächrepe	entflächreY	4.503859996795654
bekulzen	bekulze	bekulze	bekulzepe	bekulzePe	bekulzüe	bekulzve	3.373821496963501
beleuern	beleuere	beleuere	belueuere	beleueIre	beleuereP	beleuerep	3.769798994064331
rögeln	rögele	rögele	rögeleße	rögelve	rögelej	rögeleP	2.581948757171631
verwulzen	verwulze	verwulze	verwulzepe	verwulzePe	verwulzüe	verwulzve	3.500534772872925
debieren	debiere	debiere	debiereBe	debierepe	debiereY	debiereP	3.2953402996063232
sotieren	sotiere	sotiere	sotiereBe	sotiereY	sotiereI	sotiereP	3.2855679988861084
glocklonen	glocklone	glocklone	glockloneXe	glocklonepe	glockloney	glockloneY	3.577887773513794
vermergen	vermerge	vermerge	vermergeBe	vermergepe	vermergeI	vermergePe	3.930915117263794
pateten	patete	patete	pattete	patrete	pateteI	pateteP	2.7951982021331787
beschlaren	beschlare	beschlare	beschlareBe	beschlakre	beschlareY	beschlareP	3.85408616065979
vertronen	vertrone	vertrone	vertronpe	vertroneY	vertroney	vertronepe	3.945467233657837
kreilen	kreile	kreile	Gkreile	Pkreile	Ekreile	kreileI	2.6478278636932373
farktieren	farktiere	farktiere	farktiereBe	farktiereLe	farktfiere	farktiereY	3.9836511611938477
brennstägen	brennstäge	brennstäge	brennstägeGe	brennstägeBe	brennstägeQn	brennstägeXe	3.980609655380249
kniszen	knisze	knisze	kniszepe	kniszePe	Gknisze	Eknisze	2.6438615322113037
exchtichtigen	exchtichtige	exchtichtige	exchtichtigeBe	exchtichtigeLe	exchtichtigeÜ	exchtichtigey	5.306139945983887
sangroffern	sangroffere	sangroffere	sangroffereGe	sangkroffere	sangroffzere	sangroffereP	4.722506999969482
pridulieren	priduliere	priduliere	priduliereBe	pkriduliere	pridulierüe	priduliereY	4.641329288482666
grifsieren	grifsiere	grifsiere	grifsiereBe	grifsiereMe	grifsiereY	grifsiereP	3.854928970336914
deskundieren	deskundiere	deskundiere	deskundiereBe	deskundiereGe	deskundiereY	deskundierey	4.609826564788818
premitieren	premitiere	premitiere	premitiereBe	premitiereY	premitiereI	premitierey	4.650827407836914
gretten<UNK>aus	grettennause	grettennause	grettenäuse	gretteneause	grettenvause	grettengause	7.918252944946289
fauchern	fauchere	fauchere	fauchereLe	fauchereP	fauchereI	fauchereB	3.871879816055298
faufschräuben	faufschräube	faufschräube	faufschräubeBe	faufscIhräube	faufschräubve	faufschräubxe	5.249265670776367
föden	föde	föde	födere	födeLe	födeB	födeK	1.9256118535995483
beschipfen	beschipfe	beschipfe	beschipfeLe	beschipfeBe	beschipfeY	beschipfeP	4.314460277557373
bewägen	bewäge	bewäge	bewägze	bewägeI	bewägej	bewägep	2.5936334133148193
erkarrten	erkarrte	erkarrte	erkarrtere	erkarrteY	erkarrteI	erkarrteWe	3.1737613677978516
einfeln	einfele	einfele	einfeleBe	einfelze	einfeleI	einfelej	3.16982364654541
verwürsten	verwürste	verwürste	verwürstere	verwürstKe	verwürsteI	verwürsteY	3.850327491760254
glimpfen	glimpfe	glimpfe	glimpfeLe	glimpfeI	glimpfeP	glimpfeBe	3.270437717437744
bebäten	bebäte	bebäte	bbebäte	übebäte	bebätej	bebätey	2.804266929626465
entfessen	entfesse	entfesse	entfesseBe	entffesse	entfessKe	entfesseI	3.4660637378692627
knütten	knütte	knütte	Gknütte	Eknütte	Pknütte	knütteP	2.5713648796081543
plogieren	plogiere	plogiere	plogiereBe	plogiereY	plogiereI	plogiereP	3.699441909790039
verstürfen	verstürfe	verstürfe	verstüärfe	verstürfeY	verstürfeB	verstürfep	4.135096073150635
begisieren	begisiere	begisiere	begisiereBe	begisiereLe	begisiereY	begisiereP	4.494768142700195
schläten	schläte	schläte	schlätere	schlätre	schlätpe	schläteI	3.259570360183716
entkassen	entkasse	entkasse	entkasseBe	entkassKe	entkasseI	entkasseP	3.6377222537994385
behanden	behande	behande	behandeLe	behandeKe	behandeI	behandeP	3.446376085281372
pararisieren	pararisiere	pararisiere	pararisiereGe	pararisiereBe	pararisiereY	pararisierey	5.051765441894531
verbrichten	verbrichte	verbrichte	verbrichtere	verbrichteÜe	verbrichtxe	verbrichteI	4.648776531219482
prütteln	prüttele	prüttele	pkrüttele	prüttßele	prüttzele	prüttelePe	3.633530378341675
fotrieren	fotriere	fotriere	fotriereBe	fotriereY	fotriereI	fotriereP	3.2462940216064453
frepfen	frepfe	frepfe	frepfeLe	fkrepfe	frepfze	frepfeP	2.8741910457611084
erreigen	erreige	erreige	erreigeLe	erreigeBe	erreigeKe	erreigePe	3.1262662410736084
beschingen	beschinge	beschinge	beschingeBe	beschingeLe	beschingeY	schchinge	4.32962703704834
erfrühen	erfrühe	erfrühe	erfrüche	erfkrühe	erfrüheLe	erfrüheB	3.075131893157959
voglenden	voglende	voglende	voglendere	voglendeLe	voglendeKe	voglendeI	3.766786813735962
breben<UNK>an	brebenga	brebenga	brebenäe	brebenaae	brebensa	brebenae	5.57511568069458
flugen	fluge	fluge	flugeLe	fluöge	fluoge	flugüe	2.4935147762298584
pledieren	plediere	plediere	plediereBe	plediereY	plediereI	plediereP	3.6682052612304688
beschneiben	beschneibe	beschneibe	beschnezeibe	beschneibeLe	beschneibeße	beschneeibe	4.849587917327881
beschwitzeln	beschwitzele	beschwitzele	beschwitzelere	beschwitzeleße	beschwitzelve	beschwitzeleNe	5.243709087371826
serkundigen	serkundige	serkundige	serkundigeGe	serkundigeLe	serkundigeBe	serkundigüe	4.510678291320801
eblieden	ebliede	ebliede	ebliedere	ebliedeLe	ebliedePe	ebliedeI	2.9354217052459717
verbreistrecken	verbreistrecke	verbreistrecke	verbreistreckeLe	verbreistreckeye	verbreistreckepe	verbreistreckve	6.11628532409668
beschwegzen	beschwegze	beschwegze	beschwegzeXe	beschwegzeQe	beschwegzeGe	beschweügze	4.64103889465332
kopilieren	kopiliere	kopiliere	kopiliereBe	kopiliereY	kopiliereI	vopiliere	4.105781555175781
beschwimpen	beschwimpe	beschwimpe	beschwimpeLe	beschwimpeGe	beschwimpey	beschwimpeY	4.168454170227051
befrumen	befrume	befrume	befrumeLe	befrumeP	befrumeB	befrumeK	3.140620708465576
verlingen	verlinge	verlinge	verlingeBe	verlingeKe	verlingepe	verlingePe	3.4411261081695557
glitieren	glitiere	glitiere	glitiereBe	Aglitiere	glitiereY	glitiereI	3.6404812335968018
sprondieren	sprondiere	sprondiere	sprondiereBe	sprondiereGe	sprondiereLe	sprondiereY	4.389699459075928
verwingen	verwinge	verwinge	verwingeBe	verwingeKe	verwàinge	verwingeI	3.591048002243042
krenen	krene	krene	krenepe	kreneBe	Mkrene	kkrene	2.596005439758301
rensten	renste	renste	renstve	renstKe	rensteI	rensteP	2.5535454750061035
verspronzen	verspronze	verspronze	verspronzeXe	verspronzeLe	verspronzepe	verspronzeÄe	4.103275775909424
bereigen	bereige	bereige	bereigeLe	bereigeKe	bereigeBe	bereigeP	3.636983633041382
verspeigen	verspeige	verspeige	verspeigeLe	verspeigeBe	verspeigeKe	verspiege	4.0060858726501465
degulieren	deguliere	deguliere	deguliereBe	deguliereY	degulierePe	deguliereI	4.261178493499756
suplähren	suplähre	suplähre	suplähreBe	suplähreY	suplährep	suplähreÖ	3.626322031021118
kronstren	kronstre	kronstre	Gkronstre	Ekronstre	kkronstre	kronstreY	3.6155333518981934
peigern	peigere	peigere	peigereP	peigerej	peigerep	peigereB	3.1541588306427
versalisieren	versalisiere	versalisiere	versalisiereBe	versalisiereve	versalisiereY	versalisierey	5.641178131103516
verklanden	verklande	verklande	verklandere	verklandeLe	verklandKe	verklandet	3.9896316528320312
entrassen	entrasse	entrasse	entrasseQre	entrasseBe	entrasseI	entrassep	3.583238363265991
pildern	pildere	pildere	pfildere	pildereP	pilderep	pildereI	3.423980712890625
stleuden	stleude	stleude	stleudeKe	stleudeLe	stleudeBe	stleudeI	3.5414092540740967
erkoppen	erkoppe	erkoppe	erkoppeLe	erkoppeÖe	erkoppze	erkoppeI	3.215043067932129
blapsen	blapse	blapse	blapseLe	blapsKe	blapseI	blapseP	2.6688785552978516
berislinieren	berisliniere	berisliniere	berisliniereBe	berisliniereLe	berisliniereve	berislfiniere	5.636638641357422
schleistigen	schleistige	schleistige	schleistigeGe	schleistigeBe	schleistigüe	schleistigve	4.945906639099121
beheisen	beheise	beheise	beheiseLe	beheiseBe	beheisKe	beheisej	3.1168835163116455
verheiten	verheite	verheite	verheitere	verheiteLe	verheitej	verheiteY	3.3942677974700928
entkreuern	entkreuere	entkreuere	entkreuereBe	entkkreuere	entkreuereU	entkreuereY	4.355733871459961
summensellen	summenselle	summenselle	summenselleBe	summßenselle	summenselleY	summenselley	5.042428016662598
begeiten	begeite	begeite	begeiteLe	begeitre	begeiteI	begeitej	3.383150577545166
koltilieren	koltiliere	koltiliere	koltiliereBe	koltiliereGe	koltiliereY	koltiliereI	4.020071029663086
vermoselen	vermosele	vermosele	vermoselepe	vermoseleY	vermoseleI	vermoseleP	4.491401195526123
baufscheiten	baufscheite	baufscheite	baufscheitere	baufscheitxe	baufscheiteY	baufscheitej	4.747169017791748
beleusten	beleuste	beleuste	beleustere	beleustze	beleustKe	beleusteI	3.226924419403076
plidsigern	plidsigere	plidsigere	plidsigereY	plidsigereU	plidsigereI	plidsigereP	4.017343997955322
kolosieren	kolosiere	kolosiere	kolosiereBe	kolosiereY	kolosiereI	kolosiereP	4.233687877655029
erstauren	erstaure	erstaure	eArstaure	erstaureY	erstaureI	erstaurep	3.4997620582580566
kolerilieren	koleriliere	koleriliere	koleriliereBe	koleriliereGe	koleriliereY	voleriliere	4.8118977546691895
verfohren	verfohre	verfohre	verfohreY	verfohreP	verfohrve	verfohreB	3.679685592651367
sitten<UNK>ein	sittengeie	sittengeie	sittenieie	sittenveie	sittenzeie	sittenäe	6.768579959869385
entrauen	entraue	entraue	entraueBe	Kentraue	entraueI	entrauej	3.0461652278900146
prätten	prätte	prätte	prättze	prättle	prättxe	prätteI	2.624385118484497
verspasen	verspase	verspase	verspaseBe	verspaseQ	verspaseY	verspaseje	3.3879473209381104
entsonschen	entsonsche	entsonsche	entsonscheLe	entsonscheBe	entsonscVhe	entsonscPhe	4.444143772125244
erfielen	erfiele	erfiele	erfielere	erfieleBe	erfielePe	erffiele	3.226355791091919
verstrichten	verstrichte	verstrichte	verstrichtere	verstrichtxe	verstrichteY	verstrichtet	4.607390403747559
erniesen	erniese	erniese	ernieseBe	ernieseÖe	erniesePe	ernieseI	3.069220542907715
dorckeln	dorckele	dorckele	dorckelere	dorckelePe	dorckeleI	dorckeleY	3.7317559719085693
erseigen	erseige	erseige	erseigeLe	erseigeBe	erseigeKe	erseigePe	3.4205515384674072
versatt	versatte	versatte	versattere	versatteI	versattep	versatteE	3.731218099594116
sytaperieren	sytaperiere	sytaperiere	sytaperiereBe	sytaperiereGe	sytapeäriere	sytaperiereY	4.780098915100098
breisingen	breisinge	breisinge	breisingeBe	breisingeGe	breisingePe	breisingeY	3.935579776763916
funten	funte	funte	funteLe	funtKe	funteI	funtep	2.473505973815918
flutzen	flutze	flutze	flutzeQe	flutzüe	flutzve	flutzep	2.4640614986419678
schwarfen	schwarfe	schwarfe	schwarfeMe	schwarfeY	schwarfeP	schwärfe	3.6326851844787598
kopfizen	kopfize	kopfize	kopfizepe	kopfizePe	kopffize	Gkopfize	2.870875835418701
verleinen	verleine	verleine	verleineKe	verleineY	verleinej	verleineP	3.6236705780029297
sigkränzen	sigkränze	sigkränze	sigkränzeBe	sigkränzepe	sigkränzle	sigkränzeWe	3.4271249771118164
begeißen	begeiße	begeiße	begeißeLe	begeißxe	begeißKe	begeißeG	3.15230655670166
verfesten	verfeste	verfeste	verfestere	verffeste	verfestKe	verfesteI	3.6373586654663086
defillen	defille	defille	defillere	defillePe	deffille	defilleI	3.2100460529327393
sterllen	sterlle	sterlle	sterle	sterllepe	sterllVe	sterlleI	2.8855984210968018
sigten	sigte	sigte	sigteLe	sigteI	sigteÜ	sigteP	2.2199630737304688
verwechen	verweche	verweche	verwecheLe	verwechepe	verwecheBe	verwecheI	3.5776422023773193
klönkigen	klönkige	klönkige	klönkigeLe	klönkigeBe	Gklönkige	klönkfige	3.3190555572509766
erwaben	erwabe	erwabe	erwabeLe	erwabeBe	erwabepe	erwabeI	2.732250452041626
stellen<UNK>ab	stellenzabe	stellenzabe	stelleniabe	stellenbabe	stellenäbe	stellenabe	6.63771915435791
geschingen	geschinge	geschinge	geschingeBe	geschingeLe	geschfinge	geschingze	4.44728422164917
verliedern	verliedere	verliedere	verliedereGe	verliedereU	verliedereY	verliedereP	4.544559001922607
verschmafern	verschmafere	verschmafere	verschmafereBe	verschmafre	verschmafsere	verschmaferey	5.173088550567627
krobsprechteln	krobsprechtele	krobsprechtele	krobsprechtelere	krobsprechteleBe	krobsprecPhtele	krobsprechtelve	6.224050998687744
stelben	stelbe	stelbe	stelbeLe	stelübe	stelbve	stelbüe	2.561474323272705
kondieren	kondiere	kondiere	kondiereBe	Gkondiere	Pkondiere	kondiereY	3.8512277603149414
rreiben	rreibe	rreibe	reibe	rreibeLe	rveibe	rNeibe	3.3156211376190186
gefrichtten	gefrichtte	gefrichtte	gefrichttere	gefrichtteße	gefrichtteÜe	gefrichttxe	4.340815544128418
verfahrnen	verfahrne	verfahrne	verfahrneXe	verfahrnve	verfahrnPe	verfahrneY	3.913195848464966
reufern	reufere	reufere	reuferze	reufereP	reuferej	reuferep	3.2004823684692383
sobeln	sobele	sobele	sobBele	sobelve	sobelej	sobeleP	2.879643678665161
erstritzten	erstritzte	erstritzte	erstritzteI	erstritzteÄ	erstritztey	ekstritzte	4.332396030426025
breuden	breude	breude	breudeLe	breudeKe	breudeBe	breudeI	2.945068597793579
krychkulen	krychkule	krychkule	krychkulere	krychkuleBe	krychkuleY	krychkuleP	4.107396602630615
ergewingen	ergewinge	ergewinge	ergewingeBe	ergewingeLe	ergewingeGe	ergewingze	4.051709175109863
regrimieren	regrimiere	regrimiere	regrimiereBe	regkrimiere	regrimpiere	regrimiereY	4.367639541625977
rüssten	rüsste	rüsste	rüsstQe	rüsstKe	rüssteI	rüssteB	2.750899314880371
beleisen	beleise	beleise	beleiseße	beleiseBe	beleisKe	beleisej	3.4749937057495117
bewarmichen	bewarmiche	bewarmiche	bewarmicheLe	bewarmicheBe	bwewarmiche	bewarmicheI	4.867863655090332
protrotieren	protrotiere	protrotiere	protrotiereBe	protrotiereGe	pkrotrotiere	protrotiereY	4.765649318695068
verzalten	verzalte	verzalte	verzaltere	verzaltre	verzaltxe	verzalteI	3.281548023223877
defärnten	defärnte	defärnte	defärntere	defärnteI	defärnteW	defärntep	3.3129289150238037
verflästen	verfläste	verfläste	verflästere	verflästße	verflästeY	verflästeI	3.852206230163574
pollamen	pollame	pollame	pollameKe	pollampe	pollamme	pollameI	2.828092098236084
bräben	bräbe	bräbe	bräbve	bräbbe	bräbej	bräbep	2.3739631175994873
schleuden	schleude	schleude	schleudere	schleudeKe	schleudeBe	schleudKe	3.488961696624756
verlosseln	verlossele	verlossele	verlosseleXe	verlosselepe	verlosseleY	veklossele	4.4112677574157715
verblessen	verblesse	verblesse	verblesseBe	verblesseY	verblesseI	verblesseÄ	4.437057018280029
debonieren	deboniere	deboniere	deboniereBe	deboniereLe	deboniereY	deboniereP	3.816204309463501
kolpern	kolpere	kolpere	kolpereP	kolpereI	kolperve	kolpereB	3.1240055561065674
vermellern	vermellere	vermellere	vermellereU	vermellereI	vermellereY	vermellerePe	4.555521011352539
reinstimotieren	reinstimotiere	reinstimotiere	reinstimotiereQe	reinstimotiereLe	reinstpimotiere	reinstimotiereB	5.542756080627441
verteichen	verteiche	verteiche	verteicheLe	verteicheBe	verteicheY	verteichePe	3.878206729888916
stuldeln	stuldele	stuldele	stulldele	stulrdele	stuldeleI	stuldeleY	3.483952045440674
verschangen	verschange	verschange	verschangeBe	verschangeLe	verschangeKe	verschangeY	4.667488098144531
spelden	spelde	spelde	speldere	speldeLe	speldePe	spellde	2.6942803859710693
kenlkern	kenlkere	kenlkere	kenlkekere	kenlkerere	kenlkereBe	kenlkereI	3.6523830890655518
sitzreisen	sitzreise	sitzreise	sitzkreise	spitzreise	sitzrezise	sitzreiseY	4.022175312042236
krechten	krechte	krechte	krechteLe	krecMhte	krechtre	krechteI	3.5674846172332764
beruttern	beruttere	beruttere	beruttereQu	beruttereBe	beruttereP	berutterve	3.9993348121643066
formtichern	formtichere	formtichere	formtichereGe	formtichereP	formticherve	formtichereU	4.8105010986328125
verschärken	verschärke	verschärke	verschärkeße	verschärkeBe	verschärkeY	verschärkey	4.4665207862854
rüfen<UNK>auf	rüfeniaufe	rüfeniaufe	rüfeneaufe	rüfenvaufe	rüfengaufe	rüfenäufe	6.039698600769043
füßten	füßte	füßte	füßtKe	füßtxe	füßtße	füßtQe	2.026867151260376
dostwelen	dostwele	dostwele	dostweleBe	dostweleY	dostweleI	dostwelePe	3.424156665802002
gocken	gocke	gocke	gockeLe	gockAe	gockeI	gockep	2.5475454330444336
verzäusen	verzäuse	verzäuse	verzäusKe	verzäusej	verzäuseY	verzäuseÖ	3.8160102367401123
grannwaben	grannwabe	grannwabe	grannwabeLe	grannwabeße	grannwabeje	grannwabeY	3.9951138496398926
flirden	flirde	flirde	flirdere	flirdeLe	flirrde	flirdeI	3.171170949935913
gratstern	gratstere	gratstere	gratstereQt	gkratstere	gratstereP	gratstereY	3.809077739715576
bekorrieren	bekorriere	bekorriere	bekorriereBe	bekorriereGe	bkekorriere	bekorriereY	4.36700963973999
defruhieren	defruhiere	defruhiere	defruhiereBe	defruhiereGe	defruhierüe	defruhiereY	4.807232856750488
stäufen	stäufe	stäufe	stäufeQe	stäuffe	Istäufe	stäufej	2.690016746520996
verschaten	verschate	verschate	verschatere	verschatte	verschatre	verschateY	4.415975570678711
fruden	frude	frude	frudeLe	fkrude	frudeI	frudey	2.1188809871673584
kochaufreitigen	kochaufreitige	kochaufreitige	kochaufreitigeLe	kochaufreitigeKe	kochaufreitigeBe	kochaufreitigeÜe	6.034782886505127
verstaufen	verstaufe	verstaufe	verstaufeXe	verstaufeBe	verstaufeY	verstaufeÄ	3.660912275314331
dorrabomitieren	dorrabomitiere	dorrabomitiere	dorrabomitiereLe	dorrabomitiereve	dorrabomitiereB	dorrabomitiereQe	5.728600978851318
rändschlocken	rändschlocke	rändschlocke	rändschlockeLe	rändschlockeße	rändschlockve	rändschlockeÄ	5.011401653289795
stittern	stittere	stittere	stittereP	stitterep	stittereQ	stittereB	3.6872682571411133
depilgen	depilge	depilge	depilgeBe	depilgeÖe	depilgePe	depilgeI	3.019960641860962
breinen	breine	breine	bkreine	breQine	breinAe	breinej	3.01200532913208
gelicken	gelicke	gelicke	gelickeLe	gelickeße	gelickeI	gelickep	3.2627530097961426
gleiben	gleibe	gleibe	gleibeLe	Agleibe	gleibeGe	gleibeI	2.833759307861328
bekeinen	bekeine	bekeine	bekeineBe	bekeinve	bekeineY	bekeinej	3.2670323848724365
korpfrungen	korpfrunge	korpfrunge	korpfrungeBe	korpfrungeLe	korpfrungeKe	korpfrungeXe	4.462212085723877
vertanden	vertande	vertande	vertandeLe	vertandere	vertandeKe	vertandeI	4.02442741394043
verschleiten	verschleite	verschleite	verschleitere	verschleiteye	verschleiteY	verschleiteÜ	5.288941860198975
erfrören	erfröre	erfröre	erfkröre	erfrörze	erfröreY	erfröreP	2.5541186332702637
krären<UNK>am	krärename	krärename	kräreniame	krärenäme	krärensame	krärenzame	6.746337413787842
verminglossen	verminglosse	verminglosse	verminglosseBe	verminglosseQe	verminglosseÄ	verminglossey	5.3934454917907715
krinken	krinke	krinke	krinkeLe	Gkrinke	Pkrinke	Ekrinke	2.6553151607513428
gewingen	gewinge	gewinge	gewingeBe	gewginge	gewingze	gewingeGe	3.566058874130249
strungen	strunge	strunge	strungeKe	strungeLe	strungeBe	strungeP	3.1628098487854004
beweissen	beweisse	beweisse	beweissebe	beweissKe	beweisseI	beweisseP	3.613110065460205
eingern	eingere	eingere	eingereP	eingerve	eingerej	eingerep	3.213654041290283
gläuen	gläue	gläue	Agläue	gläuej	gläueI	gläueB	2.375082015991211
fonsen	fonse	fonse	fonseLe	fonsKe	fonseB	fonseI	2.2238194942474365
ersandeln	ersandele	ersandele	ersandeleLe	ersandelepe	ersandeleY	ersandelePe	3.448991060256958
vermackern	vermackere	vermackere	vermackerepe	vermackereU	vermackereY	vermackereP	4.398921012878418
verleumen	verleume	verleume	verleumeKe	verleumeBe	verleumeI	verleumePe	3.9888298511505127
belärten	belärte	belärte	belärtere	belärtxe	belärteI	belärteY	2.949521780014038
kreuten	kreute	kreute	kreutere	Gkreute	Ekreute	kreuteI	2.570474624633789
kopbestizieren	kopbestiziere	kopbestiziere	kopbestiziereBe	kopbestiziereLe	kopbestziziere	kopbestizkiere	5.791576385498047
geblüben	geblübe	geblübe	geblübere	geblübeLe	geblübeBe	gbeblübe	2.9619476795196533
extamen	extame	extame	extameBe	Bextame	extamPe	extamüe	2.7015888690948486
dulchelln	dulchelle	dulchelle	dulchellepe	dulchelleWe	dulchellePe	dulchellze	3.938194513320923
belängen	belänge	belänge	belängeÖe	belängve	belängeI	belängep	3.466078281402588
pontieren	pontiere	pontiere	pontiereBe	pontiereY	pontiereI	pontiereP	3.456918239593506
desodieren	desodiere	desodiere	desodiereBe	desodiereY	desodiereI	desodiereP	3.964629650115967
kneckten	kneckte	kneckte	knecàkte	kneckteI	knecktep	kneckteP	3.214911699295044
bewüsgen	bewüsge	bewüsge	bewüsgeKe	bewüsgze	bewüsgve	bewüsgeI	3.027562379837036
ersenen	ersene	ersene	erseneY	erseney	erseneBe	ersenepe	2.741347312927246
kräufern	kräufere	kräufere	Pkräufere	Gkräufere	kkräufere	kräufereP	3.4976725578308105
bleunen	bleune	bleune	Ubleune	bleunve	bleuney	bleunep	2.8151118755340576
verwäumen	verwäume	verwäume	verwäumey	verwäumej	verwäumeI	verwäumeB	3.775106906890869
expfeigen	expfeige	expfeige	expfeigeKe	expfeigeLe	expfeigeBe	expfeigeße	3.5719165802001953
klinzen	klinze	klinze	klinzepe	klinzePe	Gklinze	Eklinze	2.9836089611053467
behühnen	behühne	behühne	behühnere	behühnze	behühney	behühnep	3.6522374153137207
fuckern	fuckere	fuckere	fuöckere	fuckerve	fuckereP	fuckerep	3.272932291030884
empfrondeln	empfrondele	empfrondele	empfrondeleße	empfrondeleNe	empfrondelePe	empfrondeleY	4.566393852233887
deginieren	deginiere	deginiere	deginiereBe	deginiereY	deginiereI	deginiereP	4.177765369415283
freichern	freichere	freichere	freicherere	freichereP	freichereY	freicherep	4.061523914337158
bespiehen	bespiehe	bespiehe	bespieheLe	bespieheBe	bespiehePe	bespfiehe	3.8267335891723633
fäuchen	fäuche	fäuche	fäucheÖe	fäuchze	fäucheB	fäuchep	2.784787654876709
verspellen	verspelle	verspelle	verspellepe	verspellePe	verspelleI	verspelleY	3.966539144515991
kontrostieren	kontrostiere	kontrostiere	kontrostiereBe	kontrostiereLe	kontrostierey	vontrostiere	5.34183931350708
steiben	steibe	steibe	steibeLe	steibeZ	steibej	steibepe	2.661240339279175
kroben<UNK>aus	krobengause	krobengause	krobenäuse	kroben-ause	krobenzause	krobenvause	6.528322219848633
pentrorunern	pentrorunere	pentrorunere	pentrorunereBe	pentrorunerexe	pentrorunerve	pentrorunereP	5.047636032104492
befehren	befehre	befehre	befehreBe	befehreY	befehreP	befehrepe	3.2048933506011963
stilbsalisieren	stilbsalisiere	stilbsalisiere	stilbsalisiereQe	stilbsalisiereBe	stilubsalisiere	stilbsalQisiere	6.405062198638916
schlassen	schlasse	schlasse	schlassere	schlasseBe	schlassKe	schlasseI	3.846738338470459
verschmeißen	verschmeiße	verschmeiße	verschmisse	verschmeißeLe	verschmeißeGe	verschmeißeÄ	5.074592590332031
knasuchen	knasuche	knasuche	knasucheLe	knasucheBe	Gknasuche	knasucheI	3.6542160511016846
rationern	rationere	rationere	rationeÖere	rationereP	rationereI	rationereU	3.536419630050659
diftrichern	diftrichere	diftrichere	diftrichereGe	diftrichereU	diftrichereY	diftrichereP	5.022988796234131
dreuren	dreure	dreure	dreureLe	dreureY	dreureI	dreurve	3.0413589477539062
erfurnen	erfurne	erfurne	ekrfurne	erfurnve	erfurneY	erfurnep	3.371426820755005
betänden	betände	betände	betändere	betändeLe	betändeI	betändeB	3.295804023742676
schwühlen	schwühle	schwühle	schwühleBe	schwühleY	schwühleP	schwühlve	3.489792585372925
bauben	baube	baube	baubeLe	ubaube	Ubaube	baubej	1.8625684976577759
versedigonisieren	versedigonisiere	versedigonisiere	versedigonisiereQe	versedigonisiereLe	versedigonisiereÜe	versedigonisiereBe	7.100460529327393
könicien	könicie	könicie	köniciere	könicieße	könicieKe	köniciePe	2.7524096965789795
beschwärken	beschwärke	beschwärke	bescähwärke	bescMhwärke	beschwäkrke	beschwärkeY	4.388885021209717
bebreinen	bebreine	bebreine	bebreineLe	bebreineKe	bebreineY	bebreinej	3.1734812259674072
sprüpen	sprüpe	sprüpe	sprüpeLe	sprüppe	sprüpfe	sprüpeI	2.453214406967163
geschlangen	geschlange	geschlange	geschlangeBe	geschlangeGe	geschlangeXe	geschlangüe	4.582412242889404
sprüpfen	sprüpfe	sprüpfe	sprüpfeLe	sprüpfze	sprüpfeI	sprüpfeP	2.8335049152374268
erligen	erlige	erlige	erligeBe	erligeLe	erligePe	erligeI	3.0878372192382812
banakulieren	banakuliere	banakuliere	banakuliereGe	banakuliereBe	banakuliereY	banakulierey	4.936540126800537
bewürden	bewürde	bewürde	bewürdere	bewürdeLe	bewürrde	bewürdxe	2.942051649093628
verlinzen	verlinze	verlinze	verlinzepe	verlinzeXe	verlinzePe	verlfinze	3.7572546005249023
verkeinen	verkeine	verkeine	verkeineKe	verkeinAe	verkeineY	verkeiney	3.1355338096618652
fluppfen	fluppfe	fluppfe	fluppfze	fluppffe	fluppfLe	fluppfeI	2.5586276054382324
rendten<UNK>an	rendtenza	rendtenza	rendtensa	rendtenia	rendtenäe	rendtenga	6.889791488647461
begeln	begele	begele	begelve	begeleP	begelej	begeleB	2.6216351985931396
verzungen	verzunge	verzunge	verzungeLe	verzungeKe	verzungeXe	verzungeBe	3.4214634895324707
blucken	blucke	blucke	bluckeLe	bluckeße	bluckze	bluckeI	2.6141064167022705
stratulieren	stratuliere	stratuliere	stratuliereGe	stratuliereBe	stratuliereY	stratulierey	5.0321855545043945
erstaten	erstate	erstate	erstatere	erstatre	erstateBe	erstateI	3.0302085876464844
verkammen	verkamme	verkamme	verkammeLe	verkammeBe	verkammeKe	verkammze	3.9634969234466553
vertichen	vertiche	vertiche	verticheLe	verticheBe	verticheI	verticße	3.6671411991119385
sattropieren	sattropiere	sattropiere	sattropiereBe	sattroppiere	sattropiereY	sattropierey	4.183553218841553
befuleln	befulele	befulele	befulelere	befuleleWe	befuleele	befuleleI	3.4586870670318604
rähnen	rähne	rähne	rähnej	rähnep	rähney	rähneB	2.391800880432129
steulen	steule	steule	steulye	steuleI	steulep	steuleB	2.6129472255706787
podolieren	podoliere	podoliere	podoliereBe	podolierePe	podoliereY	podoliereI	4.273647308349609
petieren	petiere	petiere	petiereBe	petierepe	petieEre	petiereY	3.0851011276245117
frannen	franne	franne	franneLe	frannze	frannve	frannep	2.5784122943878174
schieffern	schieffere	schieffere	schieffereXe	schieffereGe	schieffereY	schieffereP	4.251968860626221
befageln	befagele	befagele	befageleWe	befägele	befagelve	befageleY	3.8447515964508057
sträufen	sträufe	sträufe	sträuffe	sträufze	sträufeI	sträufeB	3.076035499572754
kneudern	kneudere	kneudere	Gkneudere	kneudereP	kneudereI	kneudereB	3.5638372898101807
bügern	bügere	bügere	bügerve	bügereP	bügereB	bügerej	2.93050479888916
pahlungieren	pahlungiere	pahlungiere	pahlungiereBe	pahlungiereGe	pahlungiereY	pahlungierey	4.808640480041504
dochnunken	dochnunke	dochnunke	dochnunkeLe	dochnunkeße	dochnunkeBe	dochnunkeY	4.230684757232666
konterrikerieren	konterrikeriere	konterrikeriere	konterrikeriereLe	konterrikeriereQe	konterrikeriereÜe	vonterrikeriere	6.818823337554932
behitzen	behitze	behitze	behitzeQe	behitzeÖe	behitzepe	behitzePe	3.5739402770996094
purkrachten	purkrachte	purkrachte	purkrachtere	purkrachteÜe	purkrachtte	purkrachteI	4.549336910247803
staberen	stabere	stabere	stabereBe	stabbere	staberve	stabereY	2.9432735443115234
klarken	klarke	klarke	klarrke	Gklarke	klarkze	klarkeY	2.8680429458618164
stüsten	stüste	stüste	stüstve	stüsteI	stüsteQ	stüstep	2.375844955444336
fusgen	fusge	fusge	fusgeLe	fusgeI	fusgeP	fusgeB	2.4057607650756836
dustieren	dustiere	dustiere	dustiereBe	dustfiere	dustiereY	dustiereI	3.613168239593506
endlaubigten	endlaubigte	endlaubigte	endlaubigtere	endlaubfigte	endlaubigteY	endlaubigteÜ	4.8982319831848145
pricodern	pricodere	pricodere	pricodereLe	pricodereP	pricodereY	pricorere	3.9707298278808594
sichuchten	sichuchte	sichuchte	sichuchtere	sichuchteLe	sichuchteÜe	sichuchteY	4.179755687713623
rehren<UNK>ein	rehrengeie	rehrengeie	rehrenieie	rehrengezeie	rehrenzeie	rehrenseie	6.277734279632568
paralisieren	paralisiere	paralisiere	paralisiereGe	paralisiereBe	paralisiereY	pakalisiere	4.909898281097412
fostrungieren	fostrungiere	fostrungiere	fostrungiereBe	fostrungiereLe	fostrungkiere	fostrungiereY	5.015674114227295
dippagieren	dippagiere	dippagiere	dippagiereBe	dippagiereLe	dippagiereY	dippagiereI	4.971931457519531
sprauen	spraue	spraue	sprauQue	spraueBe	spraueI	sprauej	2.7900030612945557
sperieren	speriere	speriere	speriereBe	speriereY	speriereI	spekiere	3.966479539871216
rabigen	rabige	rabige	rabigeLe	rabigeBe	rabiüge	rabigüe	2.4123523235321045
beberweißen	beberweiße	beberweiße	beberwezeiße	beberweweiße	beberweißeLe	beberweißeße	4.55583381652832
befeunigen	befeunige	befeunige	befeunigeLe	befeunigüe	befeunigze	befeunigeY	4.2949395179748535
freugen	freuge	freuge	freugeLe	freuöge	freugüe	freugeP	2.626424551010132
verbrecken	verbrecke	verbrecke	verbreckeXe	verbreckeLe	verbreckepe	verbreckze	3.9072344303131104
bildigen	bildige	bildige	bildigeLe	bildigeKe	bildigeBe	bildigePe	3.1105222702026367
büteten	bütete	bütete	büttete	bütetve	büteteI	büteteP	2.4540927410125732
sechteißen	sechteiße	sechteiße	sechteißKe	sechteißxe	sechteißQe	sechteißve	4.053172588348389
blupfen	blupfe	blupfe	Iblupfe	üblupfe	blupfze	blupfeP	2.668731689453125
rapopieren	rapopiere	rapopiere	rapopiereBe	rapoppiere	rapopiereY	rapopiereI	3.9793121814727783
prapieren	prapiere	prapiere	prapiereBe	prapierepe	prappiere	prapàiere	3.611088991165161
verschwößen	verschwöße	verschwöße	verschwößeBe	verschwösse	verschwößeQe	verschwößeY	4.505992889404297
beschlätzen	beschlätze	beschlätze	beschlätzeQe	beschlätzeße	beschlätzxe	beschlätzte	4.3706231117248535
beregeln	beregele	beregele	beregeleWe	beregeleBe	beregeleY	beregeleP	3.92811918258667
verländen	verlände	verlände	verländere	verländeÖe	verländet	verländeW	3.8658928871154785
konrientieren	konrientiere	konrientiere	konrientiereBe	konrientiereLe	konrientiereve	Ekonrientiere	5.762526988983154
verwicken	verwicke	verwicke	verwickeLe	verwickeße	verwickepe	verwickeI	3.7444987297058105
besträufen	besträufe	besträufe	besträufze	besträufeY	besträufeI	besträufej	4.242336273193359
beblüngen	beblünge	beblünge	beblüngeKe	beblüngeLe	beblüngeÖe	beblüngeBe	3.857079029083252
blauchern	blauchere	blauchere	blaucherere	blauchereP	blauchereY	blaucherep	4.233670234680176
ernägen	ernäge	ernäge	ernägeÖe	ernägeI	ernägep	ernägeB	3.01481294631958
ergrappen	ergrappe	ergrappe	ergrappeLe	ergrappeI	ergrappeY	ergrappeP	3.247107744216919
berengnen	berengne	berengne	berengneLe	berengnze	berengneY	berengnet	3.561919689178467
behießen	behieße	behieße	behießeLe	behießeÖe	behießePe	behießeGe	3.0350475311279297
särfen	särfe	särfe	särfeQe	särfeLe	särfeY	särfeB	2.3233344554901123
kuchen<UNK>ach	kuchengache	kuchengache	kuchenzache	kuchen-ache	kuchenvache	kuchenäche	7.172083377838135
destonden	destonde	destonde	destondeKe	destondeLe	destondeI	destondepe	3.513291835784912
bünneln	bünnele	bünnele	bünneleBe	bünnßele	bünnelve	bünnelej	3.064303159713745
kauratieren	kauratiere	kauratiere	kauratiereBe	kauratiereGe	kauratiereY	kauratiereI	4.416718006134033
erleißen	erleiße	erleiße	erleißeÖe	erleißeLe	erleißKe	erleißeè	2.975588798522949
verschlecken	verschlecke	verschlecke	verschleckeLe	verschleckeye	verschleckte	verschleckeY	5.1632256507873535
krappern	krappere	krappere	Gkrappere	kkrappere	Ekrappere	krappereP	3.3847408294677734
pocolelisieren	pocolelisiere	pocolelisiere	pocolelisiereBe	pocolelisiereLe	pocolelisiereye	pocolelisiereve	5.6464152336120605
besähren	besähre	besähre	besähreÖe	besähreY	besährep	besähreB	3.6297974586486816
deflögen	deflöge	deflöge	deflögeÖe	deflögeKe	deflögeBe	deflögeP	3.4083878993988037
boligen	bolige	bolige	boligeLe	boliüge	boligeI	boligePe	2.739356756210327
expieren	expiere	expiere	expiereBe	expierepe	expierAe	expiereY	3.1758625507354736
beleucken	beleucke	beleucke	beleuckeLe	beleuckeße	beleuckeI	beleußke	3.747425079345703
vermörgen	vermörge	vermörge	vermörgeWe	vermörgeBe	vermörgeÖe	vermörgeP	3.6292927265167236
sprunkten	sprunkte	sprunkte	sprunkteI	sprunkteP	sprunkteBe	sprunktep	3.238534927368164
färgen	färge	färge	färgeQe	färgeLe	färgeI	färgeB	2.4593698978424072
schweiten	schweite	schweite	schweitere	schweitxe	schweiteY	schweitej	3.3425023555755615
steiden<UNK>ferdron	steideneferdro	steideneferdro	steideneferdre	steideniferdre	steiden-ferdro	steidennerdre	10.73563289642334
kümpen	kümpe	kümpe	kümpeLe	Pkümpe	kümpeBe	kümpeI	2.3699605464935303
sopfizieren	sopfiziere	sopfiziere	sopfiziereBe	sopfiziereGe	sopffiziere	sopfizierüe	4.27026891708374
versänknen	versänkne	versänkne	versänknepe	versänkneY	versänkney	versänknej	4.417612552642822
grählen	grähle	grähle	Agrähle	gkrähle	grählepe	grähleBe	2.512282371520996
vertetzen	vertetze	vertetze	vertetzepe	vertetzeQe	vertetzeè	vertetzePe	3.4483697414398193
verleigen	verleige	verleige	verleigeKe	verleigeLe	verleigeBe	verleigePe	3.8135197162628174
selden<UNK>wan	seldengwae	seldenäwa	seldengwae	seldengwa	seldeniwa	seldennwa	6.40841817855835
verhankern	verhankere	verhankere	verhankekere	verhankereBe	verhankereY	verhankereU	4.850046157836914
behuckern	behuckere	behuckere	behuckereBe	behuckereY	behuckereP	behuckerep	4.086850643157959
blusseln	blussele	blussele	blusseleBe	blusseleQs	blusselepe	Iblussele	3.8077337741851807
kramphorieren	kramphoriere	kramphoriere	kramphoriereBe	kramphoriereLe	krampvhoriere	kramphorierüe	5.141281604766846
schiffisieren	schiffisiere	schiffisiere	schiffisiereBe	schiffisiereLe	schifffisiere	schiffisiereY	5.318401336669922
verwüssen	verwüsse	verwüsse	verwüssKe	verwüsseI	verwüssep	verwüsseB	3.5251052379608154
stünkten	stünkte	stünkte	stünkteI	stünkteP	stünktep	stünkteBe	2.854098081588745
dehittern	dehittere	dehittere	dehittereBe	dehittereY	dehittereP	dehitterep	3.8812999725341797
froten	frote	frote	froteLe	fkrote	frotKe	frotAe	2.266324281692505
facken<UNK>dor	fackenidore	fackenidore	fackengdore	fackenädore	fackenzdore	facken-dore	7.067162990570068
verlüffen	verlüffe	verlüffe	verlüffze	verlüffeY	verlüffeI	verlüffeP	3.229750633239746
kanspolieren	kanspoliere	kanspoliere	kanspoliereBe	kanspoliereGe	kanspoliereY	vanspoliere	5.07912015914917
gröppen	gröppe	gröppe	gröppeLe	gkröppe	gröppeI	gröppey	2.823068380355835
pordrationieren	pordrationiere	pordrationiere	pordrationiereLe	pordkrationiere	pordrationierve	pordrationierte	5.867178440093994
gesilligen	gesillige	gesillige	gesilligeGe	gesilligePe	gesilligüe	gesilligeI	3.9893639087677
kossanen	kossane	kossane	kossaneBe	kossanne	kossanepe	kossaneY	3.4623351097106934
bewürdern	bewürdere	bewürdere	bewürderere	bewürdereQü	bewürdereP	bewürdereY	4.073293209075928
spellern	spellere	spellere	spellerere	spellereWe	spellerze	spellereI	3.550161123275757
vertroffern	vertroffere	vertroffere	vertroffereGe	vertroffzere	vertroffereP	vertroffereY	4.625986099243164
verbländen	verblände	verblände	verbländere	verbländet	verbländeWe	verbländeY	4.40092658996582
verschleichen	verschleiche	verschleiche	verschleicheLe	verschleicheBe	verschleicheve	verschleicke	5.2349162101745605
dinken	dinke	dinke	dinkeLe	dinkàe	dinkeI	dinkey	2.561126947402954
kronieren	kroniere	kroniere	kroniereBe	Pkroniere	Gkroniere	Ekroniere	4.175930023193359
verspärsen	verspärse	verspärse	verspärseY	verspärsej	verspärseW	verspärseB	4.165798187255859
pircheten	pirchete	pirchete	pirchetere	pircheteÖe	pircvhete	pircheteP	3.857604742050171
sogieren	sogiere	sogiere	sogiereY	sogiereI	sogiereP	sogiereBe	3.264432191848755
prärbulieren	prärbuliere	prärbuliere	prärbuliereBe	pArärbuliere	pkrärbuliere	prärbulierüe	4.672817707061768
pripfen	pripfe	pripfe	pripfeLe	pkripfe	pripfze	pripffe	2.909050941467285
gerrängen	gerränge	gerränge	gerrängeÖe	gerrängeBe	gerrängeI	gerrängep	3.358534336090088
sotetieren	sotetiere	sotetiere	sotetiereBe	sotetieäre	sotetiereY	sotetiereI	3.493177890777588
prostonieren	prostoniere	prostoniere	prostoniereBe	pkrostoniere	prostonviere	prostonieare	4.884945392608643
flonsließen	flonsließe	flonsließe	flonsließeGe	flonslLieße	flonslfieße	flonslvieße	4.135197639465332
riffinieren	riffiniere	riffiniere	riffiniereBe	riffiniereGe	riffinierüe	riffiniereY	4.481055736541748
erwüchen	erwüche	erwüche	erwücheÖe	erwücheLe	erwüchze	erwüchep	3.507539749145508
verflühen	verflühe	verflühe	verflühere	verflüheÖe	verflüheBe	verflüheWe	3.5890860557556152
bomogern	bomogere	bomogere	bomogerere	bomogerre	bomogereP	bomogereI	3.43441104888916
pittrahieren	pittrahiere	pittrahiere	pittrahiereLe	pittrahiereBe	pittrahiereY	pittrahierey	4.860622882843018
dastieren	dastiere	dastiere	dastiereBe	dastiereY	dastiereI	dastiereP	3.462847948074341
perinieren	periniere	periniere	periniereBe	periniereY	periniereI	pekiniere	4.18862771987915
ditettrogen	ditettroge	ditettroge	ditettrogeBe	ditettrogeKe	ditettrogeXe	ditettrooge	4.504670143127441
bestoten	bestote	bestote	bestoteKe	bestotre	bestoteI	bestoteP	3.1489152908325195
bewöhnen	bewöhne	bewöhne	bewöchne	bewöhnve	bewöhneB	bewöhney	2.946528911590576
statten<UNK>ab	statteniabe	statteniabe	stattenzabe	stattenäbe	stattensabe	stattenbabe	7.681451320648193
rändigen	rändige	rändige	rändigeLe	rändigeKe	rändigeBe	rändigePe	3.4816877841949463
gefahnen	gefahne	gefahne	gefahneLe	gefahneY	gefahneBe	gefahnep	3.3561134338378906
schwieden	schwiede	schwiede	schwiedeLe	schwiedeKe	schwiedxe	schwiedet	3.7047767639160156
riesten	rieste	rieste	riestAe	riestye	riesteI	riesteP	2.8624014854431152
pfodern	pfodere	pfodere	pfodereLe	pfodereP	pfoderep	pfodereB	2.724923849105835
verstreinen	verstreine	verstreine	verstreVine	verstrezine	verstreinve	verstreineY	4.369307041168213
klotperren	klotperre	klotperre	klotperrepe	Pklotperre	Gklotperre	klotperreY	4.0040202140808105
erbrongen<UNK>her	erbrongenchere	erbrongenchere	erbrongenehere	erbrongenihere	erbrongenahere	erbrongenhere	8.6122407913208
stingen	stinge	stinge	stingeLe	stingeBe	stingüe	stingep	2.6150503158569336
krinsten	krinste	krinste	krinstere	Gkrinste	Ekrinste	krinsteI	2.6572725772857666
belegen<UNK>an	belegenga	belegenga	belegengae	belegenäe	belegenra	belegenna	5.364307880401611
krinden<UNK>aus	krindenzause	krindenzause	krindennause	krindeniause	krindenrause	krindenäuse	7.879703521728516
verteisen	verteise	verteise	verteiseße	verteiseBe	verteisKe	verteiseY	3.204887628555298
genaurigen	genaurige	genaurige	genaurigeLe	genaurigüe	genaurigeI	genaurigeY	4.40717077255249
konstrasieren	konstrasiere	konstrasiere	konstrasiereBe	konstrasiereLe	konstrasiereve	konstrasierey	5.683627128601074
erleiten	erleite	erleite	erleitere	erleiteI	erleitej	erleiteP	3.240683078765869
führen<UNK>fer	führenifere	führenifere	führenäfere	führengere	führenffere	führenefere	5.095959186553955
pragen<UNK>wor	pragengwore	pragengwore	pragenewore	prageniwore	pragengworere	pragenrwore	4.6547627449035645
pechtichen	pechtiche	pechtiche	pechtichere	pechticheLe	pechticheBe	pechticheY	4.028180122375488
entlüsten	entlüste	entlüste	entlüstere	Gentlüste	entlüsteI	entlüsteÖ	3.407907247543335
krutsen	krutse	krutse	Gkrutse	Pkrutse	krutseP	krutsep	2.818829298019409
sitionieren	sitioniere	sitioniere	sitioniereBe	sitionLiere	spitioniere	sitioniereY	4.671837329864502
behaten	behate	behate	behateLe	behatre	behateBe	behateI	2.737084150314331
ernugsteligen	ernugstelige	ernugstelige	ernugsteligeBe	ernugsteligeLe	ernugsteligeÜ	ernugsteligey	5.453158855438232
rottieren	rottiere	rottiere	rottiereBe	rottfiere	rottiereY	rottiereI	3.554633378982544
ergrissen	ergrisse	ergrisse	ergrisseBe	ergrisseI	ergrisseY	ergrisseP	4.0243401527404785
errapss	errapse	errapse	errapsse	errapste	errapsze	errapsere	4.0472307205200195
ditsallisieren	ditsallisiere	ditsallisiere	ditsallisiereBe	ditsallisiereQe	ditsallisiereLe	ditsallisiereye	5.445930004119873
debrechen	debreche	debreche	debrecheBe	debrecheLe	debrechepe	debrecheI	3.786757707595825
verschliehen<UNK>aus	verschliehe	verschliehe	verschliehere	verschliehen	verschliehele	verschließehe	5.621939659118652
verstrehen	verstrehe	verstrehe	verstreheBe	verstreheLe	verstrehePe	verstreheU	4.220028400421143
prozieren	proziere	proziere	proziereBe	pkroziere	proziereY	proziereI	3.8008034229278564
bewillen	bewille	bewille	bewillere	bewilleI	bewilleY	bewillePe	3.105104446411133
küllen	külle	külle	küllepe	Gkülle	küllVe	külleI	2.550386905670166
schnanttern	schnanttere	schnanttere	schnanttereGe	schnantterve	schnanttereU	schnanttereP	5.354311466217041
grässen	grässe	grässe	grässeQe	grässKe	grässej	grässeI	2.8727142810821533
entripteln	entriptele	entriptele	entripteleße	entriptelepe	entriptelePe	entriptzele	4.6166534423828125
käpfen	käpfe	käpfe	käpfeLe	käpffe	käpfey	käpfeI	2.7210662364959717
schnehlen	schnehle	schnehle	schnehlere	schnehlve	schnehleY	schnehlepe	3.5800046920776367
schlulgern	schlulgere	schlulgere	schlulgerere	schlulgereXe	schlulgereU	schlulgereP	4.338846683502197
sabilisieren	sabilisiere	sabilisiere	sabilisiereBe	sabilisiereGe	sabilisiereY	sabilisierey	4.509167671203613
knuttalisieren	knuttalisiere	knuttalisiere	knuttalisiereBe	knuttalisiereQe	knuttalisiereLe	Eknuttalisiere	5.703444957733154
korrotieren	korrotiere	korrotiere	korrotiereBe	korrotiereGe	korrotiereY	korrotierey	4.176608085632324
bebeungen	bebeunge	bebeunge	bebeungeKe	bebeungeLe	bebeungeBe	bebeungepe	3.697715997695923
entmechten	entmechte	entmechte	entmechteLe	entmechteI	entmechteY	entmechteÄ	3.9722840785980225
firkeln	firkele	firkele	firkelere	ffirkele	firkelve	firkeleY	3.0773792266845703
butschern	butschere	butschere	butschereQs	butschereP	butschereY	butscherep	3.7674665451049805
prasoren	prasore	prasore	prasoJre	prasorve	prasoreY	prasoreB	3.5353612899780273
schleigen	schleige	schleige	schleigeLe	schleigeBe	schleigeKe	schleigze	3.493238687515259
stütten	stütte	stütte	stüttze	stüttve	stüttxe	stütteI	2.6337344646453857
verstorten	verstorte	verstorte	verstorteMe	verstoärte	verstorteY	verstorteI	4.107340335845947
einsproten	einsprote	einsprote	einsprotere	einsprotre	einsproteI	einsproteY	3.993532419204712
exisern	exisere	exisere	exisereP	exiserep	exiserej	exisereB	3.156965494155884
stöfffauern	stöfffauere	stöfffauere	stöffauere	stöffwauere	stöffrauere	stöffäuere	4.803546905517578
flachnen	flachne	flachne	flacNhne	flacMhne	flacVhne	flachnepe	3.2246179580688477
spernen	sperne	sperne	speärne	sperneY	sperney	sperneB	2.4859516620635986
braupern	braupere	braupere	bkraupere	brauppere	braupereP	braupereI	3.7689576148986816
entwähren	entwähre	entwähre	entwähreY	entwährep	entwähreW	entwähreB	3.4314053058624268
pesieren	pesiere	pesiere	pesierepe	pesiereBe	pesiereY	pesiereP	3.2926242351531982
versogne	versogne	versogne	versognere	versognepe	versogneY	versognej	3.9944400787353516
behraben	behrabe	behrabe	behrabeLe	behrabeÖe	behrabeKe	behrabbe	3.3667941093444824
verzasten	verzaste	verzaste	verzastere	verzastKe	verzastze	verzasteI	3.500555992126465
dekilieren	dekiliere	dekiliere	dekiliereBe	dekiliereY	dekiliereI	dekilierePe	4.198736667633057
schülten	schülte	schülte	schültere	schülteÖe	schültre	schülteI	3.467405080795288
bekänden	bekände	bekände	bekändere	bekändeLe	bekändxe	bekändeWe	3.1277832984924316
einerraschtieren	einerraschtiere	einerraschtiere	einerraschtiereQe	einerraschtiereLe	einerraschtiereÜe	einerrascPhtiere	6.704191207885742
dekinieren	dekiniere	dekiniere	dekiniereBe	dekàiniere	dekiniereY	dekiniereI	4.1886749267578125
verstordern	verstordere	verstordere	verstordereGe	verstorrdere	verstordereY	verstordereP	4.755433559417725
pretturen	pretture	pretture	prettuäre	prettureBe	prettureY	prettureQ	3.203110933303833
rikzonisieren	rikzonisiere	rikzonisiere	rikzonisiereBe	rikzonisiereLe	rikzonisiereY	rikzonisierey	5.100832462310791
freinichtigen	freinichtige	freinichtige	freinichtigeLe	freinichtigeBe	freinichtigeÜ	freinichtigey	5.264956474304199
ermättern	ermättere	ermättere	ermättereQä	ermätterve	ermättereI	ermättereP	4.015562057495117
erschläschen	erschläsche	erschläsche	erschlässche	erschläscheLe	erschläscheBe	erschläschej	5.05581521987915
verhällen	verhälle	verhälle	verhälleWe	verhällze	verhälleY	verhälleÖe	3.497565984725952
dekrumitieren	dekrumitiere	dekrumitiere	dekrumitiereBe	dekrumitiereLe	dekrumfitiere	dekrumpitiere	5.406497478485107
plämpeln	plämpele	plämpele	plämpelepe	plämpfele	plämpHele	plämpeleI	3.5538086891174316
verbragen	verbrage	verbrage	verbrageLe	verbrageBe	verbrageKe	verbragüe	3.3153281211853027
erschäffen	erschäffe	erschäffe	erschäffze	erschäffeY	erschäffeI	erschäffej	4.000074863433838
dofforinieren	dofforiniere	dofforiniere	dofforiniereBe	dofforiniereLe	dofforiniereve	dofforinierey	4.73332405090332
diffieren	diffiere	diffiere	diffiereBe	difffiere	diffiereY	diffiereI	3.4053218364715576
dramilieren	dramiliere	dramiliere	dramiliereBe	dramilierüe	dramiliereY	dramiliereI	4.184218406677246
erbraten	erbrate	erbrate	erbratere	erbratre	erbrateI	erbrateY	3.3707735538482666
beflagen	beflage	beflage	beflageKe	beflageBe	beflageLe	bfeflage	2.885049343109131
furmanern	furmanere	furmanere	furmanereP	furmanereU	furmanereI	furmanerep	3.940223217010498
futzen	futze	futze	futzeQe	futzüe	futzve	futzöe	2.288419008255005
fahrnern	fahrnere	fahrnere	fahrnerere	fahkrnere	fahrnereP	fahrnereU	3.844067096710205
flüschen	flüsche	flüsche	flüscheLe	flüscheP	flüschep	flüscheB	3.4041099548339844
pechnen	pechne	pechne	pechneÜe	pechneY	pechney	pechnepe	2.764213800430298
ermuchtigen	ermuchtige	ermuchtige	ermuchtigeGe	ermuchtigeBe	ermuchtigeÜe	ermuchtigeY	4.475067615509033
deskreisen	deskreise	deskreise	deskreiseße	deskkreise	deskreisKe	deskreiseY	4.576609134674072
stisen	stise	stise	stiseQe	stiseLe	stisej	stiseP	2.677988052368164
bleuern	bleuere	bleuere	bleueAre	bleuerze	bleuereP	bleuerep	3.334339141845703
ersichen	ersiche	ersiche	ersicheLe	ersicheBe	ersicAhe	ersichepe	3.4309072494506836
verhirnen	verhirne	verhirne	verhirnere	verhfirne	verhirneY	verhirnepe	3.4303247928619385
gestleiden	gestleide	gestleide	gestleidere	gestleideLe	Egestleide	gestleidKe	4.016790390014648
erneten	ernete	ernete	erneteÖe	erneteI	erneteP	erneteB	3.0614547729492188
kandscheln	kandschele	kandschele	kandscheleße	kandschelepe	kandschelePe	kandscheleY	4.1614837646484375
bewiffern	bewiffere	bewiffere	bewifferere	bewiffereP	bewiffereY	bewifferep	3.9233078956604004
ferrnischern	ferrnischere	ferrnischere	fernischere	ferrnischerere	ferrnisschere	ferrnischereBe	5.39402961730957
gefreichen	gefreiche	gefreiche	gefreicheLe	gefreicheße	gefreicheBe	gefreichze	4.048398017883301
feusleiten	feusleite	feusleite	feusleitere	feusleVite	feuslexite	feusleitxe	4.256155490875244
korprotieren	korprotiere	korprotiere	korprotiereBe	korprotiereGe	Gkorprotiere	korprotierve	4.679296493530273
kanspragen	kansprage	kansprage	kansprageXe	kansprageBe	Gkansprage	kansprageY	4.035751819610596
potoreiieren	potoreiiere	potoreiiere	potoreiiereGe	potoreiiereBe	potoreiierüe	potoreiiereY	4.8522257804870605
schücktern	schücktere	schücktere	schücktereGe	schücktereBe	schücktereP	schücktereY	4.480559349060059
vermandren	vermandre	vermandre	vermandreLe	vermandrepe	vermandrKe	vermandreY	4.090057849884033
frompurieren	frompuriere	frompuriere	frompuriereLe	frompuriereBe	fkrompuriere	frompuäriere	4.9223222732543945
serlen	serle	serle	serleY	serley	serlepe	serleVe	2.534681558609009
entmangen	entmange	entmange	entmangeKe	entmangeLe	entmangeBe	entmangep	3.530888319015503
schwässen	schwässe	schwässe	scyhwässe	schwässKe	schwässej	schwässeB	3.61584734916687
fleifagieren	fleifagiere	fleifagiere	fleifagiereGe	fleifagziere	fleifagiereY	fleifagierey	4.683755874633789
erlinken	erlinke	erlinke	erlinkeÖe	erlinkeLe	erlinkepe	erlinkeI	3.304730176925659
plarieren	plariere	plariere	plariereBe	plarQiere	plariereY	plariereI	3.5857603549957275
verhormen	verhorme	verhorme	verhormeY	verhormeI	verhormeP	verhormeBe	3.508054494857788
stundigulieren	stundiguliere	stundiguliere	stundiguliereBe	stundiguliereLe	stundiguliereye	stundiguliereve	5.3944926261901855
prunkern	prunkere	prunkere	prunkerere	prunkereBe	prunkereI	prunkereP	3.4471027851104736
kankilieren	kankiliere	kankiliere	kankiliereBe	kankiliereGe	Ekankiliere	kankàiliere	4.834539413452148
entspicken	entspicke	entspicke	entspickeLe	entspickepe	entspficke	entspickeI	4.026852607727051
verwotzeln	verwotzele	verwotzele	verwotzeleWe	verwotzeleY	verwotzeleè	verwotzeleP	4.538680076599121
flisten	fliste	fliste	flistere	flistße	flisteI	flisteP	2.6700668334960938
vertaben	vertabe	vertabe	vertabeLe	vertabeÖe	vertabeKe	vertabeBe	3.0945887565612793
vermotten	vermotte	vermotte	vermottere	vermotteI	vermotteW	vermottep	3.5354888439178467
entbieren	entbiere	entbiere	entbiereBe	entbfiere	Kentbiere	entbiereY	3.36216139793396
verschlätten	verschlätte	verschlätte	verschlättere	verschlättet	verschlätteY	vekschlätte	4.468462944030762
verhohrnen	verhohrne	verhohrne	verhohrneXe	verhohrnepe	verAhohrne	verhohrneY	4.472650527954102
verfarmen	verfarme	verfarme	verfarmve	verfarmeY	verfarmeI	verfarmeP	3.1520705223083496
rausahren	rausahre	rausahre	rausahreY	rausahreI	rausahreBe	rausahrep	3.6868159770965576
kätreuen	kätreue	kätreue	kätreueÖe	kätreueBe	kätreuePe	Ekätreue	3.017571210861206
kotschern	kotschere	kotschere	kotschereQs	kotschereP	kotschereY	kotscherep	4.001875877380371
verkreisen	verkreise	verkreise	verkreiseLe	verkreiseße	verkreisKe	verkreiseY	4.459570407867432
verweinen	verweine	verweine	verweineKe	verweineY	verweinej	verweiney	3.6745858192443848
entschlorden	entschlorde	entschlorde	entschlordeLe	entschlordece	entschlörde	entschlordeye	4.887104511260986
kamben	kambe	kambe	kambeLe	kambeBe	Pkambe	kambeI	2.4009878635406494
verschlatzen	verschlatze	verschlatze	verschlatzeQe	verschlatzeGe	vekschlatze	verschlatzeÄ	5.084113597869873
konstieren	konstiere	konstiere	konstiereBe	konstiereLe	Gkonstiere	konstiereY	4.2564311027526855
verzingern	verzingere	verzingere	verzingereXe	verzingereU	verzingereY	verzingereP	4.45084810256958
kormeisen	kormeise	kormeise	kormeiseLe	Gkormeise	kormeiseY	kormeisej	3.7366726398468018
reifatieren	reifatiere	reifatiere	reifatiereBe	reifatiereGe	reiffatiere	reifatiereY	4.47639274597168
schwülken	schwülke	schwülke	schwülkeße	schwülkeBe	schwülkeWe	schwülkeY	3.619025230407715
ergrenken	ergrenke	ergrenke	ergrenkeLe	ergrenkeY	ergrenkeBe	ergrenkepe	3.835853099822998
klärren	klärre	klärre	Pklärre	Gklärre	klärreY	klärreB	2.7247536182403564
finkeln	finkele	finkele	finkeleBe	ffinkele	finkeleI	finkelej	3.0676112174987793
behüßen	behüße	behüße	behüßeLe	behüßKe	behüßpe	behüßve	2.7038991451263428
pländlen	pländle	pländle	pländlepe	pländele	pländleI	pländleY	3.0389318466186523
blächen	bläche	bläche	blächeÖe	blächej	blächeB	blächep	2.757239818572998
erkeilen	erkeile	erkeile	erkeilere	erkeilePe	erkeilze	erkeileI	3.24798846244812
korrentieren	korrentiere	korrentiere	korrentiereBe	korrentiereGe	korrentniere	korrentziere	5.0086846351623535
vontosern	vontosere	vontosere	vontossere	vontosereP	vontosereI	vontosereY	3.867884874343872
vertrütten	vertrütte	vertrütte	vertrüttere	vertrütteY	vertrüttey	vertrütteI	3.8315117359161377
schälzen	schälze	schälze	schälzeÖe	schälzeQe	schälzüe	schälzve	3.076564073562622
beschmilben	beschmilbe	beschmilbe	beschmilbeße	beschmilbeLe	beschmilbeY	beschmilbey	4.700963020324707
prenogrikumen	prenogrikume	prenogrikume	prenogrikumeBe	prenogrikumeLe	prenogrzikume	prenogrikaume	5.1403937339782715
erlästen	erläste	erläste	erlästere	Aerläste	Berläste	erlästeI	3.0754971504211426
ditstallen	ditstalle	ditstalle	ditstallepe	ditstallePe	ditstallve	ditstalleI	4.139377593994141
verzosseln	verzossele	verzossele	verzosseleY	verzosseleÄ	werzossele	ierzossele	4.620017051696777
flingen	flinge	flinge	flingeLe	flingeBe	flingep	flingeP	2.8376338481903076
krerzen	krerze	krerze	krerzepe	krerzeQe	krerzePe	Gkrerze	2.9603960514068604
gruperen	grupere	grupere	grupereBe	grupereY	gruperve	grupereP	3.325557231903076
erlagern	erlagere	erlagere	erlagerere	erlagereP	erlagereI	erlagerep	3.499542236328125
fundeln	fundele	fundele	fundeleBe	fundeleI	fundelej	fundeleP	3.232307195663452
erfaulern	erfaulere	erfaulere	erfaulerere	erfaulekre	erfaulemre	erfaulereI	4.106379985809326
pustern	pustere	pustere	pustvere	pustNere	pusterve	pustereP	3.136887311935425
verspanken	verspanke	verspanke	verspankeLe	verspankepe	verspankeY	verspankeÄ	3.7456214427948
furteln	furtele	furtele	furteleBe	furtelepe	furtelve	furtGele	3.54962420463562
plitzulieren	plitzuliere	plitzuliere	plitzuliereBe	plitzulieare	plitzuliereY	plitzuliereÄ	4.776806354522705
planden	plande	plande	plandeLe	plandeBe	plandePe	plandeI	2.955721855163574
verstallen	verstalle	verstalle	verstallepe	verstallePe	verstalleY	verstalleI	3.7961080074310303
brüfeln	brüfele	brüfele	bkrüfele	brüffele	brüfelve	brüfelze	3.2170255184173584
dreuern	dreuere	dreuere	dreuereP	dreuereB	dreuerep	dreuereI	2.935481548309326
dätteln	dättele	dättele	dätteleße	dättßele	dättelve	dättelej	2.8047502040863037
verhölfen	verhölfe	verhölfe	verhölfexe	verhölffe	verhölfeY	verhölfeP	3.847855567932129
flahlen	flahle	flahle	flahleBe	flahleY	flahleP	flahlepe	2.7346208095550537
stappnicieren	stappniciere	stappniciere	stappniciereBe	stappniciereLe	stappiciciere	stappnicpiere	5.181095600128174
gluckken	glucke	glucke	gluckke	gluckze	gluckepe	gluckpe	2.981581687927246
verhunden	verhunde	verhunde	verhundere	verhundeLe	verhundeKe	verhundeI	3.8778202533721924
spalden	spalde	spalde	spaldere	spaldeLe	spaldePe	spallde	3.129328727722168
fandern	fandere	fandere	fandereLe	fandereP	fanderep	fandereB	3.1210343837738037
schimseln	schimsele	schimsele	schimseleWe	schimselepe	schimseleY	schimseleP	4.229830265045166
gesulieren	gesuliere	gesuliere	gesuliereBe	gesuliereY	gesulierePe	gesuliereI	4.441742897033691
behilten	behilte	behilte	behiltere	behilteÖe	behilteI	behilteWe	3.3641130924224854
schrurtschen	schrurtsche	schrurtsche	schrurtscheLe	schrurtscheBe	schrurtscPhe	schrurtscheÄ	5.098140239715576
grüffeln	grüffele	grüffele	grüffeleBe	grüffelepe	Agrüffele	grüffelze	3.6852681636810303
bewalten	bewalte	bewalte	bewaltere	bwewalte	bewaltre	bewalteI	3.3973238468170166
flunzen	flunze	flunze	flunzeQe	flunzeLe	fluQnze	flunzepe	2.9791696071624756
verstundeln	verstundele	verstundele	verstundeleße	verstundeleVe	verstundeleNe	verstundelve	4.778719425201416
verkollen	verkolle	verkolle	verkollepe	verkollze	verkolleI	verkolleY	3.9454076290130615
besterlen	besterle	besterle	besterleY	besterleI	besterleP	sesterle	3.6434357166290283
beweuern	beweuere	beweuere	beweueIre	beweuereP	beweuereI	beweuerep	3.8436439037323
verfrörten	verfrörte	verfrörte	verfrörtere	verfrörtxe	verfrörteY	verfrörteW	4.055469512939453
fortolieren	fortoliere	fortoliere	fortoliereBe	fortoliereY	fortoliereI	fortoliereU	4.138956069946289
polbeln	polbele	polbele	polbelere	polbelePe	polbßele	polbWele	3.0322506427764893
erraubieren	erraubiere	erraubiere	erraubiereBe	erraubiereGe	erraubiereLe	errauubiere	4.3621673583984375
glaglern	glaglere	glaglere	glaglerere	Eglaglere	Aglaglere	glaglereI	3.2953648567199707
schlaften	schlafte	schlafte	schlaftere	schlaftre	schlafteY	schlafteI	3.8488869667053223
bewürnen	bewürne	bewürne	bewürnKe	bewürneY	bewürney	bewürnep	2.9653701782226562
expechen	expeche	expeche	expecheLe	expecheBe	expecAhe	expechze	3.5580265522003174
betreiten	betreite	betreite	betreitere	betreiteLe	betreBite	betreiteI	4.132679462432861
deklieren	dekliere	dekliere	dekliereBe	dekliereY	dekliereI	deklierePe	3.9131979942321777
kleichen	kleiche	kleiche	kleicheLe	kleicheI	kleicheP	kleichep	3.302093505859375
entwingen	entwinge	entwinge	entwingeBe	entwingepe	entwàinge	entwZinge	3.6023032665252686
gingentern	gingentere	gingentere	gingentereBe	gingenterepe	gingentereU	gingentereP	4.64452600479126
krupsen	krupse	krupse	krupseBe	Pkrupse	Gkrupse	krupseI	2.6309635639190674
expersträngen	experstränge	experstränge	expersträngeBe	expersträngeV	expersträngeÜ	expekstränge	5.118041038513184
drankeln	drankele	drankele	drankeleBe	drankelePe	dkrankele	drankeleI	3.5271456241607666
raskompellen	raskompelle	raskompelle	raskompelleBe	raskompLelle	raskompelleY	raskompelleÄ	4.98391580581665
gespilzen	gespilze	gespilze	gespilzepe	gespilzePe	gespilzeWe	gespilzüe	3.6451096534729004
forratisieren	forratisiere	forratisiere	forratisiereBe	forratisiereLe	forratisiereQe	forratfisiere	5.55242919921875
vermeißen	vermeiße	vermeiße	vermeißeLe	vermeißepe	vermeißePe	vermeißKe	3.6118507385253906
enthonen	enthone	enthone	enthoneKe	enthoneBe	Kenthone	enthoneY	2.965024948120117
knägen	knäge	knäge	knägeÖe	knägeBe	knägepe	knägej	2.288632392883301
vertrauben	vertraube	vertraube	vertraubeLe	vertraubeBe	vertrauube	vertraubeY	3.923753023147583
versoppen	versoppe	versoppe	versoppeLe	versoppeKe	versoppeI	versoppeP	3.3990278244018555
strrenken	strrenke	strrenke	strrenkeLe	strrenkeBe	strrenkeY	strrenkep	3.402437925338745
belächen	beläche	beläche	belächeÖe	belächere	belächze	belächeB	3.4814810752868652
schwärscheln	schwärschele	schwärschele	schwärschelere	schwärscheleße	schwärscheleBe	schwärscYhele	5.032782554626465
silbrusten	silbruste	silbruste	silbrustere	silbrusteQb	silbrustze	silbrusteI	3.5104658603668213
verkraffen	verkraffe	verkraffe	verkraffeLe	vekraffe	verkraffze	verkraffeY	3.712646007537842
erfrauchen	erfrauche	erfrauche	erfraucheLe	erfraucheBe	erfrauJche	erfrauchze	3.727248191833496
verschanden	verschande	verschande	verschandeLe	verschandet	verschandey	verschanre	4.363089084625244
