src	greedy	beam_1	beam_2	beam_3	beam_4	beam_5	entropy
verlehlen	verlehle	verlehle	verlehleMe	verlehleU	verlehleQ	verlehleP	3.521005153656006
forcken	forcke	forcke	forckeQe	forckeV	forckeP	forckep	2.612990379333496
prondieren	prondiere	prondiere	pkrondiere	prondiereY	prondiereU	prondiereP	3.931858539581299
spurzen	spurze	spurze	spurzeQe	spurzeie	spuQrze	spurzüe	2.4403040409088135
schrießen<UNK>ab	schrießeniabe	schrießeniabe	schrießenhabe	schrießencabe	schrießensabe	schrießennabe	7.760037899017334
ebstürten	ebstürte	ebstürte	ebstürtre	ebstürteMe	Kebstürte	ebstüärte	3.455697536468506
krontaletieren	krontaletiere	krontaletiere	krontaletiereQe	Pkrontaletiere	Gkrontaletiere	krontaletierej	4.976029396057129
denallten	denallte	denallte	denalltere	denalltre	denallten	denallteU	3.8272247314453125
ergrättern	ergrättre	ergrättre	ergrättle	ergrättrexe	ergrättere	ergrättreP	3.744440793991089
erfranken	erfranke	erfranke	erfrankeMe	erfrankeU	erfrankeY	erfrankeP	4.046905994415283
erwieden	erwiede	erwiede	erwiedeje	erwieden	erwiedeU	erwiedePe	3.1997017860412598
freutigen	freutige	freutige	freutigeKe	freutigeÜe	freutfige	freutigeP	3.345649003982544
degatisieren	degatisiere	degatisiere	degatisiereQe	degatisierey	degatisierej	degatisiereU	4.8124518394470215
verfrüschen	verfrüsche	verfrüsche	verfrüssche	verfrüschre	verfrüscheÜ	verfrüschej	4.719151496887207
vermarnen	vermarne	vermarne	vermarneÜe	vermarnre	vermarneU	vermarneY	3.329763412475586
entkopremen	entkopreme	entkopreme	entkopremMe	entkopremeU	entkopremej	entkopremey	4.304150581359863
verfunnen	verfunne	verfunne	verfunneÜe	verfunnere	vßerfunne	verfunnre	3.04945707321167
berässen	berässe	berässe	berässeQe	berässKe	berässej	berässey	3.0225062370300293
drappen	drappe	drappe	dkrappe	drappAe	drappej	drappey	2.5762572288513184
kreigen	kreige	kreige	Pkreige	Gkreige	Mkreige	kreigej	2.5705490112304688
pulgen	pulge	pulge	pulgeZ	pulgeP	pulgeG	pulgeVe	2.237032413482666
frodionieren	frodioniere	frodioniere	fkrodioniere	frodionniere	frodionierey	frodioniereU	4.993170261383057
erfucken	erfucke	erfucke	ekrfucke	erfuckeP	erfuckeQe	erfuckeV	3.052377700805664
speulen	speule	speule	speuleQe	speulre	speulye	speulej	2.7890660762786865
ergreigen	ergreige	ergreige	ergreigeKe	ergreigeGe	ergriege	ergreigeP	3.479226589202881
verschlöntigen	verschlöntige	verschlöntige	verschlöntigve	verschlöntigeZ	verschlöntigej	verscHlöntige	5.2450995445251465
riffern	riffre	riffre	riffrexe	riffle	riffere	riffreQre	2.602088451385498
spränten	spränte	spränte	spräntere	spränteÜe	spräntre	spräntej	3.0376672744750977
verlenken	verlenke	verlenke	verlenkeÜe	verlkenke	verlenkeU	verlenkeP	3.8277034759521484
gefingen	gefinge	gefinge	gefingeÜe	gefingeU	gefingeG	gefingeP	3.058407783508301
belenden	belende	belende	belendeKe	belendeÜe	belenden	belendeP	3.018418550491333
verwörten	verwörte	verwörte	verwörtere	verwörtexe	verwörtre	verwörtej	3.3773624897003174
staufieren	staufiere	staufiere	stauffiere	staufQfere	staufierre	staufiereP	4.161794662475586
pritorieren	pritoriere	pritoriere	pkritoriere	pritorierMe	pritoriereU	pritorierej	4.323338031768799
gurrchen	gurrche	gurrche	gurreche	gurrcheU	gurrcheQ	gurrcheP	3.412900924682617
fringen<UNK>finger	fringenrfingre	fringenrfingre	fringenefingre	fringennfingre	fringen-fingre	fringengfingre	8.573933601379395
flaustichen	flaustiche	flaustiche	flaustichre	flaustichej	flausticheU	flausticheÜ	4.194433689117432
verschirmen	verschirme	verschirme	verschirmeße	verschirmej	verschirmey	vekschirme	4.535321235656738
erstinkern	erstinkre	erstinkre	erstinkere	erstinkle	erstinkrere	erstinkreQn	4.013731002807617
erspitzen	erspitze	erspitze	erspitzeQpe	erspitzeje	erspitzePe	erspfitze	3.7944395542144775
frösen	fröse	fröse	fröseQe	frösej	frösey	fröseP	2.1924068927764893
verlüttigen	verlüttige	verlüttige	verlüttigeGe	verlüttigeCe	verlüttioge	verlüttigey	4.378130912780762
extollaginieren	extollaginiere	extollaginiere	extollaginierexe	extollagkiniere	extollaginierre	extollaginiereU	5.709747791290283
steinieren	steiniere	steiniere	steeiniere	steinierre	steiniereP	steinierej	3.967355728149414
daueln	daule	daule	dauleQe	daulele	dauleje	daure	2.4350993633270264
bestingen	bestinge	bestinge	bestingeKe	bestingeÜe	bestingeGe	sestinge	3.9591317176818848
sarsselen	sarssele	sarssele	sarsseleMe	sarsselre	sarsselle	sarsseleP	3.3908257484436035
verzwürfen	verzwürfe	verzwürfe	verzwürfre	verzwürfeP	verzwürfej	verzwürfeV	3.59565806388855
serleln	serlle	serlle	serlele	serllre	serle	serlleQe	3.0574562549591064
fluedigen	fluedige	fluedige	fluedigeKe	fluedigeGe	fluedßige	fluedigeP	3.708749294281006
erwangen	erwange	erwange	erwangeÜe	werwange	erwangeU	erwangeG	3.079078435897827
verblüssen	verblüsse	verblüsse	verblüsseÜe	verblüssre	verblüsseMe	verblüsseQ	4.040287017822266
expärten	expärte	expärte	expärteMe	hxpärte	Vexpärte	expärtre	2.7425405979156494
gestuchen	gestuche	gestuche	gestucheMe	gestuchre	gestuchle	gestucheU	3.662896156311035
erwastern	erwastre	erwastre	erwastrexe	erwästre	erwastere	erwastreP	3.5614144802093506
schiffeln	schiffle	schiffle	schiffre	schiffele	schifflexe	schiffleRe	3.673172950744629
breißen	breiße	breiße	breißeQe	bkreiße	breißre	breißej	2.8303534984588623
stindern	stindre	stindre	stindreQe	stindrexe	stindare	stindere	2.8533458709716797
raufteln	rauftle	rauftle	rauftre	rauftele	rauftleQe	rauftble	3.12367844581604
bewacken	bewacke	bewacke	bewackeÜe	bwewacke	bewackey	bewackepe	3.576500415802002
stüßen	stüße	stüße	stüßeQe	Pstüße	Mstüße	stüßej	2.0136024951934814
verziegen	verziege	verziege	verziegeKe	verziegeGe	verziegePe	verziegke	3.641847610473633
brurstern	brurstre	brurstre	brurstere	brurstare	brurstreP	brurstreQ	3.079230785369873
degeen	degee	degee	dege	degeGe	degeie	degen	2.960188150405884
stetzen<UNK>ein	stetzengeie	stetzengeie	stetzennie	stetzenreie	stetzenneie	stetzenseie	7.150895595550537
ersponieren	ersponiere	ersponiere	ersponiereU	ersponierej	ersponierey	ersponiereP	4.692935943603516
exomplikieren	exomplikiere	exomplikiere	exomplikierey	exomplikierej	exomplikiereU	exomplikiereV	4.952891826629639
bekröffen	bekröffe	bekröffe	bekröffexe	bkekröffe	bekröffre	bekröffle	3.321413516998291
vertrecken	vertrecke	vertrecke	vertreckeÜe	vertreckepe	vertreckeye	vektrecke	4.344644546508789
verkrecken	verkrecke	verkrecke	verkreckeÜe	verkreckre	verkreckeQ	verkreckeY	4.533422946929932
bekilgen	bekilge	bekilge	bekilgebe	bekilgeÜe	bekilgePe	bekilgeG	3.254488468170166
besopben	besopbe	besopbe	besopbeÜe	besopbeje	besopbke	besopbey	3.0493173599243164
verklaten	verklate	verklate	veklate	verklatre	verklatere	verklatle	3.8052115440368652
kunsen	kunse	kunse	kunseQe	kunsej	kunseP	kunsey	2.421975612640381
grutchen	grutche	grutche	grutcheP	grutcheU	grutchej	grutcheQ	3.2619118690490723
suchtigen	suchtige	suchtige	suchtigeKe	suchtigke	suchtigre	suchtigeP	3.767359495162964
suttallisieren	suttallisiere	suttallisiere	suttallisiereQe	suttallfisiere	suttallisierej	suttallisierey	5.226816177368164
kreinern	kreinre	kreinre	kreinere	kreinreQe	kreinrre	kreinare	3.3163692951202393
degen<UNK>um	degengume	degengume	degenäume	degengum	degenaume	degenmume	6.204287528991699
prienstollen	prienstolle	prienstolle	prienstolleVe	prienstolleMe	pkrienstolle	prienstolleU	4.5546135902404785
bustrunden	bustrunde	bustrunde	bustrundere	bustrundeKe	bustrundeÜe	bustrundeMe	3.9996016025543213
protern	protre	protre	protreQe	protare	pkrotre	protrre	2.505593776702881
entschlaften	entschlafte	entschlafte	entschlafteU	entschlafteÜ	entschlafteV	entschläfte	4.566474914550781
klinsen	klinse	klinse	Pklinse	Gklinse	Eklinse	klinsej	2.6692609786987305
stlapen	stlape	stlape	stlapre	stlappe	stlapbe	stlapen	2.7518978118896484
spürzen	spürze	spürze	spürzeQe	spürzeie	spürzDe	spürzle	2.268064498901367
darbotieren	darbotiere	darbotiere	darbotierej	darbotierey	darbotiereU	darbotiereP	4.554806232452393
spuschen	spusche	spusche	spuscheMe	spuscheU	spuscheP	spuscheQ	3.37296199798584
bewünsten	bewünste	bewünste	bewünstre	bewünsteÜe	bewünstej	bewünsteQ	3.6891984939575195
sagen<UNK>aus	sagengause	sagengause	sageneause	sagengausre	sagenmause	sagenvause	5.271203517913818
versprechsen	versprechse	versprechse	versprechsKe	versprechsej	versprechseM	versprechseÄ	4.883350849151611
ernungen	ernunge	ernunge	ernungen	ernungeU	ernungeG	ernungeP	3.376966953277588
vermauen	vermaue	vermaue	vermaure	vermaueU	vermauen	vermaueQ	3.676239252090454
bohrleife	bohrleife	bohrleife	bohrleifre	bohrlexife	bohrleifeY	bohrleifeP	3.7257394790649414
besitigen	besitige	besitige	besitigeKe	besitigeÜe	besitigeje	besitiige	3.8536322116851807
brächsseln<UNK>her	brächsseln	brächsseln	brächsselnire	brächsselnhre	brächsselnnre	brächsselnkre	7.305780410766602
detetten	detette	detette	detettere	detetteMe	detettre	detetteU	3.066356897354126
vertrachen	vertrache	vertrache	vertracheMe	vertrachre	vertracheU	vertracheQ	4.166234970092773
kabilisieren	kabilisiere	kabilisiere	kabilisierej	kabilisiereU	kabilisierey	kabilisiereQ	4.646012306213379
remonieren	remoniere	remoniere	remoniereMe	kremoniere	remoniereU	remonierej	4.55081033706665
rintern	rintre	rintre	rintreQe	rintere	rintare	rintreP	2.629741907119751
klützeln	klützle	klützle	klützre	klützele	klützleQe	klützale	3.2607202529907227
verstern	verstre	verstre	verstare	verstere	verstäre	verstreQe	3.549760580062866
erfiffern	erfiffre	erfiffre	erfiffere	erfiffrre	erffiffre	erfiffreP	3.5972208976745605
deplizieren	depliziere	depliziere	depliziereU	deplizierMe	deplizierej	deplizierey	4.381821632385254
kosteln	kostle	kostle	kostele	kostre	kostleQe	kostale	2.8683860301971436
konnerinieren	konneriniere	konneriniere	konnerinniere	konnerinierey	konnerinierej	konneriniereU	5.198847770690918
belüten	belüte	belüte	belütere	belütre	belütte	belüten	2.711825370788574
vertumpfen	vertumpfe	vertumpfe	vertumpfeMe	vertumpfeje	vertumpfey	vektumpfe	4.213038444519043
schweuden	schweude	schweude	schweudere	schweudeKe	schweuden	schweudej	3.7143349647521973
rodieren	rodiere	rodiere	rodierej	rodiereP	rodiereU	rodiereQ	3.34607195854187
darbautieren	darbautiere	darbautiere	darbautiereQe	darbautierey	darbautierej	darbautiereU	4.696099758148193
schwürfern	schwürfre	schwürfre	schwürfere	schwürfrere	schwürfle	schwürfrre	4.117184638977051
grinnen	grinne	grinne	gkrinne	grinnej	grinney	grinneP	2.841486930847168
vermachstrießen	vermachstrieße	vermachstrieße	vermachstrießeQe	vermachstrießeVe	vermachstrießeye	vermachstrießeZ	6.250502109527588
beschlachen	beschlache	beschlache	beschlacheU	beschlachej	beschlacheÜ	beschlacheM	4.656856536865234
britken	britke	britke	bkritke	britMke	britkeP	britkeje	2.8097853660583496
verbehlen	verbehle	verbehle	verbiehle	verbehleU	verbehleY	verbehleQ	4.006296634674072
stäulen	stäule	stäule	stäulre	stäulej	stäuley	stäuleP	2.9133365154266357
ernarkeln	ernarkle	ernarkle	ernarkele	ernarklexe	ernarkleRe	ernarkre	3.7737481594085693
kommorinieren	kommoriniere	kommoriniere	kommorinierey	kommorinierej	kommoriniereU	kommoriniereV	5.174082279205322
besonsen	besonse	besonse	besonseQe	besonseMe	besonsKe	besonseP	3.3614416122436523
erschlissen	erschlisse	erschlisse	erschlisseQe	erschlissej	erschlisseP	erschlisseM	4.105086803436279
erschwintern	erschwintre	erschwintre	erschwintlre	erschwintere	erschwintrexe	erschwintreP	4.757943630218506
bleckeln	bleckle	bleckle	bleckele	bleckre	bleckleQe	bleckale	3.1838624477386475
bautsern	bautsre	bautsre	bautsare	bautsrre	bautsreP	bautsreb	2.8816163539886475
erwängern	erwängre	erwängre	erwängrexe	erwängreQe	erwängle	erwängere	3.7787153720855713
kepsen	kepse	kepse	kpepse	kepsKe	kepsey	kepsej	2.331904649734497
gewückeln	gewückle	gewückle	gewückele	gewückre	gewücklexe	gewückleRe	3.558372735977173
verzüchen	verzüche	verzüche	verzüchere	verzüchle	verzücheU	verzücheQ	3.5583386421203613
erfleigen	erfleige	erfleige	erfleigeKe	erfleigeGe	ekrfleige	erfleigeje	3.8758974075317383
bebannen	bebanne	bebanne	bebanneÜe	bbebanne	bebannge	bebanneU	3.1429455280303955
pfleisen	pfleise	pfleise	pfleQise	pfleisKe	pfleisPe	pfleiseP	3.056091070175171
bestlöffen	bestlöffe	bestlöffe	bestlöffexe	bestlöffre	bestlöffle	bestlöffej	3.771357536315918
blessen<UNK>auf	blessennaufe	blessennaufe	blessenzaufe	blessenraufe	blessenvaufe	blessen-aufe	7.961673259735107
gondren<UNK>ein	gondrengeie	gondrengeie	gondrenzeie	gondrenneie	gondrenreie	gondrennie	7.685122489929199
verstiffen	verstiffe	verstiffe	verstiffeMe	verstiffre	verstiffeP	verstiffeV	4.193345069885254
knetzen<UNK>ein	knetzengeie	knetzengeie	knetzenneie	knetzennie	knetzenreie	knetzenieie	6.742196083068848
kommeln	kommle	kommle	kommele	kommre	kommleQle	kommble	3.080146551132202
stardeten	stardete	stardete	stardetere	stardeteMe	stardetre	starrdete	3.5707876682281494
korlasilisieren	korlasilisiere	korlasilisiere	korlasilisiereQe	Gkorlasilisiere	korlasilisierre	korlasilisiereU	5.70375919342041
komanidieren	komanidiere	komanidiere	Mkomanidiere	komanidierej	komanidiereU	komanidierey	4.728896617889404
kelben	kelbe	kelbe	Mkelbe	kelube	kelbey	kelbeP	2.3551578521728516
pfürmen	pfürme	pfürme	pfürmeQe	pfükrme	pfürmeP	pfürmej	2.633233070373535
gewärten	gewärte	gewärte	gewärtere	gewärtre	gRewärte	gewärtej	3.244661331176758
flübern	flübre	flübre	flübrexe	flübreQe	flübere	flüble	2.7036337852478027
babeln	bable	bable	bableQe	babele	babale	babre	2.2707433700561523
erspotten	erspotte	erspotte	erspottere	erspotteMe	erspottre	erspotteÜe	3.5736472606658936
knotronieren	knotroniere	knotroniere	knotroniereU	knotronierej	knotronierey	knotroniereP	5.078657627105713
erschleiden	erschleide	erschleide	erschleidere	erschleideÜe	erschleidej	erscNleide	4.8617329597473145
krepsen	krepse	krepse	Gkrepse	Pkrepse	Mkrepse	kkrepse	2.8782505989074707
belöffen	belöffe	belöffe	belöffexe	belöffre	belöffze	belöffeP	2.6142256259918213
dehompren	dehompre	dehompre	dehomprKe	dehomprej	dehompreY	dehomprey	3.1674020290374756
verspreinen	verspreine	verspreine	verspreinre	verspredine	verspreinej	vekspreine	4.820692539215088
entlagen	entlage	entlage	entlageKe	entlagen	entlageU	entlagePe	2.9820830821990967
punden	punde	punde	pundey	pundej	pundeÜ	pundeP	2.2629334926605225
beweifen	beweife	beweife	beweifeQe	bweweife	beweifeZ	beweifeP	3.5661587715148926
krapfeln	krapfle	krapfle	krapfre	Pkrapfle	Gkrapfle	krapfleP	2.915090560913086
plädeten	plädete	plädete	plädeteQe	plädtete	plädeteU	plädeteP	2.9855494499206543
fiserungen	fiserunge	fiserunge	fiserungeKe	fiserungeÜe	fiserungeMe	ffiserunge	3.7499701976776123
erstringen	erstringe	erstringe	erstringeÜe	erstringeMe	erstringeCe	erstringePe	3.873652458190918
begräben	begräbe	begräbe	bgegräbe	begräbbe	begräbey	begräbeG	3.3438897132873535
destähen	destähe	destähe	destähexe	destähere	destähej	destäheQ	3.1679177284240723
prorieren	proriere	proriere	pkroriere	proriereU	proriereP	proriereQ	3.3850667476654053
versäufern	versäufre	versäufre	versäufrexe	versäufere	versäufrre	versäufle	4.006457328796387
grenken	grenke	grenke	grenkeQe	gkrenke	grenkey	grenkeP	2.602724313735962
seiben	seibe	seibe	seibej	seibAe	seibeZ	seibeVe	2.60044002532959
ersäffen	ersäffe	ersäffe	ersäffexe	ersäffre	ersäffej	ersäffeQ	3.3665616512298584
ehren<UNK>aus	ehreneause	ehreneause	ehrengause	ehrenvause	ehrenaause	ehreneausre	6.231306076049805
knuttern	knuttre	knuttre	knuttreQe	knuttere	knuttare	knuttreP	2.800996780395508
knuszen	knusze	knusze	knuszeQe	knuszePe	knuszeie	Pknusze	2.9873945713043213
verleißen	verleiße	verleiße	verleißeQle	verleißeje	verleißKe	verleißeè	3.47642183303833
bunsten	bunste	bunste	bunsteQe	bunstre	bunstej	bunsteP	2.751328229904175
verleifen	verleife	verleife	verleifeMe	verleifeY	verleifeP	verleifej	3.5895802974700928
streisten	streiste	streiste	streistere	streisteMe	streistre	streistej	3.2575302124023438
verkartanzen	verkartanze	verkartanze	verkartanzeQe	verkaartanze	vekartanze	verkartanzKe	4.931968688964844
krerken	krerke	krerke	krerkeQe	Pkrerke	Gkrerke	kreke	2.897016763687134
depinieren	depiniere	depiniere	depàiniere	depiniereU	depiniereY	depiniereP	4.459794044494629
ragen<UNK>wort	rageneworte	rageneworte	ragengworte	ragenewortrt	ragenvworte	ragenbworte	5.270809650421143
verbandern	verbandre	verbandre	verbandrexe	verbandreQe	verbandrre	verbandle	4.401150703430176
schluttern	schluttre	schluttre	schluttrexe	schluttle	schluttreP	schluttreQ	3.5605978965759277
erstalltern	erstalltre	erstalltre	erstalltrexe	erstalltere	erstalltrre	erstalltreQe	3.8407583236694336
desplachen	desplache	desplache	desplacheMe	desplacheÜe	desplacheje	desplachre	4.093081951141357
brösen<UNK>aus	brösengause	brösengause	brösensause	brösenvause	brösenrause	bröseneause	7.8078179359436035
versteiten	versteite	versteite	versteitere	verstezite	verstefite	versteitej	4.0050554275512695
ermalschen	ermalsche	ermalsche	ermalscheMe	ermalscheQa	ermalscheje	ekrmalsche	3.9798810482025146
verweifen	verweife	verweife	verweifeMe	verweiffe	verweifeY	verweifeP	3.3572559356689453
grissen	grisse	grisse	grisseQe	grissej	grisseP	grisseV	2.768303871154785
seidern	seidre	seidre	seidreQre	seidare	seidere	seidrre	2.8012542724609375
grapieren	grapiere	grapiere	gkrapiere	grapfiere	grapiereP	grapiereQ	4.152918338775635
geheinen	geheine	geheine	geheineÜe	geheinre	geheinAe	geheinej	3.130565643310547
ergräuen	ergräue	ergräue	ergräuere	eZrgräue	ergräuej	ergräueQ	3.194751024246216
versprucken	versprucke	versprucke	verspruckeje	verspruckeÜe	verspruckey	veksprucke	4.484707355499268
entflauen	entflaue	entflaue	entflaueKe	entflaure	Kentflaue	entflaueU	3.9249203205108643
pitachisieren	pitachisiere	pitachisiere	pitachisiereQe	pitachisierey	pitachisierej	pitachisiereV	5.352125644683838
getifulieren	getifuliere	getifuliere	getifuliereU	getifulierej	getifulierey	getifuliereP	5.243658542633057
verschlohlen	verschlohle	verschlohle	verschlohleVe	verschlohleY	verschlohleU	verschlohley	4.818525791168213
errassen	errasse	errasse	errasseQe	errasseMe	errassre	errasseP	2.868169069290161
verschrempen	verschrempe	verschrempe	verschrempeGe	verscNhrempe	verschrempeU	verschrempey	4.970755100250244
behellen	behelle	behelle	behelleQe	behellke	behellre	behelleY	2.996429681777954
schlellnen	schlellne	schlellne	schlellnere	schlellneÜe	schlellnke	schlellneY	3.864973545074463
flüben	flübe	flübe	flüQbe	flüAbe	flüLbe	flübej	2.4950172901153564
gräumiguieren	gräumiguiere	gräumiguiere	gräumiguiereQe	Agräumiguiere	gräumiguziere	gräumiguierey	5.211961269378662
erleuchen	erleuche	erleuche	erleucheQe	erleucheMe	erleucheU	erleucheP	3.4714996814727783
feuen	feue	feue	feueQe	fReue	feuej	feueU	1.76887047290802
korphomolieren	korphomoliere	korphomoliere	korphomoliereQe	korphomoliereU	korphomolierej	kokphomoliere	5.366835117340088
kremben	krembe	krembe	krembeVe	Pkrembe	krembey	krembeG	2.9723780155181885
prekten	prekte	prekte	pkrekte	prekteÜe	prektre	prekteP	2.6621310710906982
brechsern	brechsre	brechsre	brechsreP	brechsreQ	brechsren	brechsreb	3.43861985206604
käueln	käule	käule	käulele	käuleQe	käuele	käure	2.243384838104248
beleisten	beleiste	beleiste	beleistere	beleisteQe	beleisteÜe	beleistre	3.7952356338500977
kondentieren	kondentiere	kondentiere	kondentiereQe	kondentniere	kondentierej	kondentierey	4.50623083114624
korlogorieren	korlogoriere	korlogoriere	Gkorlogoriere	Pkorlogoriere	korlogorierej	korlogorierey	5.420810699462891
fundutieren	fundutiere	fundutiere	fundutiereQu	fundutierej	fundutierey	fundutiereP	4.4654927253723145
vertrünzen	vertrünze	vertrünze	vertrünzeke	vertrünzeMe	vertrünzeP	vektrünze	3.7184653282165527
verflafigungieren	verflafigungiere	verflafigungiere	verflaffigungiere	verflafigungierre	verflafigungierNe	verflafigungiereQe	7.556379318237305
verschröten	verschröte	verschröte	verschrötere	verschrötre	verschröteye	verschrötej	4.395999431610107
greinigen	greinige	greinige	greinigeKe	greinigeGe	greinigeje	Ereinige	3.808173418045044
entkließen	entkließe	entkließe	entkließeQke	entkließePe	entkließere	entkließeGe	3.688685178756714
defrieren	defriere	defriere	defrierre	defriereU	defriereP	defriereQ	3.4903831481933594
ränden	rände	rände	rändere	rändej	rändey	rändeÜ	2.3082592487335205
bochtern	bochtre	bochtre	bochtrexe	bochtreQe	bochtrre	bochtreP	3.090902090072632
verweißen	verweiße	verweiße	verweißeje	verweißeQ	verweißeè	verweißeP	3.465578079223633
prestten	prestte	prestte	presttere	prestteÜe	presttre	prestteQ	3.2647531032562256
spitieren	spitiere	spitiere	spitviere	spitierre	spitiereP	spitiereQ	3.6655564308166504
krehren	krehre	krehre	krehreQe	kreehre	Gkrehre	Pkrehre	3.2164366245269775
vermeiten	vermeite	vermeite	vermeitere	vermeiteKe	vermeitre	vermeiteU	3.6391608715057373
plötten	plötte	plötte	plöttre	plöttle	plöttße	plöttke	2.581197500228882
sompen	sompe	sompe	sompej	sompeZ	sompey	sompeP	2.0994575023651123
stabeln	stable	stable	stableQe	stabele	stableje	stabre	2.467329502105713
stähnen	stähne	stähne	stähnej	stähney	stähneÜ	stähneQ	2.605272054672241
versillern	versillre	versillre	versillere	versillrere	versillreQe	versillrre	4.038633823394775
verwürfern	verwürfre	verwürfre	verwürfere	verwürfrexe	verwürfle	verwürfrre	3.5743250846862793
ergenen	ergene	ergene	ekrgene	ergnene	ergenen	ergeneU	2.975341558456421
brießen	brieße	brieße	brießeQe	bkrieße	brießxe	brießKe	2.6590113639831543
vertracken	vertracke	vertracke	vertrackeÜe	vertrackeY	vertrackeQ	vertrackey	4.045033931732178
verspussen	verspusse	verspusse	vßerspusse	verspusseÄ	verspusseQ	verspusseMe	4.302745819091797
entwahnen	entwahne	entwahne	entwahneÜe	entwaéhne	entwahneU	entwahnej	3.480637311935425
bereichten	bereichte	bereichte	bereichtere	bereichteÜe	bereichtre	bereichteY	4.070540904998779
bestäuen	bestäue	bestäue	bestäuere	Ubestäue	bestäure	bestäuej	3.312443971633911
pockieren	pockiere	pockiere	pockiereU	pockiereQ	pockiereP	pockierej	3.5033087730407715
erminitigen	erminitige	erminitige	erminitigeGe	erminitigeMe	erminitioge	erminitigey	4.605810165405273
examieren	examiere	examiere	Kexamiere	examierre	examiereP	examiereU	3.5677292346954346
pfrahnen	pfrahne	pfrahne	pfraéhne	pfrahneU	pfrahnen	pfrahney	3.13879132270813
verkluckern	verkluckre	verkluckre	verkluckrexe	verkluckle	verkluckreP	verkluckreQ	4.589982986450195
plechern	plechre	plechre	plechrexe	plechreP	plechren	plechreQ	3.260565757751465
kankieren	kankiere	kankiere	Gkankiere	Pkankiere	kankiereU	kankiereP	3.746013641357422
berandern	berandre	berandre	berandrexe	berandrre	berandreQe	berandreP	3.4613149166107178
schläckeln	schläckle	schläckle	schläckre	schläckele	schläcklexe	schläckleRe	4.022529602050781
verblahen	verblahe	verblahe	verblaheMe	verblaheje	verblahre	verblaheU	3.47548770904541
pautschieren	pautschiere	pautschiere	pautschiereQe	pautschfiere	pautschiereU	pautschierej	4.915093898773193
sangen<UNK>aus	sangengause	sangengause	sangeneause	sangenmause	sangenvause	sangengausere	5.26459264755249
frünsteln	frünstle	frünstle	frünstre	frünstleQn	frünstale	fkrünstle	3.4815587997436523
gimmen	gimme	gimme	gimmej	gimmeZ	gimmey	gimmeP	2.219403028488159
bekreißen	bekreiße	bekreiße	bekreißeQre	bkekreiße	bekreißKe	bekreißeP	3.4525375366210938
beteistern	beteistre	beteistre	beteistere	beteistrexe	beteistare	beteistreP	3.7963595390319824
betrehsen<UNK>ab	betrehseniabe	betrehseniabe	betrehsenhabe	betrehsencabe	betrehsenbabe	betrehsensabe	8.509843826293945
verwechtigen	verwechtige	verwechtige	verwechtigeGe	verwechtigeMe	verwechtigeÜ	verwechtigey	4.965205669403076
glaumern	glaumre	glaumre	glaumreQu	glaumere	Eglaumre	glaumreP	3.282823324203491
splangen	splange	splange	splangeÜe	splangeU	splangeG	splangeP	3.1999738216400146
schlirten	schlirte	schlirte	schlirtere	schlirteMe	schlirtre	schlirteU	3.7606163024902344
rönden	rönde	rönde	röndej	rönden	röndey	röndeÜ	2.1131041049957275
besprenken	besprenke	besprenke	besprenkeÜe	besprenkeMe	besprenkeY	besprenkey	4.042089462280273
dreiben	dreibe	dreibe	dkreibe	dreibZe	dreibej	dreibeZ	2.9607551097869873
entkammen	entkamme	entkamme	entkammeKe	entkammle	entkammey	entkammej	3.4858334064483643
kruckieren	kruckiere	kruckiere	Gkruckiere	kruckiereY	kruckierej	kruckiereP	4.06992244720459
grurfen	grurfe	grurfe	grurfeQe	grurfeMe	grurfeP	grurfeV	2.7806549072265625
stablen	stable	stable	stablepe	stablKe	stablej	stabley	2.346635341644287
vermintern	vermintre	vermintre	vermintrexe	vermintere	vermintle	vermintreP	4.040158271789551
ermetten	ermette	ermette	ermettere	ermettre	ermetteÜe	ermetteU	3.430431842803955
schwinzen	schwinze	schwinze	schwinzeQwe	schwinzeie	scyhwinze	schwinzKe	3.4972341060638428
verbreischen	verbreische	verbreische	verbreischeVe	verbreiscVhe	verbreischeQe	verbreischej	4.6083984375
dalinieren	daliniere	daliniere	daliniereP	daliniereU	daliniereY	dalinierej	4.487668514251709
schriebeln	schrieble	schrieble	schriebele	schriebre	schrieblexe	schriebleQe	4.164444923400879
verleugen	verleuge	verleuge	verleugeKe	verleugeMe	verleuöge	verleugeU	3.6497066020965576
strafeien<UNK>zirung	strafeienizirue	strafeienizirue	strafeienezirue	strafeienlzirue	strafeienazirue	strafeiennzirue	9.855096817016602
flungen	flunge	flunge	flungen	flungeG	flungeP	flungeV	2.9162964820861816
segieren	segiere	segiere	segkiere	segierre	segierej	segiereP	3.3223679065704346
verlörstigen	verlörstige	verlörstige	verlörstigeGe	verlörstinge	verlörstiüge	verlörstigeÜ	4.597684383392334
erkorphorten	erkorphorte	erkorphorte	erkorphorteMe	erkorphortre	erkorphorteU	erkorphorteÄ	4.792042255401611
ergläcken	ergläcke	ergläcke	ergläckexe	ergläckeQ	ergläckey	ergläckej	3.545349359512329
ermunden	ermunde	ermunde	ermundeKe	ermunden	ermundeU	ermundeP	3.2986302375793457
besenen	besene	besene	beseche	besenen	beseney	beseneU	3.132596254348755
betreichen	betreiche	betreiche	betreicheMe	betreicheÜe	betreichre	betreicheP	4.1468281745910645
plirnen	plirne	plirne	plierne	plirnAe	plirnej	plirneÜ	2.866187572479248
pronssäbern	pronssäbre	pronssäbre	pronssäbere	pronssäbrexe	pronssäble	pronssäbreP	4.235540390014648
schartoffisieren	schartoffisiere	schartoffisiere	schartoffisiereQe	schartoffisierexe	schartoffisierey	scèartoffisiere	6.265992641448975
dräufen	dräufe	dräufe	dräufeQe	dkräufe	Qufäufe	dräuffe	2.7936131954193115
entwitzeln	entwitzle	entwitzle	entwitzre	entwitzlexe	entwitzele	entwitzleQ	4.041379451751709
riegen<UNK>zu	riegengzue	riegengzue	riegenazue	riegengzu	riegenäzue	riegenrzu	5.687901973724365
vorschultigen	vorschultige	vorschultige	vorschultigeée	vorscvhultige	vorschultigey	vorschultigeÜ	5.291104793548584
soberten	soberte	soberte	soberteMe	sobertre	sobeörte	soberteU	3.0499722957611084
errungenstrieben	errungenstriebe	errungenstriebe	errungenstriebeje	errungenstriebere	errungenstriebeKe	errungenstriebre	6.752009868621826
erblössen	erblösse	erblösse	erblösseQle	erblössere	erblössej	erblösseP	3.5956337451934814
belutteln	beluttle	beluttle	beluttre	beluttele	beluttale	beluttleQ	3.34611439704895
verstagen	verstage	verstage	verstageKe	verstageje	verstageU	verstageP	3.55893611907959
kabern	kabre	kabre	kabreQe	kabrexe	kabreje	kabere	2.328862428665161
fügern	fügre	fügre	fügrexe	fügreQe	fügle	fügreP	2.1859405040740967
verspriesen	verspriese	verspriese	versprieseMe	versprieseye	verspriesKe	verspriesej	4.203056335449219
verstachen	verstache	verstache	verstacheMe	verstacheU	vekstache	verstacheje	4.0253777503967285
dampleien	dampleie	dampleie	dampleiere	dampleieKe	dampleieje	dampleiAe	3.494528293609619
schnarten	schnarte	schnarte	schnartere	schnarteMe	schnartre	schnarteU	4.015831470489502
vertarmisstorieren	vertarmisstoriere	vertarmisstoriere	vertarmisstorire	vertarmisstoriereQe	vertarmisstorierre	vertarmisstorilre	7.138023853302002
sypodern	sypodre	sypodre	sypodreQe	sypodare	sypodrre	sypodreP	2.77168869972229
verseißen	verseiße	verseiße	verseißeQe	verseißeje	verseißeè	verseißeP	3.8463492393493652
verbabern	verbabre	verbabre	verbabere	verbabrere	verbabrre	verbabren	3.4983575344085693
entselln	entsle	entsle	entslle	entselle	entslme	entslele	3.5184693336486816
pronisieren	pronisiere	pronisiere	pkronisiere	pronisierej	pronisierMe	pronisierey	4.72300910949707
kallitieren	kallitiere	kallitiere	kallfitiere	kallitierej	kallitierey	kallitiereU	4.368216037750244
ditrostrodieren	ditrostrodiere	ditrostrodiere	ditrostrodiereQre	ditrostroYdiere	ditrostrodierre	ditrostrodiereU	6.416641712188721
frachscheln	frachschle	frachschle	frachschlexe	frachschre	frachschleQe	frachschleP	4.320521354675293
bestüchtigen	bestüchtige	bestüchtige	bestüchtigeGe	bestüchtigey	bestüchtigeÜ	bestüchtigeV	4.649087905883789
bewassen	bewasse	bewasse	bewasseQe	bewassre	bewasseP	bewassej	3.320666551589966
sybeln	syble	syble	sybele	sybleQe	sybleje	sybleO	2.3158745765686035
strospern	strospre	strospre	strosprexe	strospere	strospare	strospreP	3.4798429012298584
streichnen	streichne	streichne	streichnere	streichneÜe	streichneQe	streichnej	4.33655309677124
schmernen	schmerne	schmerne	schmerneÜe	schmerneQm	schmerneY	schmerneU	3.9355826377868652
parbnugen	parbnuge	parbnuge	parbnugeKe	parbnuoge	parbnuOge	parbnuage	3.889176845550537
prinkeln	prinkle	prinkle	prinkele	prinkleQe	prinkre	prinkale	3.3197734355926514
siptromisieren	siptromisiere	siptromisiere	siptromisiereQe	siptrompisiere	siptromisierej	siptromisiereV	5.378358840942383
blusten	bluste	bluste	blusteQe	Ubluste	blustre	blustKe	3.0390772819519043
raustern<UNK>an	rausternre	rausternre	rausterna	rausternia	rausternla	rausternha	5.081450462341309
stären	stäre	stäre	stäreQe	stärre	stärej	stärey	2.265322208404541
befinieren	befiniere	befiniere	befàiniere	befNiniere	befiniereP	befiniereU	3.8850016593933105
koltieren	koltiere	koltiere	Gkoltiere	Pkoltiere	koltfiere	koltiereP	3.68220853805542
gluppen	gluppe	gluppe	gluppej	gluppey	gluppeG	gluppeP	2.835153818130493
blürnen	blürne	blürne	blürneQe	üblürne	blürnre	blürney	2.5751302242279053
erköllen	erkölle	erkölle	erköllere	ekrkölle	erköllre	erköllej	3.0839779376983643
poteten	potete	potete	pottete	potrete	potBete	poteteU	2.6327266693115234
erkließen	erkließe	erkließe	erkließeQle	erkließePe	erkließere	erkließeGe	3.2899186611175537
gelätten	gelätte	gelätte	gelättere	gelättre	gelättle	gelättej	2.8818726539611816
berängen	beränge	beränge	berängeÜe	berängej	berängeP	berängeQe	2.880239486694336
panatern	panatre	panatre	panatrexe	panatrre	panatreP	panatreb	2.8715336322784424
schwildenninnen	schwildenninne	schwildenninne	schwildenninie	schwildennine	schwildenninre	schwildenninine	6.568605422973633
besprachen<UNK>ab	bespracheniabe	bespracheniabe	besprachencabe	besprachenbabe	besprachenhabe	besprachensabe	8.130073547363281
strähten	strähte	strähte	strähtere	strähtre	strähtle	strähtej	3.0578994750976562
pflüssen	pflüsse	pflüsse	pflüsseQe	pflüssre	pflüsseP	pflüsseMe	2.5707240104675293
kamplen	kample	kample	kamplePe	kampleje	Gkample	Pkample	2.73405122756958
stotieren	stotiere	stotiere	stotviere	stotiereP	stotierej	stotiereQ	3.3320040702819824
parben	parbe	parbe	paarbe	parbej	parbey	parbeÜ	2.422565460205078
plotagen	plotage	plotage	plotageKe	plotageje	plotageU	plotageP	3.1782150268554688
destachen	destache	destache	destacheMe	destacheU	destacheQ	destachej	3.6822097301483154
erblachen	erblache	erblache	erblacheMe	erblacheU	erblacheQ	erblacheP	3.6659162044525146
entfleben	entflebe	entflebe	entflebeKe	entflebeMe	entflbebe	entfleebe	3.2883121967315674
burgahlen	burgahle	burgahle	burgahlre	burgahleQ	burgahleU	burgahleP	3.8499341011047363
erlerten	erlerte	erlerte	erlerteMe	Berlerte	erlerteU	erlerteP	3.231987237930298
entklacheln	entklachle	entklachle	entklachre	entklachele	entklachlexe	entklachleRe	4.7681884765625
erstrießen<UNK>ab	erstrießeniabe	erstrießeniabe	erstrießennabe	erstrießensabe	erstrießenbabe	erstrießenlabe	8.068146705627441
syppen	syppe	syppe	sypple	syppre	syppej	syppey	2.2842676639556885
betrucken	betrucke	betrucke	betruckeQre	betrucQue	betruckeU	betruckeje	3.757469415664673
rinden<UNK>ker	rindengkre	rindengkre	rindennkre	rindenskre	rindenakre	rindenäkre	6.762362003326416
pragieren	pragiere	pragiere	pkragiere	pragierre	pragiereU	pragiereP	3.6006648540496826
stönken	stönke	stönke	stönkeQe	stönkeP	stönkej	stönkey	2.6983516216278076
verzühnen	verzühne	verzühne	verzühnere	verzühnre	verzühnej	verzühneÜe	3.799180746078491
erspenken	erspenke	erspenke	erspenkeQpe	erspenkepe	erspàenke	erspenkeU	3.377858877182007
strempern	strempre	strempre	strempere	stremprexe	stremple	strempreP	3.3287241458892822
gropfen	gropfe	gropfe	gkropfe	ggropfe	gropfeP	gropfeV	2.501326322555542
spimmen	spimme	spimme	spimmeQe	spimmeye	spimmePe	spimmej	2.974851369857788
stirfen	stirfe	stirfe	stirfeQe	stirfeMe	stiürfe	stirfeP	2.509915590286255
besehlen	besehle	besehle	besehleQe	besehleU	besehleP	besehleV	3.3277668952941895
spunkten	spunkte	spunkte	spunkteU	spunktej	spunkteQ	spunkteP	2.971761465072632
krasseln	krassle	krassle	krassre	krassble	krassale	krassleP	2.6305997371673584
schneifen	schneife	schneife	schneifeMe	schneiffe	schneifeY	schneifej	3.95755934715271
debalisieren	debalisiere	debalisiere	debalisierej	debalisiereU	debalisierey	rebalisiere	5.3267340660095215
gritteln	grittle	grittle	grittre	grittleQe	grittele	grittleje	3.0153555870056152
enttieren	enttiere	enttiere	enttiereQt	enttiereP	enttierej	enttiereU	3.555725336074829
destauschen	destausche	destausche	destaussche	destauscPhe	destauscVhe	destauschej	4.022347927093506
entfrühren	entfrühre	entfrühre	entfrühreMe	entfrührre	entfrührej	entfrühreY	3.990060329437256
ergruttern	ergruttre	ergruttre	ergruttrexe	ergruttle	ergruttere	ergruttreP	3.958836555480957
erkarzen	erkarze	erkarze	erkarzeQe	erkarzeie	erkarzDe	erkarzeU	2.5798614025115967
kärnstrieren	kärnstriere	kärnstriere	Gkärnstriere	Mkärnstriere	kärnstrierMe	kärnstrierej	4.34127950668335
verschmingen	verschminge	verschminge	verschmingeGe	verschmingeVe	verschmingeÜ	verschmingey	4.879156589508057
sieben<UNK>aus	siebengause	siebengause	siebeneause	siebenvause	siebenausus	siebenausue	6.246841907501221
klummen	klumme	klumme	Pklumme	Gklumme	klummej	klummey	2.4427101612091064
gopfern	gopfre	gopfre	gopfrexe	gopfere	gopfreQe	gopfreQre	2.58705472946167
schnäufen	schnäufe	schnäufe	schnäufexe	schnäufej	schnäufeQ	schnäufeM	3.6261754035949707
splirmen	splirme	splirme	splirmeQ	splirmeP	splirmeje	splirmey	3.229764699935913
erlühnen	erlühne	erlühne	erlühnere	erlüAhne	erlüVhne	erlühnej	3.7675163745880127
knanzen	knanze	knanze	knanzeQe	knanzePe	Gknanze	Pknanze	2.6111669540405273
frönzen	frönze	frönze	frönzeQe	fkrönze	frönzDe	frönzej	2.8826804161071777
schüttigen	schüttige	schüttige	schüttigeGe	schüttigeÜe	schüttigke	schüttigeP	4.205494403839111
erwinkern	erwinkre	erwinkre	erwinkrere	erwinkere	werwinkre	erwinkrre	3.7164642810821533
kürfen	kürfe	kürfe	Pkürfe	Mkürfe	Gkürfe	kürfeP	2.1558611392974854
kemichtigen	kemichtige	kemichtige	kemichtigeGe	kemichtioge	kemichtigeMe	kemichtigey	4.618764400482178
schlanken<UNK>an	schlankenba	schlankenba	schlankenha	schlankenia	schlankenla	schlankensa	7.821755409240723
prübeln	prüble	prüble	prübele	prübleje	prübleQe	prübre	2.7604591846466064
belären	beläre	beläre	belärre	beläreQe	belärej	belärey	2.7321815490722656
kreittern	kreittre	kreittre	kreittere	Gkreittre	Mkreittre	kreittreP	3.7713558673858643
bebenern	bebenre	bebenre	bebenare	bebrenre	bebenrre	bebenäre	2.914654493331909
schnaffen	schnaffe	schnaffe	schnaffeMe	schnaffeY	schnaffeP	schnaffeV	3.765411615371704
gehurken	gehurke	gehurke	gehurkeje	gehurkAe	gehurkeU	gehurkeQ	3.4656035900115967
versonzen	versonze	versonze	versonzepe	versonzeie	versonzeQe	vßersonze	3.4825854301452637
rochsen<UNK>vorgraufneiten	rochsen-vorgraufneite	rochsen-vorgraufneite	rochsenevorgraufneite	rochsennvorgraufneite	rochsenzvorgraufneite	rochsenivorgraufneite	11.733407974243164
verzeißen	verzeiße	verzeiße	verzeißeje	verzeißeQ	verzeißeG	verzeißeP	3.1553032398223877
genteren	gentere	gentere	genterre	gentereP	gentereU	genterej	3.4125237464904785
schlüsern	schlüsre	schlüsre	schlüsrere	schlüsere	schlüsrre	schlüsreP	3.76835036277771
felten<UNK>an	feltena	feltena	feltenme	feltenge	feltenga	feltenia	6.086959362030029
reuspenden	reuspende	reuspende	reuspendeMe	reuspendeKe	reuspendeÜe	reuspendKe	3.9457972049713135
belinnen	belinne	belinne	belinnere	belinneÜe	belinneU	belinnep	3.435077428817749
degesteben	degestebe	degestebe	degestebeje	degestebeMe	degestbebe	degestebeGe	4.104454517364502
dristtorieren	dristtoriere	dristtoriere	dristtoriereQe	dristtokriere	dristtorierMe	dristtorierey	5.065353870391846
verhließen	verhließe	verhließe	verhließePe	verhließere	verhließeQe	verhließeGe	3.882154941558838
rompen	rompe	rompe	krompe	Prompe	rompeZ	rompej	2.094500780105591
sprumpfen	sprumpfe	sprumpfe	sprumpfeMe	sprumpfre	sprumpfeP	sprumpfej	3.3082666397094727
gropfenten	gropfente	gropfente	gkropfente	gropfentre	gropfenteMe	gropfenteU	4.106491565704346
prozutieren	prozutiere	prozutiere	pkrozutiere	prozutierej	prozutierey	prozutiereP	4.482107639312744
bebanben	bebanbe	bebanbe	bebanbeÜe	bbebanbe	bebanbeU	bebanbeG	3.831871271133423
beliten	belite	belite	belitre	belitte	belitej	beliten	2.8365020751953125
beschirchen	beschirche	beschirche	beschircPhe	beschirchle	beschircheU	beschirchej	4.591335296630859
verlügen	verlüge	verlüge	verlügeQe	verlügeÜe	verlügeP	verlügej	3.605194568634033
rühnen	rühne	rühne	rühneQe	rühnej	rühney	rühneÜ	2.3526437282562256
konspallisieren	konspallisiere	konspallisiere	konspallisiereQe	konspallisierre	konspallisiereU	konspallisierey	5.828080177307129
rahrungen	rahrunge	rahrunge	rahrungeKe	rahrungeÜe	rahrungeU	rahrungeP	3.6923439502716064
frapsen	frapse	frapse	frapseQe	fkrapse	frapsKe	frapseP	2.873492956161499
geläsen	geläse	geläse	geläseQe	Egeläse	Ageläse	geläsej	2.895174503326416
karkumieren	karkumiere	karkumiere	Gkarkumiere	Pkarkumiere	karkumiereU	karkumierej	4.396832466125488
ruben<UNK>fiss	rubenefisse	rubenefisse	rubengfisse	rubenffisse	rubenafisse	rubenäfisse	5.045017719268799
grichten	grichte	grichte	grichtere	grichtre	grichteU	grichtej	3.3341422080993652
verbreisen	verbreise	verbreise	verbreisKe	verbreiske	verbreiseY	verbreisej	4.340469837188721
ebersträsen	ebersträse	ebersträse	hebersträse	bebersträse	Kebersträse	ebersträsej	4.552887916564941
senkalisieren	senkalisiere	senkalisiere	senkalisiereQe	senkalisierey	senkalisierej	senkalisiereV	4.924744606018066
verkucheln	verkuchle	verkuchle	verkuchele	verkuchlexe	verkuchleRe	verkuchre	4.159587860107422
verbangen	verbange	verbange	verbangeKe	verbangeÜe	verbangeU	verbangeP	3.7568156719207764
versichen	versiche	versiche	versicheMe	versicheQ	versicheP	versichej	3.959080457687378
plonen	plone	plone	plonke	plonej	ploney	ploneÜ	2.1812424659729004
verwurzen	verwurze	verwurze	verwurzeMe	verwurzle	verwurzeU	verwurzeQ	3.8105311393737793
klellen<UNK>frem	klellennrfre	klellenrfreme	klellennrfre	klellenefreme	klellenifreme	klellenzfreme	8.175664901733398
steintern	steintre	steintre	steintrexe	steintere	steeintre	steintreP	3.408268690109253
besilden	besilde	besilde	besildere	besildAe	besilden	besildeP	3.4620347023010254
galitikalisieren	galitikalisiere	galitikalisiere	galitikalisiereQe	galitikalisierexe	galitikalisierre	galitikalisierey	7.064101696014404
blenen	blene	blene	blnene	blenbe	bleney	blenej	2.546618700027466
freinen	freine	freine	fkreine	freVine	freinAe	freinej	2.8515167236328125
beflingen	beflinge	beflinge	beflingeKe	beflingeÜe	beflingeGe	beflingeP	3.376469612121582
schwürten	schwürte	schwürte	schwürtere	schwürteMe	schwürtre	schwürtle	3.414846897125244
entflügen	entflüge	entflüge	entflügexe	entflügeKe	entflügere	Kentflüge	3.441779375076294
exteln	extle	extle	extre	extlele	extleQe	extele	2.3591225147247314
sädeten	sädete	sädete	sädeteQe	sädtete	sädetej	sädeteU	2.749264717102051
feusignieren	feusigniere	feusigniere	feusignziere	feusignwiere	feusignierey	feusigniereU	4.495692253112793
debelieren	debeliere	debeliere	debelierre	debeliereY	debeliereU	debelierej	4.287703514099121
erruchsichen	erruchsiche	erruchsiche	erruchsicheMe	erruchsichej	erruchsicheU	erruchsicheÜ	5.019227981567383
bespenschen	bespensche	bespensche	bespenscheMe	bespenscVhe	bespenscheje	sespensche	5.146139144897461
kompeln	komple	komple	kompre	kompele	kompleQe	kompale	2.456080198287964
ritesten	riteste	riteste	ritestere	ritteste	ritreste	ritesteQ	2.954437494277954
fegieren	fegiere	fegiere	fegkiere	fegierre	fegierej	fegiereP	3.4497926235198975
berägen	beräge	beräge	berägeQe	berägke	berägey	berägej	2.656663179397583
brochen<UNK>aus	brochennause	brochennause	brochenrause	brochenzause	brochenvause	brochengause	7.954716205596924
entlosen	entlose	entlose	entloseQe	Gentlose	entlosej	entloseP	3.5176427364349365
verklitzen	verklitze	verklitze	verklitzeMe	veklitze	verklitzeje	verklitzle	4.024817943572998
vermittern	vermittre	vermittre	vermittrexe	vermittle	vermittere	vermittreP	3.6138978004455566
durmoren	durmore	durmore	durmorre	durmorej	durmoreQ	durmoreU	3.2679085731506348
regreien	regreie	regreie	regreiere	regreire	regreieU	regreieP	3.3699681758880615
prärsten	prärste	prärste	pkrärste	pArärste	prärstre	prärsteQ	2.8640236854553223
belustern	belustre	belustre	belustere	belustare	belustreP	belustreb	3.31807017326355
beschworfen	beschworfe	beschworfe	beschwörfe	beschworfej	beschworfeP	beschworfeM	4.4237189292907715
beträssen	beträsse	beträsse	beträssere	beträssre	beträssej	beträssey	3.2286500930786133
schwurzungen	schwurzunge	schwurzunge	schwurzungeGe	schwurzungeÜ	schwurzungeM	schwurzungeV	4.73592472076416
pliehen	pliehe	pliehe	plieheQe	plieheU	pliehePe	pliehej	3.115691661834717
bewickern	bewickre	bewickre	bewickrere	bewickrexe	bewickere	bewickreP	3.6102235317230225
belahren	belahre	belahre	belahrej	belahreU	belahreP	belahreQ	3.2550206184387207
schlänsten	schlänste	schlänste	schlänstke	schlänstej	schlänsteQ	scèlänste	3.915818929672241
verwosten	verwoste	verwoste	verwostre	verwostej	verwosten	verwosteQ	3.3305318355560303
ergabieren	ergabiere	ergabiere	ergabiereMe	ergabiereU	ergabiereP	ergabierej	4.164122581481934
deben<UNK>al	debengale	debengale	debeneale	debenale	debenäle	debenmale	5.703801155090332
verzichen	verziche	verziche	verzicheMe	verzicheQ	verzicheP	verzichej	3.9163713455200195
verfechsen	verfechse	verfechse	verffechse	verfechsKe	verfechsxe	verfechsej	3.957965135574341
entflächren	entflächre	entflächre	entflächreQlächre	entflächreQflächre	entflächrexe	entflächrej	4.324093818664551
bekulzen	bekulze	bekulze	bekulzeQue	bekulzePe	bwekulze	bekulzke	2.990899085998535
beleuern	beleure	beleure	beleurere	beleurre	beleuare	beleulre	3.0566627979278564
rögeln	rögle	rögle	röglele	rögleQe	rögele	rögleO	2.3586175441741943
verwulzen	verwulze	verwulze	verwulzeQwe	verwulzeMe	verwulzke	verwulzDe	3.4438273906707764
debieren	debiere	debiere	debiereQe	debierej	debiereU	debiereP	3.695225238800049
sotieren	sotiere	sotiere	sotierej	sotiereP	sotiereU	sotiereQ	3.1047255992889404
glocklonen	glocklone	glocklone	glockloneÜe	glockloney	glockloneU	glocklonej	4.416620254516602
vermergen	vermerge	vermerge	vermergeQe	vermergeU	vermergeGe	vermergeP	3.4869866371154785
pateten	patete	patete	pateteQe	pattete	patrete	pateteU	2.4588582515716553
beschlaren	beschlare	beschlare	beschlakre	beschlarre	beschlarej	beschlareY	4.35576868057251
vertronen	vertrone	vertrone	vertronre	vertroneU	vertronen	vertroney	3.9245314598083496
kreilen	kreile	kreile	kreileQe	Pkreile	Gkreile	kreilej	3.2462146282196045
farktieren	farktiere	farktiere	farktiereP	farktierej	farktiereY	farktiereU	4.016753673553467
brennstägen	brennstäge	brennstäge	brennstägexe	brennstägeQn	brennstägke	brennstägej	4.728997707366943
kniszen	knisze	knisze	kniszeQe	kniszePe	Gknisze	Pknisze	2.8789377212524414
exchtichtigen	exchtichtige	exchtichtige	exchtichtigeÜ	exchtichtigej	exchtichtigey	exchtichtigeV	5.26189661026001
sangroffern	sangroffre	sangroffre	sangroffle	sangroffere	sangroffrexe	sangkroffre	4.798778057098389
pridulieren	priduliere	priduliere	pkriduliere	priduliereU	pridulierej	pridulierey	4.26407527923584
grifsieren	grifsiere	grifsiere	grifsiereQf	grifsiereMe	grifsiereP	grifsierej	4.032627582550049
deskundieren	deskundiere	deskundiere	deskundierey	deskundiereU	deskundierej	deskundiereQ	5.07643985748291
premitieren	premitiere	premitiere	pkremitiere	prempitiere	premitierej	premitiereU	4.30571985244751
gretten<UNK>aus	grettennause	grettennause	grettenrause	gretteneause	grettenvause	grettenäuse	7.387143135070801
fauchern	fauchre	fauchre	fauchrexe	fauchrre	fauchreP	fauchren	3.1295244693756104
faufschräuben	faufschräube	faufschräube	faufscIhräube	faufscVhräube	faufschräubre	faufschräubej	5.368585109710693
föden	föde	föde	födere	födej	födeÜ	födey	1.6789209842681885
beschipfen	beschipfe	beschipfe	beschipfeMe	beschipfeje	beschipfeY	beschipfeP	4.1498942375183105
bewägen	bewäge	bewäge	bewägeQe	bewägke	bewägej	bewägey	2.4975976943969727
erkarrten	erkarrte	erkarrte	erkarrtere	erkarrteMe	erkarrteU	erkarrteY	3.3784165382385254
einfeln	einfle	einfle	einfele	einfleje	einfleP	einfleO	2.6860222816467285
verwürsten	verwürste	verwürste	verwürstere	verwürstre	verwürstej	verwürsteQ	3.7261595726013184
glimpfen	glimpfe	glimpfe	glimpfeP	glimpfej	glimpfeQ	glimpfeV	3.224348783493042
bebäten	bebäte	bebäte	bebätre	bbebäte	bebätKe	bebätej	2.285745143890381
entfessen	entfesse	entfesse	entfesseMe	entfsesse	entffesse	entfessKe	3.6138806343078613
knütten	knütte	knütte	Gknütte	knüttre	Pknütte	knütteP	2.7241735458374023
plogieren	plogiere	plogiere	plogfiere	plogiereP	plogiereU	plogiereQ	3.686171293258667
verstürfen	verstürfe	verstürfe	verstürfeP	verstürfeQ	verstürfej	verstürfeM	4.093379974365234
begisieren	begisiere	begisiere	begisiereQi	begisierej	begisiereP	begisiereY	3.9861526489257812
schläten	schläte	schläte	schlätere	schlätre	schlätAe	schlätej	3.303499221801758
entkassen	entkasse	entkasse	entkasseQke	entkasseMe	entkassre	entkassej	3.506211996078491
behanden	behande	behande	behandeKe	behandeÜe	bhehande	behanden	3.455822706222534
pararisieren	pararisiere	pararisiere	pararisiereQe	paararisiere	pararisierej	pararisiereU	4.844743728637695
verbrichten	verbrichte	verbrichte	verbrichtere	verbrichteMe	verbrichteÜe	verbrichtre	4.791544437408447
prütteln	prüttle	prüttle	prüttre	prüttleQe	prüttele	prüttale	2.9231178760528564
fotrieren	fotriere	fotriere	fotrfiere	fotrQiere	fotriereP	fotriereU	3.552379608154297
frepfen	frepfe	frepfe	frepfeQe	fkrepfe	frepfeP	frepfeV	2.7385663986206055
erreigen	erreige	erreige	erreigeKe	erreigej	erreigeP	erreigeG	3.4347331523895264
beschingen	beschinge	beschinge	beschingeÜe	beschingeMe	beschingeCe	beschingeP	4.000700950622559
erfrühen	erfrühe	erfrühe	ekrfrühe	erfrüche	erfrüheU	erfrühej	3.602675437927246
voglenden	voglende	voglende	voglendere	voglendeÜe	voglendeKe	voglendej	3.945493459701538
breben<UNK>an	brebenga	brebenga	brebena	brebensa	brebenma	brebenge	4.7146830558776855
flugen	fluge	fluge	fluöge	fluoge	flugre	flugeZ	2.349586248397827
pledieren	plediere	plediere	pledàiere	pledierre	plediereU	plediereP	3.9310905933380127
beschneiben	beschneibe	beschneibe	beschneeibe	beschneibeGe	beschneibey	beschneibej	4.924186706542969
beschwitzeln	beschwitzle	beschwitzle	beschwitzele	beschwitzre	beschwitzleQe	beschwitzlexe	4.794817924499512
serkundigen	serkundige	serkundige	sekundigige	serkundigeGe	serkundigey	serkundigeP	4.563787460327148
eblieden	ebliede	ebliede	ebliedere	ebliedeje	eblieden	ebliedePe	3.1056110858917236
verbreistrecken	verbreistrecke	verbreistrecke	verbreistreckeye	verbreistreckeFe	verbreistreckeQe	verbreistreckeje	6.111207485198975
beschwegzen	beschwegze	beschwegze	beschwegzeQe	beschwegzeje	beschwegzei	beschwegzeMe	4.545221328735352
kopilieren	kopiliere	kopiliere	kopilierej	kopiliereY	kopiliereU	kopiliereP	4.162249565124512
beschwimpen	beschwimpe	beschwimpe	beschwimpeGe	beschwimpey	beschwimpej	beschwimme	4.605523109436035
befrumen	befrume	befrume	befrumeQre	befrumeP	befrumej	befrumeK	3.2489044666290283
verlingen	verlinge	verlinge	verlingeKe	verlingeÜe	verlingeGe	verlingePe	3.7434210777282715
glitieren	glitiere	glitiere	glitfiere	glitiereP	glitierej	glitiereU	3.568397283554077
sprondieren	sprondiere	sprondiere	sprondiereU	sprondierej	sprondierey	sprondiereP	4.330837726593018
verwingen	verwinge	verwinge	verwingeÜe	verwingeGe	verwàinge	verwingeCe	3.2973971366882324
krenen	krene	krene	Mkrene	Pkrene	krenej	kreney	2.53316330909729
rensten	renste	renste	rensteQe	renstre	renstAe	renstej	2.7954797744750977
verspronzen	verspronze	verspronze	verspronzeQe	verspronzeMe	verspronzeU	vekspronze	4.34188985824585
bereigen	bereige	bereige	bereigeKe	bereigebe	bereigeP	bereigeG	3.4040722846984863
verspeigen	verspeige	verspeige	verspeigeMe	verspeigeje	verspeigey	verspiege	3.7599122524261475
degulieren	deguliere	deguliere	deguliereU	deguliereY	degulierej	deguliereP	4.161173343658447
suplähren	suplähre	suplähre	suplährexe	suplährre	suplährej	suplähreQ	3.101454257965088
kronstren	kronstre	kronstre	Gkronstre	kkronstre	kronstrej	kronstreP	3.2957355976104736
peigern	peigre	peigre	peigrexe	peigreQe	peigreje	peigare	2.4676144123077393
versalisieren	versalisiere	versalisiere	versalisierey	versalisiereU	versalisierej	versalisiereV	5.398253440856934
verklanden	verklande	verklande	verklandere	verklandeÜe	veklande	verklandKe	4.150442600250244
entrassen	entrasse	entrasse	entrasseQre	entrasseMe	Gentrasse	entrasseP	3.2590856552124023
pildern	pildre	pildre	pildrexe	pildreQe	pildare	pildere	2.727707862854004
stleuden	stleude	stleude	stleudeKe	stleudre	stleuden	stleudeU	3.634105682373047
erkoppen	erkoppe	erkoppe	erkoppeU	erkoppeP	ekroppe	erkoppey	3.4202475547790527
blapsen	blapse	blapse	blapsKe	üblapse	blapsej	blapseP	2.551535129547119
berislinieren	berisliniere	berisliniere	berisliniereQe	berislinierey	berisliniereU	berislinierej	5.574622631072998
schleistigen	schleistige	schleistige	schleistigeGe	schleistigMe	schleistigke	schleistigeÜ	4.757863521575928
beheisen	beheise	beheise	beheiseQe	beheiske	beheisKe	beheisej	3.0833070278167725
verheiten	verheite	verheite	verheitere	verheiteKe	verheitre	verheitej	3.433070182800293
entkreuern	entkreure	entkreure	entkreuere	entkreurere	entkreurre	entkreule	3.9902420043945312
summensellen	summenselle	summenselle	summßenselle	summenselleMe	summenselleU	summenselley	4.758124828338623
begeiten	begeite	begeite	begeitere	begeitre	begeitej	begeiteU	3.193761110305786
koltilieren	koltiliere	koltiliere	koltfiliere	koltiliereU	koltilierej	koltilierey	4.288642883300781
vermoselen	vermosele	vermosele	vermoseleMe	vermoselre	vermoseleP	vermoseley	3.887178897857666
baufscheiten	baufscheite	baufscheite	baufscheitere	baufscheitre	baufscheiteU	baufscheitej	4.8206939697265625
beleusten	beleuste	beleuste	beleusteQe	beleustere	beleustre	Ubeleuste	4.15803337097168
plidsigern	plidsigre	plidsigre	plidsigrexe	plidsigere	plidsigreQn	plidsigreP	3.8670125007629395
kolosieren	kolosiere	kolosiere	kolosierej	kolosiereP	kolosiereU	kolosiereMe	3.703491687774658
erstauren	erstaure	erstaure	eArstaure	erstaurre	erstaurej	erstaureQ	3.471385955810547
kolerilieren	koleriliere	koleriliere	koleriliereU	kolerilierej	kolerilierey	koleriliereP	4.697237014770508
verfohren	verfohre	verfohre	verfohrre	verfohreP	verfohreU	verfohrej	3.934804677963257
sitten<UNK>ein	sittengeie	sittengeie	sittenveie	sitteneie	sittenneie	sittengezeie	6.209481716156006
entrauen	entraue	entraue	Kentraue	entraueU	entraueQue	entrauej	3.0723955631256104
prätten	prätte	prätte	prättre	prättle	prättße	prättej	2.761359214782715
verspasen	verspase	verspase	verspaseKe	verspaske	verspaseQ	verspaseje	3.703181266784668
entsonschen	entsonsche	entsonsche	entsonscheQs	entsonscheMe	entsonscPhe	entsonscVhe	4.551402568817139
erfielen	erfiele	erfiele	erfielere	erfieleQe	ekrfiele	erffiele	3.2156081199645996
verstrichten	verstrichte	verstrichte	verstrichtere	verstrichtre	verstrichteU	verstrichteÜ	4.889126300811768
erniesen	erniese	erniese	ernieseQe	ernieseMe	ernieseje	erniesePe	3.505058765411377
dorckeln	dorckle	dorckle	dorckele	dorcklexe	dorckleQe	dorckale	3.068206310272217
erseigen	erseige	erseige	erseigeKe	erseigeje	erseigeGe	erseigeP	3.118631601333618
versatt	versatte	versatte	versattre	versattere	versätte	versattle	3.5284781455993652
sytaperieren	sytaperiere	sytaperiere	sytapperiere	sytaperierej	sytaperiereU	sytaperierey	4.8443379402160645
breisingen	breisinge	breisinge	breisingeÜe	breisingeGe	breisingeCe	sreisinge	3.9996044635772705
funten	funte	funte	funteQe	funtKe	funtey	funteP	2.4144110679626465
flutzen	flutze	flutze	flutzeQe	flutzle	flutzüe	flutzDe	2.6661744117736816
schwarfen	schwarfe	schwarfe	schwarfeMe	schwarffe	schwarfeP	schwarfeY	3.5729029178619385
kopfizen	kopfize	kopfize	kopfizeje	kopffize	Gkopfize	Pkopfize	3.181886911392212
verleinen	verleine	verleine	verleineÜe	verleinre	verleinej	verleiney	3.8726022243499756
sigkränzen	sigkränze	sigkränze	sigkränzeMe	sigkränzeQke	sigkränzle	sigkränzej	3.9422409534454346
begeißen	begeiße	begeiße	begeißeQe	begeißKe	begeißre	begeißeP	2.8807425498962402
verfesten	verfeste	verfeste	verfestere	verffeste	verfestKe	verfesteQ	3.4498634338378906
defillen	defille	defille	defillere	deffille	defQille	defillePe	3.2946975231170654
sterllen	sterlle	sterlle	sterllre	sterlleU	sterlleQ	sterllej	3.4940571784973145
sigten	sigte	sigte	sigtej	sigteÜ	sigteP	sigteV	2.3320200443267822
verwechen	verweche	verweche	verwecheMe	verwechre	verwecheU	verwecheQ	3.754650831222534
klönkigen	klönkige	klönkige	klönkigeKe	klönkigeÜe	Gklönkige	klönkigeP	3.6281726360321045
erwaben	erwabe	erwabe	erwabre	erwabej	erwaben	erwabeZ	2.795504331588745
stellen<UNK>ab	stellenzabe	stellenzabe	stellenbabe	stellensabe	stelleniabe	stellenabe	7.816366672515869
geschingen	geschinge	geschinge	geschingeÜe	geschingeMe	geschingeCe	geschingke	3.8141119480133057
verliedern	verliedre	verliedre	verliedrexe	verliedere	verliedrre	verliedreP	3.6061856746673584
verschmafern	verschmafre	verschmafre	verschmafrexe	verschmafle	verschmafreP	verschmafreb	4.307834148406982
krobsprechteln	krobsprechtle	krobsprechtle	krobsprechtre	krobsprechtele	krobsprechtleQle	krobsprechtleVe	5.778728008270264
stelben	stelbe	stelbe	stelübe	stelbbe	stelube	stelbeU	2.718129873275757
kondieren	kondiere	kondiere	Gkondiere	Pkondiere	kondeiere	kondiereP	3.616722345352173
rreiben	rreibe	rreibe	reibe	rveibe	rreibAe	rreibZe	3.416893720626831
gefrichtten	gefrichtte	gefrichtte	gefrichttere	gefrichtteße	gefrichttre	gefrichtteU	4.2718329429626465
verfahrnen	verfahrne	verfahrne	verfahrneMe	verfahrnPe	verfahrnRe	verfahrneY	4.190610408782959
reufern	reufre	reufre	reufreQe	reufere	reufle	reufrre	2.4679317474365234
sobeln	soble	soble	sobleQe	sobele	sobleje	sobleO	1.9325233697891235
erstritzten	erstritzte	erstritzte	erstritzteQe	erstritzteMe	erstritzteU	erstritztej	3.932119846343994
breuden	breude	breude	bkreude	breurde	breudre	breuden	3.2597463130950928
krychkulen	krychkule	krychkule	krychkuleY	krychkulej	krychkuleP	kryPhkule	4.41875696182251
ergewingen	ergewinge	ergewinge	ergewingeÜe	ergewingeGe	ergewingke	ergewingeP	4.059084892272949
regrimieren	regrimiere	regrimiere	regkrimiere	regrimpiere	regrimiereU	regrimierej	4.687376022338867
rüssten	rüsste	rüsste	rüssteQe	rüsstQe	rüsstre	rüsstej	2.3373160362243652
beleisen	beleise	beleise	beleiseQe	beleisebe	beleiske	beleisej	3.610121488571167
bewarmichen	bewarmiche	bewarmiche	bwewarmiche	bewarmicheU	bewarmichej	bewarmichey	4.417251110076904
protrotieren	protrotiere	protrotiere	pkrotrotiere	protrotierMe	protrotierey	protrotierej	4.328139781951904
verzalten	verzalte	verzalte	verzaltere	verzaltre	verzalten	verzalteU	3.5225117206573486
defärnten	defärnte	defärnte	defärntere	defärnteU	defärntej	defärnteM	3.4138119220733643
verflästen	verfläste	verfläste	verflästere	vßerfläste	verflästße	verflästej	3.712061643600464
pollamen	pollame	pollame	polamame	pollamme	pollamre	pollamej	2.9248526096343994
bräben	bräbe	bräbe	bräbbe	bräube	bräbej	bräbeZ	2.4470252990722656
schleuden	schleude	schleude	schleudere	schleudeKe	schleudre	schleudeU	3.733637809753418
verlosseln	verlossle	verlossle	verlossre	verlosslexe	verlossleP	verlossleV	3.62579345703125
verblessen	verblesse	verblesse	verblesseMe	verblßesse	verblesseP	verblesseQ	4.161949157714844
debonieren	deboniere	deboniere	debonierej	deboniereU	deboniereY	deboniereP	4.128163814544678
kolpern	kolpre	kolpre	kolpreQe	kolpere	kolpare	kolpreP	2.671466827392578
vermellern	vermellre	vermellre	vermellere	vermlllre	vermellrere	vermellreQe	4.115189552307129
reinstimotieren	reinstimotiere	reinstimotiere	reinstimotiereQe	reinstpimotiere	reinstfimotiere	reinstimotierey	5.954511642456055
verteichen	verteiche	verteiche	verteicheMe	verteicheP	verteicheQ	verteicheje	3.786809206008911
stuldeln	stuldle	stuldle	stuldre	stuldele	stuldleQe	stulldle	3.487795352935791
verschangen	verschange	verschange	verschangeKe	verschangeCe	verscvhange	verschangeMe	4.575220584869385
spelden	spelde	spelde	speldePe	spellde	spelrde	speldAe	2.6594247817993164
kenlkern	kenlkre	kenlkre	kenlkrere	kenlkere	kenlkare	kenlkrre	3.299123764038086
sitzreisen	sitzreise	sitzreise	sitzkreise	sitzrezise	spitzreise	sitzreisej	3.7495832443237305
krechten	krechte	krechte	krechtre	krecMhte	krechteU	krechteP	3.172398090362549
beruttern	beruttre	beruttre	beruttrexe	beruttere	beruttrre	beruttreP	3.42091965675354
formtichern	formtichre	formtichre	formtichrexe	formtichle	formtichere	formtichreP	3.806720495223999
verschärken	verschärke	verschärke	verschärkeQe	verschärkeje	verschärkey	verschärkeY	3.982541561126709
rüfen<UNK>auf	rüfeneaufe	rüfeneaufe	rüfenvaufe	rüfengaufe	rüfeniaufe	rüfenväufe	6.813158988952637
füßten	füßte	füßte	füßtAe	füßtKe	füßtRe	füßtQe	1.9828574657440186
dostwelen	dostwele	dostwele	dostweleMe	dostwelre	dostweleU	dostweleQ	3.5965964794158936
gocken	gocke	gocke	gockeQe	gockre	gockey	gockep	2.2838897705078125
verzäusen	verzäuse	verzäuse	verzäusre	verzäusej	verzäuseQ	verzäusey	3.9257619380950928
grannwaben	grannwabe	grannwabe	grannwabeje	grannwabeMe	grannwabre	grannwabeU	3.439439296722412
flirden	flirde	flirde	flirrde	flirdeÜe	flirden	flirdec	2.8328254222869873
gratstern	gratstre	gratstre	gratstrexe	gratstare	gratstere	gratstreP	3.3118908405303955
bekorrieren	bekorriere	bekorriere	bkekorriere	bekorriereU	bekorrierej	bekorrierey	4.371664524078369
defruhieren	defruhiere	defruhiere	defruhiereU	defruhierMe	defruhierej	defruhierey	4.245985507965088
stäufen	stäufe	stäufe	stäufeQe	stäufre	stäuffe	stäufej	2.468977451324463
verschaten	verschate	verschate	verschatre	verschatte	verschatle	vekschate	4.4004316329956055
fruden	frude	frude	fkrude	frudKe	frudey	frudej	2.7532973289489746
kochaufreitigen	kochaufreitige	kochaufreitige	kochaufreitigeKe	kochaufreitigeÜe	kochaufreitigeZ	kochaufreitigej	5.719939708709717
verstaufen	verstaufe	verstaufe	verstaufeMe	verstaufeje	vßerstaufe	verstaufey	4.222320556640625
dorrabomitieren	dorrabomitiere	dorrabomitiere	dorabomomitiere	dorrabomitiereQre	dorrabomitiereU	dorrabomitierej	5.585332870483398
rändschlocken	rändschlocke	rändschlocke	rändschlockre	rändschlockKe	rändschlockeße	rändschlockej	5.288559913635254
stittern	stittre	stittre	stittreQe	stittere	stittare	stittreP	3.601088047027588
depilgen	depilge	depilge	depilgeÜe	depilgeje	depilgePe	depilgeGe	3.2376599311828613
breinen	breine	breine	bkreine	breQine	breVine	breinej	3.187229871749878
gelicken	gelicke	gelicke	gelickeQe	gelickeße	gelickeje	gelickeP	3.5142993927001953
gleiben	gleibe	gleibe	Agleibe	gleibeZ	gleibej	gleibeG	2.7719733715057373
bekeinen	bekeine	bekeine	bekeineÜe	bekeinoe	bekeinre	bekeinej	3.018399953842163
korpfrungen	korpfrunge	korpfrunge	korpfrungeMe	Gkorpfrunge	Pkorpfrunge	korpfrungeP	4.54176664352417
vertanden	vertande	vertande	vertandere	vertandeKe	vertanden	vertandeU	3.587918281555176
verschleiten	verschleite	verschleite	verschleitere	verschleitre	verschleitej	verschleiteU	4.679948329925537
erfrören	erfröre	erfröre	erfrörre	erfkröre	eZrfröre	erfrörej	2.767437696456909
krären<UNK>am	krärenre	krärenre	krärename	krärenmame	krärenbame	krärenrame	6.744132995605469
verminglossen	verminglosse	verminglosse	verminglossre	verminglosseMe	verminglossej	verminglossey	5.583179473876953
krinken	krinke	krinke	krinkePe	Pkrinke	Gkrinke	kkrinke	2.841769218444824
gewingen	gewinge	gewinge	gewingeje	gewginge	gewingke	gewingeG	3.0514519214630127
strungen	strunge	strunge	strungen	strungeU	strungeG	strungeP	2.898345470428467
beweissen	beweisse	beweisse	beweisseQe	bweweisse	beweissej	beweisseP	3.409808397293091
eingern	eingre	eingre	eingreje	eingreQe	eingare	eingrre	2.797391653060913
gläuen	gläue	gläue	gläueQe	gläuej	gläueZ	gläuey	2.1835036277770996
fonsen	fonse	fonse	fonseQe	fonsKe	fonseP	fonsej	2.060236930847168
ersandeln	ersandle	ersandle	ersandlexe	ersandleQn	ersandre	ersandleP	3.6915953159332275
vermackern	vermackre	vermackre	vermackrexe	vermackreP	vermackreU	vermackle	3.902231216430664
verleumen	verleume	verleume	verleumeKe	verleumey	verleumeP	verleumej	3.894754648208618
belärten	belärte	belärte	belärtere	belärtre	belärtej	belärteP	3.0678188800811768
kreuten	kreute	kreute	Pkreute	Gkreute	kreutre	kreuteU	2.8432915210723877
kopbestizieren	kopbestiziere	kopbestiziere	kopbestiziereQe	kopbestizkiere	kopbestiziereU	kopbestizierej	5.402856349945068
geblüben	geblübe	geblübe	geblübere	gbeblübe	geblübeje	geblübey	3.0435664653778076
extamen	extame	extame	Bextame	extamme	extamej	extamey	2.737738609313965
dulchelln	dulchlle	dulchlle	dulchelle	dulchle	dulchlleQe	dulchllre	3.5684714317321777
belängen	belänge	belänge	belängeÖe	belängeQe	belängej	belängeP	3.1588306427001953
pontieren	pontiere	pontiere	pontiereU	pontiereQ	pontiereP	pontierej	3.8204152584075928
desodieren	desodiere	desodiere	desodiereMe	desodierej	desodiereU	desodiereP	4.069529056549072
kneckten	kneckte	kneckte	knecàkte	knecktej	kneckteU	kneckteP	3.3113551139831543
bewüsgen	bewüsge	bewüsge	bewüsgre	bewüsgye	bewüsgeP	bewüsgej	3.3823342323303223
ersenen	ersene	ersene	ersenen	ersenAe	erseneU	erseney	2.8421339988708496
kräufern	kräufre	kräufre	kräufere	Pkräufre	kkräufre	kräufreP	3.050412178039551
bleunen	bleune	bleune	Ubleune	bleunbe	bleunAe	bleuney	2.7117538452148438
verwäumen	verwäume	verwäume	verwäumej	verwäumey	verwäumeP	verwäumeQ	3.384448528289795
expfeigen	expfeige	expfeige	expfeigeKe	expfeigeMe	expfeigej	expfeigeP	3.699903964996338
klinzen	klinze	klinze	klinzeQe	klinzePe	Gklinze	Pklinze	2.800959587097168
behühnen	behühne	behühne	behühnere	behüGhne	behühnre	behühney	3.0680527687072754
fuckern	fuckre	fuckre	fuckrexe	fuöckre	fuckreP	fuckrre	3.156797409057617
empfrondeln	empfrondle	empfrondle	empfrondleQne	empfrondlexe	empfrondleRe	empfrondele	4.003244400024414
deginieren	deginiere	deginiere	deginiereU	deginiereP	deginierej	deginiereY	4.114092826843262
freichern	freichre	freichre	freichrexe	freichere	freichrre	freichreP	3.521702289581299
bespiehen	bespiehe	bespiehe	bespieheMe	bespieheje	bespfiehe	bespàiehe	3.7779781818389893
fäuchen	fäuche	fäuche	fäucheQe	fäuchre	fäuchej	fäucheV	2.711519718170166
verspellen	verspelle	verspelle	verspelleMe	verspellke	verspelleU	verspellePe	4.1924872398376465
kontrostieren	kontrostiere	kontrostiere	kontrostiereQe	kontrostierey	kontrostierej	kontrostiereV	5.024995803833008
steiben	steibe	steibe	steibej	steibeZ	steibeVe	steibeye	3.0022897720336914
kroben<UNK>aus	krobengause	krobengause	krobenaause	krobeneause	krobenvause	krobenausue	6.797917366027832
pentrorunern	pentrorunre	pentrorunre	pentrorunlre	pentrorunreQre	pentrorunere	pentrorunrre	4.928348541259766
befehren	befehre	befehre	befehreQe	befiehre	befehreP	befehreU	3.3332884311676025
stilbsalisieren	stilbsalisiere	stilbsalisiere	stilbsalisiereQe	stilubsalisiere	stilbsalQisiere	stilbsalisiereU	6.058610916137695
schlassen	schlasse	schlasse	schlasseMe	schlasseQ	schlasseP	schlassej	4.168184757232666
verschmeißen	verschmeiße	verschmeiße	verschmisse	verschmeißKe	verschmeißeVe	verschmeißej	5.214200496673584
knasuchen	knasuche	knasuche	knasucheQs	knasucheMe	knasucheU	knasuchej	3.347820520401001
rationern	rationre	rationre	rationere	rationrre	rationare	rationreP	3.5327608585357666
diftrichern	diftrichre	diftrichre	diftrichle	diftrichere	diftrichreP	diftrichreb	4.348695755004883
dreuren	dreure	dreure	dreureQe	dkreure	dreurAe	dreurej	2.769287109375
erfurnen	erfurne	erfurne	ekrfurne	erfurneMe	erfurnre	erfurneU	2.9511775970458984
betänden	betände	betände	betändere	betändey	betändej	betändeQ	3.1259891986846924
schwühlen	schwühle	schwühle	schwühlere	schwühleP	schwühleQ	schwühlej	3.5209429264068604
bauben	baube	baube	ubaube	baubre	Ubaube	baubej	2.38788104057312
versedigonisieren	versedigonisiere	versedigonisiere	versedigonisierexe	versedigonisiereQe	versedigonisiereÜe	versedigonisierre	6.942712306976318
könicien	könicie	könicie	köniciere	könicieße	köniciej	könicieP	3.1056699752807617
beschwärken	beschwärke	beschwärke	bescähwärke	bescMhwärke	beschwäkrke	beschwärkey	4.666049957275391
bebreinen	bebreine	bebreine	bebreineÜe	bebreinre	bebreinej	bebreineY	3.549832582473755
sprüpen	sprüpe	sprüpe	sprüppe	sprüpeQe	sprüpre	sprüpej	2.7624082565307617
geschlangen	geschlange	geschlange	geschlangeGe	geschlangeCe	geschlangüe	geschlangeMe	4.873219013214111
sprüpfen	sprüpfe	sprüpfe	sprüpfeMe	sprüpfre	sprüpfeP	sprüpfeQ	2.772139310836792
erligen	erlige	erlige	erligePe	erligeZ	erligeG	erligej	2.6360280513763428
banakulieren	banakuliere	banakuliere	banakulierey	banakuliereU	banakulierej	banakuliereP	4.556260108947754
bewürden	bewürde	bewürde	bewürQre	bewürdre	bewürdle	bewürden	3.2212750911712646
verlinzen	verlinze	verlinze	verlinzeQle	verlinzeke	verlinzePe	verlfinze	3.5309371948242188
verkeinen	verkeine	verkeine	verkeineÜe	verkeineKe	verkeinre	verkeinej	3.9214015007019043
fluppfen	fluppfe	fluppfe	fluppfeMe	fluppfze	fluppfle	fluppfeP	3.041156768798828
rendten<UNK>an	rendtensa	rendtensa	rendtense	rendtenre	rendtena	rendtenga	7.047744274139404
begeln	begle	begle	begleQe	beglePe	begele	begale	2.1835384368896484
verzungen	verzunge	verzunge	verzungeKe	vßerzunge	verzungKe	verzungeU	3.431124210357666
blucken	blucke	blucke	bluckeQe	bluckre	bluckey	bluckej	2.9973795413970947
stratulieren	stratuliere	stratuliere	stratulliere	stratulierey	stratuliereU	stratulierej	4.756811618804932
erstaten	erstate	erstate	erstatre	erstaten	erstatej	erstateU	2.479963541030884
verkammen	verkamme	verkamme	verkammle	verkammeKe	verkammey	verkammeP	3.4665582180023193
vertichen	vertiche	vertiche	verticheMe	verticheQ	verticheP	vertichej	3.3490302562713623
sattropieren	sattropiere	sattropiere	sattroppiere	sattropierey	sattropiereU	sattropierej	4.756384372711182
befuleln	befulle	befulle	befule	befulre	befulble	befullre	3.334895133972168
rähnen	rähne	rähne	rähneQe	rähnej	rähney	rähneÜ	2.4437921047210693
steulen	steule	steule	steulre	steulej	steuley	steuleV	2.3858578205108643
podolieren	podoliere	podoliere	podoliereMe	podoliereU	podolierej	podoliereP	3.9298698902130127
petieren	petiere	petiere	petieEre	petiereU	petierej	petiereP	3.052504539489746
frannen	franne	franne	fkranne	frannge	franney	franneV	2.6688246726989746
schieffern	schieffre	schieffre	schieffrexe	schieffle	schieffreP	schieffreQ	3.78429913520813
befageln	befagle	befagle	befägle	befiegle	befaglexe	befagre	3.0971343517303467
sträufen	sträufe	sträufe	sträufexe	sträufre	sträuffe	sträufeQu	3.0188522338867188
kneudern	kneudre	kneudre	kneudere	kneudrre	kneudreP	kneudreQ	3.22467303276062
bügern	bügre	bügre	bügreQe	bügrexe	bügare	bügle	1.9003705978393555
pahlungieren	pahlungiere	pahlungiere	pahlungierey	pahlungiereU	pahlungierej	pahlungiereP	4.650888919830322
dochnunken	dochnunke	dochnunke	dochnunkeÜe	dochnunkeY	dochnunkeP	dochnunkey	3.781280040740967
konterrikerieren	konterrikeriere	konterrikeriere	konterrikerierexe	konterrikeriereQe	konterrikerierre	konterrikerierey	6.310126781463623
behitzen	behitze	behitze	behitzeQe	behitzeie	bhehitze	behitzeje	3.266411542892456
purkrachten	purkrachte	purkrachte	purkrachtere	purkrachtre	purkrachtle	purkrachteU	4.081127643585205
staberen	stabere	stabere	stabre	stabbere	staberre	staberej	3.4017157554626465
klarken	klarke	klarke	klarkeQe	klakrke	Pklarke	klarrke	2.460420608520508
stüsten	stüste	stüste	stüstre	stüstej	stüsteP	stüsteQ	3.0005884170532227
fusgen	fusge	fusge	fusgeQe	fusgeP	fusgeG	fusgeV	2.05426287651062
dustieren	dustiere	dustiere	dustiereQ	dustierej	dustiereU	dustiereP	3.6575798988342285
endlaubigten	endlaubigte	endlaubigte	endlaubigtere	endlauubigte	endlaubigteÜ	endlaubigteU	4.6882500648498535
pricodern	pricodre	pricodre	pricodere	pricodrre	pricodreP	pricodreQ	3.3466506004333496
sichuchten	sichuchte	sichuchte	sichuchtere	sichuchteMe	sichuchteÜe	sichuchteY	3.9210927486419678
rehren<UNK>ein	rehrengeie	rehrengeie	rehrenseie	rehrengezeie	rehrenzeie	rehrengei	5.501992225646973
paralisieren	paralisiere	paralisiere	paralisiereQe	paralisierej	paralisiereU	paralisierey	4.448899745941162
fostrungieren	fostrungiere	fostrungiere	fostrungkiere	fostrungierey	fostrungierej	fostrungiereU	5.097383499145508
dippagieren	dippagiere	dippagiere	dippagierej	dippagiereU	dippagierey	dippagiereP	4.388248443603516
sprauen	spraue	spraue	spraueQue	spraure	sprauke	sprauej	2.8322765827178955
sperieren	speriere	speriere	sperQiere	speriereU	speriereP	speriereQ	3.9902186393737793
rabigen	rabige	rabige	rabiüge	rabigke	rabigej	rabigeP	2.9801011085510254
beberweißen	beberweiße	beberweiße	beberwezeiße	beberweweiße	beberweißeQe	beberweißeGe	4.408638000488281
befeunigen	befeunige	befeunige	befeunigeMe	befeunigeCe	befeunigke	befeunigüe	3.8639585971832275
freugen	freuge	freuge	freuöge	freugeZ	freugeU	freugeP	2.8861629962921143
verbrecken	verbrecke	verbrecke	verbreckeÜe	verbreckeQe	verbreckre	verbreckeye	4.061821937561035
bildigen	bildige	bildige	bildigeKe	bildigeG	bildigeP	bildigej	3.3376150131225586
büteten	bütete	bütete	büteteQe	büttete	ütetete	büteteU	2.722548484802246
sechteißen	sechteiße	sechteiße	sechteißeje	sechteißKe	sechteißle	sechteißRe	3.85823917388916
blupfen	blupfe	blupfe	blupfeQe	üblupfe	Ublupfe	blupfeP	2.4959638118743896
rapopieren	rapopiere	rapopiere	rapopiereMe	rapoppiere	rapopàiere	rapopiereP	4.148069858551025
prapieren	prapiere	prapiere	pkrapiere	prappiere	prapiereU	prapiereP	3.580780506134033
verschwößen	verschwöße	verschwöße	verschwösse	verschwößere	verschwößeQe	verschwößej	4.0474724769592285
beschlätzen	beschlätze	beschlätze	beschlätzeQe	beschlätzeM	beschlätzei	beschlätzej	4.444736480712891
beregeln	beregle	beregle	beregre	beregleQe	beregele	berregle	3.046173095703125
verländen	verlände	verlände	verländere	verländexe	verländej	verländey	3.583482265472412
konrientieren	konrientiere	konrientiere	konrientiereQe	konrientierey	konrientierej	konrientiereV	4.910554885864258
verwicken	verwicke	verwicke	verwickeje	verwickepe	verwickeP	verwickey	3.9409265518188477
besträufen	besträufe	besträufe	besträufexe	besträufre	besträufej	besträufeQ	3.9417622089385986
beblüngen	beblünge	beblünge	beblüngeKe	beblüngeÜe	beblüngeP	beblunge	3.6388070583343506
blauchern	blauchre	blauchre	blauchrexe	blauchreQu	blauchrre	blauchreP	3.592787027359009
ernägen	ernäge	ernäge	ernägeQe	ernägej	ernägey	ernägeP	2.7134621143341064
ergrappen	ergrappe	ergrappe	ergrappeMe	ergrappeU	ergrappeP	ergrappej	3.748119354248047
berengnen	berengne	berengne	berengneÜe	berengneKe	berengnze	berengneY	3.8244659900665283
behießen	behieße	behieße	behießeQe	bhehieße	behießKe	behießeG	3.4907174110412598
särfen	särfe	särfe	särfeQe	särfej	särfey	särfeV	2.5021352767944336
kuchen<UNK>ach	kuchengache	kuchengache	kuchenrache	kuchenache	kuchenvache	kuchenzache	7.093347549438477
destonden	destonde	destonde	destondeKe	destondeMe	destonden	destondeP	3.2053401470184326
bünneln	bünnle	bünnle	bünnleQle	bünnre	bünnele	bünnale	2.730940818786621
kauratieren	kauratiere	kauratiere	kauratierej	kauratierey	kauratiereU	kauratiereP	4.260556697845459
erleißen	erleiße	erleiße	erleißeQe	erleißKe	erleißeG	erleißeP	3.288193464279175
verschlecken	verschlecke	verschlecke	verschleckeVe	verschleckeÄ	verschleckeÜ	verscHlecke	4.8977484703063965
krappern	krappre	krappre	krappere	Pkrappre	kkrappre	krappreP	3.092262029647827
pocolelisieren	pocolelisiere	pocolelisiere	pocolelisiereQe	pocolelisierej	pocolelisiereV	pocolelisierey	5.748385906219482
besähren	besähre	besähre	besährexe	besährej	besähreP	besähreQ	3.0692050457000732
deflögen	deflöge	deflöge	deflögexe	deflögeQe	deflögeKe	deflögeP	3.047907590866089
boligen	bolige	bolige	boliüge	boligüe	boligej	boligeG	2.3660221099853516
expieren	expiere	expiere	expierAe	expiereU	expierej	expiereP	3.2119264602661133
beleucken	beleucke	beleucke	beleuckeQe	beleuckeje	beleuckey	beleuckep	3.8142123222351074
vermörgen	vermörge	vermörge	vermörgexe	vermörgeje	vermörgeQ	vermörgeP	3.5717408657073975
sprunkten	sprunkte	sprunkte	sprunkteÜe	sprunktej	sprunkteU	sprunkteP	3.4494752883911133
färgen	färge	färge	färgeQe	färgej	färgeG	färgeP	1.9290320873260498
schweiten	schweite	schweite	schweitere	scyhweite	schweitre	schweitej	3.441648244857788
steiden<UNK>ferdron	steidennferdro	steidenrferdro	steidennferdro	steideneferdro	steiden-ferdro	steidenrferdre	9.92453384399414
kümpen	kümpe	kümpe	Pkümpe	Mkümpe	kümpej	kümpey	2.187751293182373
sopfizieren	sopfiziere	sopfiziere	sopffiziere	sopfizpiere	sopfizierMe	sopfiziereU	4.376819133758545
versänknen	versänkne	versänkne	versänknej	versänkneY	versänkney	versänkneQ	3.890833616256714
grählen	grähle	grähle	grähleQe	gkrähle	grählre	grählej	2.697443962097168
vertetzen	vertetze	vertetze	vertetzepe	vertetzeQe	vertetzeie	vertetzeP	3.6982452869415283
verleigen	verleige	verleige	verleigeKe	verleigeGe	verleigeje	verleigeP	3.910862922668457
selden<UNK>wan	seldengwa	seldengwa	seldenäwa	seldenawa	seldenewa	seldennwa	6.3283843994140625
verhankern	verhankre	verhankre	verhankrexe	verhankere	verhankrre	verhankle	3.9605140686035156
behuckern	behuckre	behuckre	behuckrexe	behuckere	behuckreP	behuckreb	3.6176602840423584
blusseln	blussle	blussle	blussre	blussale	blussleP	blussleO	3.0107321739196777
kramphorieren	kramphoriere	kramphoriere	kkramphoriere	krampvhoriere	kramphokriere	kramphorierey	5.52874755859375
schiffisieren	schiffisiere	schiffisiere	schiffisiereQe	schiffisierey	schiffisierej	scTiffisiere	5.430824279785156
verwüssen	verwüsse	verwüsse	verwüsseMe	verwüssre	verwüssej	verwüsseQ	3.525940179824829
stünkten	stünkte	stünkte	stünktej	stünkteP	stünkteU	stünkteQ	2.8333797454833984
dehittern	dehittre	dehittre	dehittrexe	dehittere	dehittreP	dehittreQ	3.260298490524292
froten	frote	frote	frotre	fkrote	frotKe	frotAe	2.2599220275878906
facken<UNK>dor	fackengdore	fackengdore	fackenndore	fackenmdore	fackengdre	fackensdre	6.240438938140869
verlüffen	verlüffe	verlüffe	verlüffexe	verlüffre	verlüffej	verlüffeP	3.7002193927764893
kanspolieren	kanspoliere	kanspoliere	kanspoliereU	kanspolierej	kanspolierey	kanspoliereP	4.695302963256836
gröppen	gröppe	gröppe	gröppeQe	gkröppe	gröppej	gröppeP	2.7004926204681396
pordrationieren	pordrationiere	pordrationiere	pordrationiereQe	pordkrationiere	pordrationierre	pordrationiereU	6.121908664703369
gesilligen	gesillige	gesillige	gesilligeGe	gesilligeMe	gesilligeCe	gesilligeP	3.9157116413116455
kossanen	kossane	kossane	kosanane	kossanre	kossanke	kossanen	2.927913188934326
bewürdern	bewürdre	bewürdre	bewürdrre	bewürdare	bewürdere	bewürdreP	3.6893415451049805
spellern	spellre	spellre	spellrere	spellere	spellrre	spellare	3.0261917114257812
vertroffern	vertroffre	vertroffre	vertroffle	vertroffere	vertroffrexe	vertroffreP	4.320504665374756
verbländen	verblände	verblände	verbländere	verbländey	verbländeY	vekblände	4.216712474822998
verschleichen	verschleiche	verschleiche	verschleichej	verschleicheU	verschleicheÜ	verschleichey	5.73874044418335
dinken	dinke	dinke	dinkàe	dinkey	dinkeP	dinkeV	2.276634931564331
kronieren	kroniere	kroniere	Pkroniere	Gkroniere	kkroniere	kroniereP	3.7480204105377197
verspärsen	verspärse	verspärse	vßerspärse	vperspärse	verspärsej	verspärseQ	4.2312116622924805
pircheten	pirchete	pirchete	pirchetere	pirchetre	pircheteMe	pircheteU	3.2321295738220215
sogieren	sogiere	sogiere	sogierre	sogierej	sogiereP	sogiereU	3.3300044536590576
prärbulieren	prärbuliere	prärbuliere	pkrärbuliere	pArärbuliere	prärbulierej	prärbulierMe	4.398126125335693
pripfen	pripfe	pripfe	pkripfe	pripfAe	pripfej	pripfeP	3.009167432785034
gerrängen	gerränge	gerränge	gerrängexe	gerrängeP	gerrängeG	gerrängej	3.5726330280303955
sotetieren	sotetiere	sotetiere	sotetiereQe	sotetieDre	sotetieäre	sotetierej	3.800473213195801
prostonieren	prostoniere	prostoniere	pkrostoniere	prostonviere	prostoniereU	prostonierey	4.923709869384766
flonsließen	flonsließe	flonsließe	flonsließeGe	flonsließeQe	flonslfieße	flonslLieße	4.021080493927002
riffinieren	riffiniere	riffiniere	rifffiniere	rfiffiniere	riffiniereU	riffinierej	4.255465507507324
erwüchen	erwüche	erwüche	erwüchere	erwüchre	erwüchej	erwücheQe	3.206469774246216
verflühen	verflühe	verflühe	verflühere	verflüheMe	verflühle	verflüheU	3.7107350826263428
bomogern	bomogre	bomogre	bomogreQe	bomogare	bomogrre	bomogren	3.1296017169952393
pittrahieren	pittrahiere	pittrahiere	pfittrahiere	pittrahiereU	pittrahierey	pittrahierej	4.857008934020996
dastieren	dastiere	dastiere	dastiereQ	dastiereU	dastiereP	dastierej	3.980633020401001
perinieren	periniere	periniere	perinierre	periniereU	periniereY	periniereP	4.2860107421875
ditettrogen	ditettroge	ditettroge	ditettrogeGe	ditettrogeMe	ditettrogey	ditettrogeÜ	4.348000526428223
bestoten	bestote	bestote	bestotre	bestoteU	bestoteQ	bestoten	3.2532875537872314
bewöhnen	bewöhne	bewöhne	bewöchne	bewöhnre	bewöhney	bewöhnej	3.123345136642456
statten<UNK>ab	stattensabe	stattensabe	stattenbabe	stattenrabe	stattenabe	stattenäbe	7.9372100830078125
rändigen	rändige	rändige	rändigeQe	rändigeKe	rändigeP	rändigej	3.1958975791931152
gefahnen	gefahne	gefahne	gefahneÜe	gefaéhne	gefahnen	gefahneU	2.9202520847320557
schwieden	schwiede	schwiede	scyhwiede	schwieden	schwiedec	schwiedeje	3.7669029235839844
riesten	rieste	rieste	riesteQe	riestAe	riestre	riestKe	2.415402889251709
pfodern	pfodre	pfodre	pfodreQre	pfodrexe	pfodare	pfodreP	2.5294151306152344
verstreinen	verstreine	verstreine	verstreVine	verstreinre	verstreinke	verstreinej	4.804990291595459
klotperren	klotperre	klotperre	klotperrepe	klotperrke	klotperrRe	klotperreP	4.147799968719482
erbrongen<UNK>her	erbrongenchre	erbrongenchre	erbrongenehre	erbrongenahre	erbrongenhre	erbrongenlhre	7.680233478546143
stingen	stinge	stinge	stingeÜe	stingOe	stingej	stingeG	3.058580160140991
krinsten	krinste	krinste	krinstere	Gkrinste	Ekrinste	krinsteQ	3.2590935230255127
belegen<UNK>an	belegenga	belegenga	belegenra	belegensa	belegengae	belegena	5.383786678314209
krinden<UNK>aus	krindennause	krindennause	krindenrause	krindenzause	krindenvause	krindeniause	7.249323844909668
verteisen	verteise	verteise	verteiseße	verteisKe	verteisej	verteiseQ	3.37310528755188
genaurigen	genaurige	genaurige	genaurigeGe	genaurigeMe	genaurigeje	genaurigeP	4.021278381347656
konstrasieren	konstrasiere	konstrasiere	konstrasiereQe	konstrasierey	konstrasierej	konstrasiereV	5.286754608154297
erleiten	erleite	erleite	erleitere	erleitre	erleitej	erleiteU	3.1770846843719482
führen<UNK>fer	führenifre	führenifre	führeniffre	führenrfre	führenafre	führengre	7.587482929229736
pragen<UNK>wor	pragengwore	pragengwore	pragenewore	pragenrwore	pragenawore	pragenäwore	5.079343795776367
pechtichen	pechtiche	pechtiche	pechticheMe	pechticheÜe	pechticheP	pechticße	4.120042324066162
entlüsten	entlüste	entlüste	entlüstere	entlüstre	Gentlüste	entlüsteMe	3.563669204711914
krutsen	krutse	krutse	Pkrutse	Gkrutse	Mkrutse	kkrutse	2.921936511993408
sitionieren	sitioniere	sitioniere	spitioniere	sVitioniere	sitioniereU	sitionierej	4.353716850280762
behaten	behate	behate	behatre	bhehate	behatle	behatte	2.8947722911834717
ernugsteligen	ernugstelige	ernugstelige	ernugstellige	ernugsteligeZ	ernugsteligey	ernugsteligeÜ	5.504574775695801
rottieren	rottiere	rottiere	rottliere	rottfiere	rottßiere	rottiereP	3.285980701446533
ergrissen	ergrisse	ergrisse	ergrisseMe	ergkrisse	ergrisseP	ergrisseQ	3.263408899307251
errapss	errapse	errapse	errapsse	errapsre	errapsle	errapsere	4.083361625671387
ditsallisieren	ditsallisiere	ditsallisiere	ditsallisiereQe	ditsallisierre	ditsallisierej	ditsallisiereV	5.197076797485352
debrechen	debreche	debreche	debrecheQre	debrecheMe	debrecheU	debrecheP	4.001636028289795
verschliehen<UNK>aus	verschliehe	verschliehe	verschliehere	verschliehebausaus	verschliehen	verschliehre	5.4068379402160645
verstrehen	verstrehe	verstrehe	verstreheMe	verstreheje	verstrehePe	verstreheU	3.631218433380127
prozieren	proziere	proziere	pkroziere	prozfiere	prozierre	proziereP	3.5575602054595947
bewillen	bewille	bewille	bewillere	bwewille	bewillej	bewilleP	2.9547510147094727
küllen	külle	külle	Pkülle	Gkülle	küllre	küllej	2.0543458461761475
schnanttern	schnanttre	schnanttre	schnanttrexe	schnanttreQn	schnanttere	schnanttle	3.940816640853882
grässen	grässe	grässe	grässeQe	grässej	grässey	grässeP	2.959548234939575
entripteln	entriptle	entriptle	entriptre	entriptele	entriptlexe	entriptleQre	3.822803020477295
käpfen	käpfe	käpfe	käpfeQe	Pkäpfe	käpfle	käpfej	2.2847282886505127
schnehlen	schnehle	schnehle	schnehlere	schnehleQn	schnehleY	schnehleP	3.8172390460968018
schlulgern	schlulgre	schlulgre	schlulgrexe	schlulgrre	schlulgere	schlulgreP	4.219049453735352
sabilisieren	sabilisiere	sabilisiere	sabilisierej	sabilisiereU	sabilisierey	sabilisiereQ	4.949708461761475
knuttalisieren	knuttalisiere	knuttalisiere	knuttalisiereQe	knuttalisierej	knuttalisierey	knuttalisiereV	5.436251163482666
korrotieren	korrotiere	korrotiere	Gkorrotiere	korrotierej	korrotierey	korrotiereU	4.078212738037109
bebeungen	bebeunge	bebeunge	bebeungeKe	bebeungebe	bebeungen	bebeungeP	3.768200397491455
entmechten	entmechte	entmechte	entmechteMe	entmechteÜe	entmecahte	entmechtre	3.984764814376831
firkeln	firkle	firkle	firkele	firkale	firkre	firkleP	2.906123161315918
butschern	butschre	butschre	butschrexe	butschreP	butschren	butschreQ	3.5630507469177246
prasoren	prasore	prasore	prasorre	pkrasore	prasorej	prasorbe	3.326988458633423
schleigen	schleige	schleige	schleigeKe	schleigKe	schleigke	schleigej	3.6899003982543945
stütten	stütte	stütte	stütteQe	stüttre	stüttle	stüttße	2.301239013671875
verstorten	verstorte	verstorte	verstortre	verstorteY	verstortey	verstorteQ	3.897674560546875
einsproten	einsprote	einsprote	einsproteMe	einsprotre	einsproteÜe	einsprotej	3.8784730434417725
exisern	exisre	exisre	exisreQe	exisare	exisrre	exisreP	2.777930974960327
stöfffauern	stöfffaure	stöfffaure	stöffraure	stöffaure	stöfflaure	stöffäure	5.574019432067871
flachnen	flachne	flachne	flachneÜe	flacNhne	flacMhne	flacVhne	3.003941774368286
spernen	sperne	sperne	sperneQe	spernAe	sperneÜe	sperneU	2.7868189811706543
braupern	braupre	braupre	braupere	bkraupre	brauprre	braupreP	2.9284064769744873
entwähren	entwähre	entwähre	entwähreQw	entwährexe	entwährre	entwährej	3.208756685256958
pesieren	pesiere	pesiere	pesQiere	pesiereU	pesierej	pesiereP	2.9723527431488037
versogne	versogne	versogne	versognere	versogneÜe	versognre	versognej	3.65543532371521
behraben	behrabe	behrabe	behrabeÜe	behrabbe	behraben	behrabeU	3.001523494720459
verzasten	verzaste	verzaste	verzastere	verzastre	verzasteÜe	verzasteQ	3.5595831871032715
dekilieren	dekiliere	dekiliere	dekiliereU	dekiliereY	dekiliereP	dekilierej	3.843977689743042
schülten	schülte	schülte	schültere	schülteMe	schültre	schültej	3.44812273979187
bekänden	bekände	bekände	bekändere	bekändeÜe	bekändle	bekändej	2.7303550243377686
einerraschtieren	einerraschtiere	einerraschtiere	einerraschtierexe	einerraschtiereQe	einerraschtierre	einerrascPhtiere	6.662179470062256
dekinieren	dekiniere	dekiniere	dekàiniere	dekiniereP	dekiniereU	dekiniereY	4.24916934967041
verstordern	verstordre	verstordre	verstordle	verstordrexe	verstordere	verstordrre	4.356393814086914
pretturen	pretture	pretture	prettuare	pretturej	prettureQ	prettureU	3.119250535964966
rikzonisieren	rikzonisiere	rikzonisiere	rikzonisiereQe	rikzonisierey	rikzonisierej	rikzonisiereV	5.432499885559082
freinichtigen	freinichtige	freinichtige	freinichtigre	freinichtigey	freinichtigeÜ	freinichtigej	4.822143077850342
ermättern	ermättre	ermättre	ermättrexe	ermättle	ermättere	ermättreP	3.566934108734131
erschläschen	erschläsche	erschläsche	erschlässche	erschläscheQe	erschläschej	erschläscheÜ	4.681796550750732
verhällen	verhälle	verhälle	verhällexe	verhällre	verhälleY	verhälleP	3.330477237701416
dekrumitieren	dekrumitiere	dekrumitiere	dekrumitiereQe	dekrumfitiere	dekrumpitiere	dekrumitierey	5.090890884399414
plämpeln	plämple	plämple	plämpre	plämpele	plämpale	plämpleP	3.019979476928711
verbragen	verbrage	verbrage	verbrageMe	verbraage	verbragre	verbrageU	3.959911823272705
erschäffen	erschäffe	erschäffe	erschäffexe	erschäffej	erschäffeY	erschäffeM	3.8822269439697266
dofforinieren	dofforiniere	dofforiniere	dofforinierey	dofforinierej	dofforiniereU	dofforiniereV	5.353427886962891
diffieren	diffiere	diffiere	difffiere	ddiffiere	diffiereP	diffiereU	3.418386936187744
dramilieren	dramiliere	dramiliere	dkramiliere	dramiliereU	dramilierej	dramilierey	4.2725019454956055
erbraten	erbrate	erbrate	erbratre	erbratle	erbraten	erbratej	3.0778274536132812
beflagen	beflage	beflage	beflageKe	bfeflage	beflagen	beflageU	3.157195568084717
furmanern	furmanre	furmanre	furmanere	furmanrre	furmanreP	furmanren	3.3562843799591064
futzen	futze	futze	futzeQe	futzle	fYutze	futzDe	2.215670347213745
fahrnern	fahrnre	fahrnre	fahrnrre	fahrnare	fahrnlre	fahrnere	2.8625221252441406
flüschen	flüsche	flüsche	flüscheP	flüschej	flüscheMe	flüscheQ	3.2810938358306885
pechnen	pechne	pechne	pechnej	pechnepe	pechney	pechneÜe	3.0481579303741455
ermuchtigen	ermuchtige	ermuchtige	ermuchtigeGe	ermuchtigeMe	ermuchtigey	ermuchtigeÜ	4.9257307052612305
deskreisen	deskreise	deskreise	deskreiseße	deskkreise	deskreisej	deskreiseQ	4.189402103424072
stisen	stise	stise	stiseQe	stisej	stiseP	stiseZ	2.4713082313537598
bleuern	bleure	bleure	bleurre	bleuare	ubleure	bleureP	2.3185908794403076
ersichen	ersiche	ersiche	ersicheMe	ersicheQe	ersicAhe	ersichej	3.7840969562530518
verhirnen	verhirne	verhirne	verhirnere	verhirneÜe	verhfirne	verhirneY	3.5664689540863037
gestleiden	gestleide	gestleide	gestleidere	gestleideße	Egestleide	gestleidre	4.25848388671875
erneten	ernete	ernete	ernetre	erneteU	erneten	erneteP	2.5207326412200928
kandscheln	kandschle	kandschle	kandschlexe	kandschleQe	kandschre	kandschleP	4.407926082611084
bewiffern	bewiffre	bewiffre	bewiffrexe	bewiffere	bewiffrre	bewiffreP	3.343372344970703
ferrnischern	ferrnischre	ferrnischre	ferrnischere	ferrnischare	ferrnischreQe	ferrnischreP	4.510042190551758
gefreichen	gefreiche	gefreiche	gefreicheMe	gefreicheÜe	gefreichre	gefreicheP	3.9729702472686768
feusleiten	feusleite	feusleite	feusleitere	feusleitre	feusleVite	feuslefite	3.9349582195281982
korprotieren	korprotiere	korprotiere	Gkorprotiere	korprotierMe	korprotierej	korprotiereU	4.517882823944092
kanspragen	kansprage	kansprage	kansprageKe	kansprageMe	Gkansprage	Pkansprage	3.760225772857666
potoreiieren	potoreiiere	potoreiiere	potoreiiereU	potoreiierej	potoreiierey	potoreiierDe	4.716869831085205
schücktern	schücktre	schücktre	schücktrexe	schücktere	schücktrre	schücktreP	4.099658489227295
vermandren	vermandre	vermandre	vermandrKe	vermandrej	vermandrey	vermandreP	3.991272211074829
frompurieren	frompuriere	frompuriere	fkrompuriere	frompurierej	frompuriereU	frompurierey	5.370591640472412
serlen	serle	serle	serleQe	serlej	serleP	serleV	2.461895227432251
entmangen	entmange	entmange	entmangeKe	entmangeÜe	entmangke	entmangeU	3.4971888065338135
schwässen	schwässe	schwässe	scyhwässe	schwässre	schwässej	schwässey	3.6545987129211426
fleifagieren	fleifagiere	fleifagiere	fleifagziere	fleifagkiere	fleifagDiere	fleifagierey	4.50185489654541
erlinken	erlinke	erlinke	erlinkeQe	erlinkeje	erlinkeU	erlinkeP	3.344259738922119
plarieren	plariere	plariere	plarQiere	plaariere	plariereU	plariereP	3.4800641536712646
verhormen	verhorme	verhorme	verhormeP	verhormeY	verhormey	verhormej	3.546696424484253
stundigulieren	stundiguliere	stundiguliere	stundiguliereQe	stundiguliereU	stundiguliereV	stundigulierey	5.418171405792236
prunkern	prunkre	prunkre	prunkrere	prunkreQe	prunkere	prunkreP	3.337068796157837
kankilieren	kankiliere	kankiliere	kankàiliere	kankiliereU	kankilierej	kankilierey	4.732061386108398
entspicken	entspicke	entspicke	entspickeMe	entspficke	entspàicke	entspickeP	4.526303768157959
verwotzeln	verwotzle	verwotzle	verwotzre	verwotzele	verwotzlexe	verwotzleRe	3.752671480178833
flisten	fliste	fliste	flisteQe	flistere	flistße	flistej	2.696047067642212
vertaben	vertabe	vertabe	vertabbe	vertabre	vertabeje	vertabeU	3.535163640975952
vermotten	vermotte	vermotte	vermottere	vermottre	vermottle	vermottej	3.4018867015838623
entbieren	entbiere	entbiere	Kentbiere	entbfiere	Gentbiere	entbiereP	3.6163861751556396
verschlätten	verschlätte	verschlätte	verschlättere	verschlätteße	verschlättre	verschlättej	4.734643459320068
verhohrnen	verhohrne	verhohrne	verhohrneÜe	verhohrneMe	verAhohrne	verhohrneY	4.55031681060791
verfarmen	verfarme	verfarme	verfarmeMe	verfaarme	verfarmRe	verfarmeP	3.7127954959869385
rausahren	rausahre	rausahre	rausahrre	krausahre	rausahrej	rausahreP	3.6798667907714844
kätreuen	kätreue	kätreue	Ekätreue	kätrueue	kätreueU	kätreuej	2.8724215030670166
kotschern	kotschre	kotschre	kotschrexe	kotschere	kotschreP	kotschren	3.7436671257019043
verkreisen	verkreise	verkreise	verkreiseße	verkreisKe	verkreiseY	verkreiseQ	4.0268168449401855
verweinen	verweine	verweine	verweineÜe	verweinej	verweiney	verweineKe	3.917644500732422
entschlorden	entschlorde	entschlorde	entschlordeMe	entschlorrde	entschlordece	entschlörde	4.786098957061768
kamben	kambe	kambe	Pkambe	kambey	kambej	kambeP	2.5245449542999268
verschlatzen	verschlatze	verschlatze	verschlatzeQe	verschlatzeVe	vekschlatze	verschlatzey	4.934092044830322
konstieren	konstiere	konstiere	Gkonstiere	Pkonstiere	konstierej	konstiereP	4.0888495445251465
verzingern	verzingre	verzingre	verzingrexe	verzingreQe	verzingere	verzingle	4.347638130187988
kormeisen	kormeise	kormeise	kormeiseße	Gkormeise	kormeisej	kormeiseP	3.6363420486450195
reifatieren	reifatiere	reifatiere	reiffatiere	reifatierej	reifatiereU	reifatierey	4.782872676849365
schwülken	schwülke	schwülke	schwülkre	schwülkey	schwülkeY	schwülkeP	3.7738401889801025
ergrenken	ergrenke	ergrenke	ergrenkeQre	ergrenkeÜe	ekrgrenke	ergrenkeU	3.764383316040039
klärren	klärre	klärre	klärreQe	Pklärre	Gklärre	klärrej	2.801316976547241
finkeln	finkle	finkle	finkele	finkre	finkale	ffinkle	2.645901918411255
behüßen	behüße	behüße	behüßeQe	behüßbe	behüßKe	behüßle	2.587679862976074
pländlen	pländle	pländle	pländleQ	pländley	pländlej	pländleP	3.1684279441833496
blächen	bläche	bläche	blächeQe	blächej	blächey	blächeÜ	2.7912070751190186
erkeilen	erkeile	erkeile	erkeilere	erkeilre	erkeilej	erkeileP	2.8253443241119385
korrentieren	korrentiere	korrentiere	korrentiereQe	korrentniere	korrentziere	korrentierej	4.556623458862305
vontosern	vontosre	vontosre	vontosere	vontosrre	vontosren	vontosreP	3.018174648284912
vertrütten	vertrütte	vertrütte	vertrüttere	vertrüttre	vertrüttle	vertrüttej	3.651064157485962
schälzen	schälze	schälze	schälzeQe	schälzre	schälzDe	schälzej	3.015240430831909
beschmilben	beschmilbe	beschmilbe	beschmilbeje	beschmilbey	beschmilbeÜ	beschwilbe	4.560548305511475
prenogrikumen	prenogrikume	prenogrikume	prenogrikaume	prenogrikumeKe	prenogrzikume	prenogrikumej	5.348979949951172
erlästen	erläste	erläste	erlästere	erlästeQs	erlästre	Aerläste	3.0055675506591797
ditstallen	ditstalle	ditstalle	ditstalleMe	ditstallke	ditstallre	ditstalleY	4.35468053817749
verzosseln	verzossle	verzossle	verzossre	verzosslexe	verzossleP	verzosslre	3.381695032119751
flingen	flinge	flinge	flingeG	flingeP	flingeÜ	flingeVe	2.5171549320220947
krerzen	krerze	krerze	krerzeQe	Pkrerze	Gkrerze	Mkrerze	2.849984884262085
gruperen	grupere	grupere	gruperre	grupereU	gruperej	grupereP	3.2015860080718994
erlagern	erlagre	erlagre	erlagare	erlagrre	erlagreP	erlagren	2.6053969860076904
fundeln	fundle	fundle	fundleQe	fundele	fundre	fundleje	2.6618552207946777
erfaulern	erfaulre	erfaulre	erfaulere	erfaulrere	erfaullre	erfaulrre	3.514453887939453
pustern	pustre	pustre	pustreQe	pustare	pustere	pustäre	2.7218756675720215
verspanken	verspanke	verspanke	verspankeÜe	verspankeMe	verspankeY	verspankey	3.9185588359832764
furteln	furtle	furtle	furtele	furtre	furtleQe	furtale	2.6264283657073975
plitzulieren	plitzuliere	plitzuliere	plitzulieare	plitzuliereU	plitzulierey	plitzulierej	4.3360090255737305
planden	plande	plande	plandeÜe	planden	plandey	plandePe	2.8069241046905518
verstallen	verstalle	verstalle	verstalleMe	verstallke	verstalleY	verstalley	4.013254642486572
brüfeln	brüfle	brüfle	brüfele	brüfleQe	bkrüfle	brüfleP	2.646616220474243
dreuern	dreure	dreure	dreurere	dreureQe	dreurre	dreuare	2.6389803886413574
dätteln	dättle	dättle	dättre	dättleQe	dättleje	dättele	2.3920187950134277
verhölfen	verhölfe	verhölfe	verhölfexe	verhölfeY	verhölfeP	verhölfej	3.42423152923584
flahlen	flahle	flahle	flahleQe	flahleV	flahley	flahleP	2.50929594039917
stappnicieren	stappniciere	stappniciere	stappnicpiere	stappiciciere	stappnicierey	stappniciereU	5.384240627288818
gluckken	glucke	glucke	gluckke	gluckeje	gluckze	glucßke	3.492067575454712
verhunden	verhunde	verhunde	verhundere	verhundeKe	verhunden	verhundeU	3.900932550430298
spalden	spalde	spalde	spaldeÜe	spaldePe	spallde	spalrde	2.7878756523132324
fandern	fandre	fandre	fandreQre	fandrexe	fandare	fandle	2.6271231174468994
schimseln	schimsle	schimsle	schimsre	schimslexe	schimsele	schimsleP	3.628887891769409
gesulieren	gesuliere	gesuliere	gesuliereQu	gesulierre	gesuliereU	gesulierej	3.961801528930664
behilten	behilte	behilte	behiltere	behiltre	bhehilte	behiltej	2.9964864253997803
schrurtschen	schrurtsche	schrurtsche	schrurtscPhe	schrurtschej	schrurtscheÜ	schrurtscheÄ	4.867286205291748
grüffeln	grüffle	grüffle	grüffre	grüffele	grüfflexe	grüffleP	3.338296890258789
bewalten	bewalte	bewalte	bewaltere	bewaltre	bwewalte	bewalten	2.973198175430298
flunzen	flunze	flunze	flunzeQe	fluQnze	flunzeie	flunzeP	2.6617183685302734
verstundeln	verstundle	verstundle	verstundlexe	verstundleQe	verstundele	verstundre	4.562697887420654
verkollen	verkolle	verkolle	verkollre	verkolleU	verkolley	verkollej	3.4298882484436035
besterlen	besterle	besterle	besterlke	besterleQ	besterleP	besterleU	3.749988555908203
beweuern	beweure	beweure	beweurere	beweurre	beweuare	beweulre	3.4279890060424805
verfrörten	verfrörte	verfrörte	verfrörtere	verfrörtexe	verfrörtre	verfrörteY	3.615145683288574
fortolieren	fortoliere	fortoliere	fortolliere	fortoliereU	fortoliereP	fortolierey	3.967839002609253
polbeln	polble	polble	polbre	polbele	polbleQe	polbale	2.3192412853240967
erraubieren	erraubiere	erraubiere	errauubiere	erraubiereU	erraubierej	erraubierey	4.773860454559326
glaglern	glaglre	glaglre	glaglere	glaglbre	glagllre	glagläre	3.27051043510437
schlaften	schlafte	schlafte	schlaftere	schlaftre	schlaftej	schlafteM	3.37778639793396
bewürnen	bewürne	bewürne	bewürnre	bewürche	bewürnej	bewürney	2.9682998657226562
expechen	expeche	expeche	expecheQe	expecAhe	expechle	expecheP	3.182983636856079
betreiten	betreite	betreite	betreitere	betreitre	betreBite	betreitej	3.4411303997039795
deklieren	dekliere	dekliere	dekliereU	dekliereP	dekliereQ	deklierej	3.7720558643341064
kleichen	kleiche	kleiche	kleicheQe	kleichej	kleicheP	kleicheU	3.864427328109741
entwingen	entwinge	entwinge	entwingeGe	entwàinge	entwZinge	entwingePe	3.8118209838867188
gingentern	gingentre	gingentre	gingentrexe	gingentere	gingentreP	gingentreU	4.408973217010498
krupsen	krupse	krupse	krupseQe	Pkrupse	Gkrupse	Mkrupse	2.749699592590332
expersträngen	experstränge	experstränge	expersträngeV	expersträngeZ	expersträngeÜ	expersträngey	4.696587085723877
drankeln	drankle	drankle	drankele	dranklexe	drankre	drankleQe	3.4785304069519043
raskompellen	raskompelle	raskompelle	raskompellke	raskompelleU	raskompelley	raskompàlle	5.087703704833984
gespilzen	gespilze	gespilze	gespilzeQpe	gespilzePe	gespilzeMe	gespilzeje	3.8698995113372803
forratisieren	forratisiere	forratisiere	forratisiereQe	forratisierey	forratisierej	forratisiereV	5.274961471557617
vermeißen	vermeiße	vermeiße	vermeißeje	vermeißePe	vermeißeèe	vermeißeQe	3.5854949951171875
enthonen	enthone	enthone	enthoneÜe	Kenthone	enthonre	enthonen	2.956624984741211
knägen	knäge	knäge	knägeQe	khnäge	knägej	knägeZ	2.7636916637420654
vertrauben	vertraube	vertraube	vertraubeje	vertraubeMe	vertraubre	vertraubey	3.8553707599639893
versoppen	versoppe	versoppe	versoppeje	versoppeU	versoppeP	versoppey	3.6206090450286865
strrenken	strrenke	strrenke	strrenkeQre	strrenkeÜe	strrenkeU	strrenkeP	3.3272101879119873
belächen	beläche	beläche	belächeÖe	belächeQe	belächej	belächeÜ	3.315899133682251
schwärscheln	schwärschle	schwärschle	schwärschele	schwärschre	schwärschlexe	schwärschleQe	5.365175724029541
silbrusten	silbruste	silbruste	silbrustere	silbrustre	silbkruste	sdlbruste	3.8833212852478027
verkraffen	verkraffe	verkraffe	vekraffe	verkraffle	verkraffeY	verkraffeP	4.4317626953125
erfrauchen	erfrauche	erfrauche	erfraucheMe	erfrauchre	erfraucheU	erfraucheP	3.9583380222320557
verschanden	verschande	verschande	verschandeKe	verschandej	verschandey	vekschande	4.750181674957275
