src	greedy	beam_1	beam_2	beam_3	beam_4	beam_5	entropy
verlehlen	verlehl	verlehl	verliehl	verlàehl	verlehlM	verlehln	3.324193239212036
forcken	forck	forck	forcke	forckF	forckM	forckn	2.4550397396087646
prondieren	prondier	prondier	pkrondier	prondierj	prondierM	prondierk	4.102668285369873
spurzen	spurz	spurz	spuarz	spurze	spurzn	spurzj	2.28413987159729
schrießen<UNK>ab	schrießeniab	schrießeniab	schrießensab	schrießenhab	schrießennab	schrießenäb	6.4541778564453125
ebstürten	ebstürte	ebstürte	ebstürten	ebstürtei	Bebstürte	Eebstürte	3.4492299556732178
krontaletieren	krontaletier	krontaletier	krontaletkier	krontalletier	krontaletierF	krontaletierR	4.905451774597168
denallten	denallte	denallte	denallten	denalltee	denalltei	denallteM	3.257960557937622
ergrättern	ergrättre	ergrättre	ergrättrexe	ergrättle	ergrättreDe	ergrättreP	4.158891677856445
erfranken	erfrank	erfrank	erfranke	Ferfrank	erfrankn	erfrankt	3.24424147605896
erwieden	erwiede	erwiede	erwieden	erwiedec	erwiedeM	erwiedAe	3.599574327468872
freutigen	freutig	freutig	freutide	freutigk	freutigM	freutigj	2.986264705657959
degatisieren	degatisier	degatisier	degatisierM	degatisierj	degatisierF	degatisiery	4.18037748336792
verfrüschen	verfrüsch	verfrüsch	verfrüschM	verfrüschR	verfrüschj	verfrüschk	3.785830497741699
vermarnen	vermarn	vermarn	vermarne	vßermarn	Ävermarn	vermarch	3.1247644424438477
entkopremen	entkoprem	entkoprem	entkopremM	entkopremj	entkopremk	entkopremR	3.9290597438812256
verfunnen	verfunn	verfunn	vßerfunn	Fverfunn	vVerfunn	verfunnt	2.859968662261963
berässen	beräss	beräss	biräss	berässt	berässM	berässi	2.764295816421509
drappen	drapp	drapp	drappne	dkrapp	drappj	drappA	2.5180938243865967
kreigen	kreig	kreig	Pkreig	Fkreig	kreige	kreign	2.344592809677124
pulgen	pulg	pulg	pulgn	pulgF	pulgM	pulgj	1.9924805164337158
frodionieren	frodionier	frodionier	fkrodionier	frodionierj	frodionierM	frodioniery	4.009459972381592
erfucken	erfuck	erfuck	erfuckne	erfucke	erfuckt	erfuckA	2.9536900520324707
speulen	speul	speul	speulF	speulj	speuln	speulM	2.3411812782287598
ergreigen	ergreig	ergreig	ergrieg	ergreign	ergreige	ergreigk	3.385434150695801
verschlöntigen	verschlöntig	verschlöntig	verschlöntigk	verschlöntigM	verschlöntigF	verschlöntigR	5.289275646209717
riffern	riffre	riffre	riffrexe	riffle	riffere	riffreP	2.644278049468994
spränten	spränte	spränte	spräntei	spränteM	spräntex	spränten	2.3945188522338867
verlenken	verlenk	verlenk	verlenke	verlkenk	verlenkn	verlenkt	3.182403326034546
gefingen	gefing	gefing	Egefing	gefingn	gefingj	gefingM	2.99835467338562
belenden	belende	belende	Fbelende	belenden	belendec	belendeM	3.1647777557373047
verwörten	verwörte	verwörte	verwörtex	verwörter	vßerwörte	Äverwörte	3.0918662548065186
staufieren	staufier	staufier	stauffier	staufFier	staufierM	staufierj	3.827601432800293
pritorieren	pritorier	pritorier	pkritorier	pritorierM	pritorierj	pritorierY	3.8225436210632324
gurrchen	gurrch	gurrch	gurrich	gurrchne	gurrcLe	gurrche	2.948824167251587
fringen<UNK>finger	fringengfingre	fringengfingre	fringenefingre	fringengingre	fringenifingre	fringenrfingre	8.825023651123047
flaustichen	flaustich	flaustich	flaustichj	flaustichk	flaustichM	flaustichR	3.9689865112304688
verschirmen	verschirm	verschirm	verschfirm	verschirmM	verschirmR	verschirmi	4.148133277893066
erstinkern	erstinkre	erstinkre	erstinkrexe	erstinkle	ersteinkre	erstinkere	3.5791730880737305
erspitzen	erspitz	erspitz	erspitze	erspitzn	erspitzi	erspitAz	3.3030240535736084
frösen	frös	frös	fbrös	fröst	frösM	frösj	1.7137327194213867
verlüttigen	verlüttig	verlüttig	verlüttide	verlüttigk	verlüttigM	verlüttigR	3.7389676570892334
extollaginieren	extollaginier	extollaginier	extollagkinier	Uextollaginier	extollaginierF	extollaginierj	5.127928733825684
steinieren	steinier	steinier	steeinier	steinierj	steinierM	steinierk	3.706777572631836
daueln	daule	daule	daulele	dauleQe	dauleO	dauleP	2.6609323024749756
bestingen	besting	besting	bestNing	bestingk	bestingM	bestingj	3.220933198928833
sarsselen	sarssel	sarssel	sarssil	sarssll	sarssle	sarssiel	4.166244983673096
verzwürfen	verzwürf	verzwürf	Äverzwürf	véerzwürf	vwerzwürf	verzwürft	3.571131944656372
serleln	serlle	serlle	serllexe	serllre	serlleO	serlleP	2.443657875061035
fluedigen	fluedig	fluedig	fluedigM	fluedige	fluedigj	fluedigk	3.086029291152954
erwangen	erwang	erwang	erwangn	werwang	Berwang	erwange	2.9795563220977783
verblüssen	verblüss	verblüss	Äverblüss	verblüsst	verblüssM	verblüssk	3.6387276649475098
expärten	expärte	expärte	Vexpärte	Äexpärte	expärten	expärtex	2.842447519302368
gestuchen	gestuch	gestuch	gestuchne	Egestuch	gestuchj	gestuchR	2.850252628326416
erwastern	erwastre	erwastre	erwästre	erwastrexe	erwastreP	erwastreQ	3.461226224899292
schiffeln	schiffle	schiffle	schifflexe	schiffre	schiffele	schiffleP	3.3053345680236816
breißen	breiß	breiß	briss	Fbreiß	breißt	breiße	2.234095811843872
stindern	stindre	stindre	stindrexe	stindreQe	stindle	stindare	2.857557773590088
raufteln	rauftle	rauftle	rauftele	rauftre	rauftble	Urauftle	3.0610039234161377
bewacken	bewack	bewack	bewackne	bewkack	bewacke	bewackt	2.745633363723755
stüßen	stüß	stüß	Gstüß	Mstüß	Zstüß	Pstüß	1.5171209573745728
verziegen	verzieg	verzieg	verziegM	verziegj	verziegk	verziegn	3.177997350692749
brurstern	brurstre	brurstre	brurstrexe	brurstare	brurstere	brurstreP	3.781482219696045
degeen	deg	deg	dege	degie	degne	degZ	1.8118853569030762
stetzen<UNK>ein	stetzengei	stetzengei	stetzeng	stetzengie	stetzenie	stetzensei	6.425989151000977
ersponieren	ersponier	ersponier	ersponvier	ersponierM	ersponierj	ersponierY	3.8947925567626953
exomplikieren	exomplikier	exomplikier	Bexomplikier	exomplikierj	exomplikierF	exomplikierM	4.665322303771973
bekröffen	bekröff	bekröff	bekröfft	Fbekröff	bekröffx	bekröffM	3.2530415058135986
vertrecken	vertreck	vertreck	vertrick	vertrecke	vertrWeck	vertreckn	3.5186445713043213
verkrecken	verkreck	verkreck	verkrecke	verkkreck	verkreckne	verkreckt	3.6299281120300293
bekilgen	bekilg	bekilg	bekilgM	bekilgj	bekilgk	bekilgx	2.706042528152466
besopben	besopb	besopb	besopbne	Fbesopb	besopbj	besopbe	2.6992709636688232
verklaten	verklate	verklate	veklate	verklaten	verklatte	verklateM	3.5113918781280518
kunsen	kuns	kuns	Pkuns	Gkuns	Fkuns	kunsM	2.0665674209594727
grutchen	grutch	grutch	grutchne	Egrutch	grutche	grutchM	3.0266270637512207
suchtigen	suchtig	suchtig	suchtigk	suchtigM	suchtigj	suchtigr	3.548621892929077
suttallisieren	suttallisier	suttallisier	suttallfisier	suttallisierF	suttallisierj	suttallisierR	5.1149444580078125
kreinern	kreinre	kreinre	kreinare	kreinere	Pkreinre	kreinreP	3.3487892150878906
degen<UNK>um	degengum	degengum	degenaum	degenäum	degeneum	degenmum	4.937232494354248
prienstollen	prienstoll	prienstoll	pkrienstoll	prienstollM	prienstollF	prienstollk	4.132668972015381
bustrunden	bustrunde	bustrunde	bustrundei	bustrundeM	bustrundec	bustrundeß	3.4339146614074707
protern	protre	protre	protreQe	protare	protreP	protrre	2.319239377975464
entschlaften	entschlafte	entschlafte	entschlaftei	entschlafteM	entschlaften	entschlafteß	4.481120586395264
klinsen	klins	klins	Pklins	Gklins	Eklins	klinsM	2.165487766265869
stlapen	stlap	stlap	stlape	Gstlap	Kstlap	Mstlap	1.9664959907531738
spürzen	spürz	spürz	spürze	spürzn	spürzj	spürzt	2.4648425579071045
darbotieren	darbotier	darbotier	darbotierM	darbotierj	darbotierR	darbotierk	3.720602512359619
spuschen	spusch	spusch	spuschne	spuscLe	spuschM	spuschj	2.828544855117798
bewünsten	bewünste	bewünste	bewünsten	Fbewünste	bewünstei	bewünsteM	3.5555145740509033
sagen<UNK>aus	sagengaus	sagengaus	sageneaus	sagenmaus	sagenaus	sagenvaus	5.391962051391602
versprechsen	versprechs	versprechs	versprichs	versprechst	versprechsM	versprechsn	4.616200923919678
ernungen	ernung	ernung	Fernung	Bernung	ernunge	ernungn	2.7522132396698
vermauen	vermau	vermau	Ävermau	vßermau	vermauj	vermaut	2.921893835067749
bohrleife	bohrleif	bohrleif	bohrliff	bohrleifM	bohrleiff	bohrleifk	3.4542791843414307
besitigen	besitig	besitig	besitigk	besitigM	besitigj	besitigZ	3.4835152626037598
brächsseln<UNK>her	brächsselnire	brächsselnire	brächsselnhre	brächsselnihre	brächsselnirhre	brächsselnchre	9.002904891967773
detetten	detette	detette	dettte	detetteM	detettei	detettex	3.2459938526153564
vertrachen	vertrach	vertrach	vertrachM	vertrachj	vertrachk	vertrachR	3.3511710166931152
kabilisieren	kabilisier	kabilisier	Gkabilisier	Dkabilisier	Pkabilisier	Ükabilisier	4.92983341217041
remonieren	remonier	remonier	kremonier	remonierj	remonierM	remonierk	3.409780979156494
rintern	rintre	rintre	rintrexe	rintare	rintreP	rintreb	2.983039617538452
klützeln	klützle	klützle	klützele	klützre	Pklützle	Gklützle	2.7824320793151855
verstern	verstre	verstre	verstare	verstäre	verstüre	verstreP	2.9780614376068115
erfiffern	erfiffre	erfiffre	erfiffrre	erfiffreP	erfiffreb	erfiffle	3.7684834003448486
deplizieren	deplizier	deplizier	deplizierM	deplizierj	deplizierk	deplizierY	4.323085784912109
kosteln	kostle	kostle	kostele	kostre	kostale	kostleP	2.763268232345581
konnerinieren	konnerinier	konnerinier	konnerinnier	konnerinierj	konnerinierF	konnerinierM	4.9510016441345215
belüten	belüte	belüte	Ubelüte	belüten	belüteß	belüteM	2.7244644165039062
vertumpfen	vertumpf	vertumpf	vertumpft	vertumpff	Ävertumpf	vertumpfM	3.542842149734497
schweuden	schweude	schweude	schweudei	schweudeM	schweudec	schweuden	3.9355225563049316
rodieren	rodier	rodier	rodierj	rodierM	rodierF	rodiere	2.973757028579712
darbautieren	darbautier	darbautier	darbautierM	darbautierj	darbautierR	darbautiery	4.127927780151367
schwürfern	schwürfre	schwürfre	schwürfrre	schwürfere	schwürfle	schwürfreP	3.482569456100464
grinnen	grinn	grinn	Egrinn	Agrinn	grinnj	grinnA	2.5219030380249023
vermachstrießen	vermachstrieß	vermachstrieß	vermacAhstrieß	vermachstrießt	vermachstrießR	vermachstrießx	5.735701560974121
beschlachen	beschlach	beschlach	beschlachj	beschlachM	beschlachk	beschlachR	4.141758918762207
britken	britk	britk	bkritk	britke	Fbritk	britkF	2.3556549549102783
verbehlen	verbehl	verbehl	verbiehl	verbehlM	verbehli	verbehln	3.3658640384674072
stäulen	stäul	stäul	Gstäul	Zstäul	Pstäul	stäulj	1.8297547101974487
ernarkeln	ernarkle	ernarkle	ernarklexe	ernarkele	ernarkleP	ernarkleQ	3.57770037651062
kommorinieren	kommorinier	kommorinier	kommorinierj	kommorinierF	kommorinierM	kommorinierR	4.960180759429932
besonsen	besons	besons	Fbesons	besonsn	besonsM	besonst	2.706629753112793
erschlissen	erschliss	erschliss	erschlissM	erschlisst	erschlissR	erschlissj	4.289432048797607
erschwintern	erschwintre	erschwintre	erschwintle	erschwintere	erschwintreP	erschwintrex	4.737016677856445
bleckeln	bleckle	bleckle	blecklexe	bleckele	bleckleP	bleckre	3.223541498184204
bautsern	bautsre	bautsre	bautsare	bautsrre	bautsreP	bautsreQ	2.659722328186035
erwängern	erwängre	erwängre	erwängrexe	erwängle	erwängrre	erwängreP	3.433046579360962
kepsen	keps	keps	Pkeps	Fkeps	kepst	kepsn	2.2365591526031494
gewückeln	gewückle	gewückle	gewücklexe	gewückele	gewückre	gewückleP	3.721097946166992
verzüchen	verzüch	verzüch	verzüchne	verzüche	verzücht	verzüchM	3.7208497524261475
erfleigen	erfleig	erfleig	erflieg	erfleign	erfleigM	erfleigk	3.373516798019409
bebannen	bebann	bebann	bebacne	bebannj	bebanne	bebannn	2.826291561126709
pfleisen	pfleis	pfleis	pfleisn	pfleist	pfleide	pfleisj	2.4578683376312256
bestlöffen	bestlöff	bestlöff	bestlöfft	Fbestlöff	bestlöffx	bestlöffM	3.4429476261138916
blessen<UNK>auf	blesseniauf	blesseniauf	blessengauf	blessenvauf	blessenkauf	blessennauf	7.553208351135254
gondren<UNK>ein	gondrengei	gondrengei	gondreng	gondrenie	gondrengie	gondrenkei	6.105816841125488
verstiffen	verstiff	verstiff	vßerstiff	Äverstiff	verstifft	verstiffx	3.2384023666381836
knetzen<UNK>ein	knetzengei	knetzengei	knetzeng	knetzenie	knetzengie	knetzensei	5.900169372558594
kommeln	kommle	kommle	kommlexe	kommele	kommleP	kommleQe	2.549957036972046
stardeten	stardete	stardete	starditt	stardette	stardàete	stardite	3.4939212799072266
korlasilisieren	korlasilisier	korlasilisier	Gkorlasilisier	Pkorlasilisier	Dkorlasilisier	korlasilisierF	5.473365306854248
komanidieren	komanidier	komanidier	Gkomanidier	Dkomanidier	Ükomanidier	komanidierj	4.467213153839111
kelben	kelb	kelb	Pkelb	Dkelb	kelbe	kelbj	2.0762546062469482
pfürmen	pfürm	pfürm	pfürme	pfürmR	pfürmM	pfürmj	2.3673014640808105
gewärten	gewärte	gewärte	gewärten	gewärtex	gewärteM	gewärtei	3.107189655303955
flübern	flübre	flübre	flübrexe	flübreQe	flübere	flübreP	2.3561348915100098
babeln	bable	bable	bableQe	bablexe	babele	bableP	2.5212695598602295
erspotten	erspotte	erspotte	erspotten	erspottei	erspotteM	erspottex	3.114959239959717
knotronieren	knotronier	knotronier	Gknotronier	Pknotronier	Dknotronier	Üknotronier	4.726103782653809
erschleiden	erschleide	erschleide	erschleidei	erschleideß	erschleideM	erschleidec	4.408164978027344
krepsen	kreps	kreps	kkreps	Pkreps	Fkreps	krepst	2.4859845638275146
belöffen	belöff	belöff	belöfft	belöffje	Fbelöff	belöffx	2.6112303733825684
dehompren	dehompre	dehompre	dehompr	dehompra	dehompri	dehomprn	3.6575393676757812
verspreinen	versprein	versprein	vpersprein	verspreink	verspreinn	verspreinj	4.226302146911621
entlagen	entlag	entlag	Fentlag	entlagn	entlage	entlagj	2.686765432357788
punden	punde	punde	punden	pundeß	pundeM	pundee	2.3933475017547607
beweifen	beweif	beweif	bewiff	beweift	beweifj	beweifM	2.687185287475586
krapfeln	krapfle	krapfle	krapflexe	kkrapfle	Pkrapfle	krapfleP	2.8279738426208496
plädeten	plädete	plädete	plädeteM	plädite	plädeteß	plädetex	3.2651476860046387
fiserungen	fiserung	fiserung	ffiserung	fiserungM	fiserungk	fiserungR	3.796478271484375
erstringen	erstring	erstring	Ferstring	erstringk	erstringM	erstringj	3.93933367729187
begräben	begräb	begräb	bgegräb	begräbe	begräbj	begräbx	3.094285488128662
destähen	destäh	destäh	Udestäh	dhestäh	destähj	destähR	2.992666244506836
prorieren	prorier	prorier	prorierj	proriere	prorierM	prorierk	2.919414758682251
versäufern	versäufre	versäufre	versäufere	Äversäufre	vßersäufre	versäufrexe	3.6465389728546143
grenken	grenk	grenk	Egrenk	gkrenk	grenke	grenkF	2.2783172130584717
seiben	seib	seib	seibe	seibj	seibM	seibA	1.910860538482666
ersäffen	ersäff	ersäff	ersäfft	ersäffx	ersäffj	ersäffn	2.8013415336608887
ehren<UNK>aus	ehreneaus	ehreneaus	ehrenaus	ehrenvaus	ehreniaus	ehrenkaus	5.889754295349121
knuttern	knuttre	knuttre	Gknuttre	Fknuttre	knuttare	knuttle	3.3206915855407715
knuszen	knusz	knusz	Gknusz	Pknusz	Fknusz	Eknusz	2.3634111881256104
verleißen	verleiß	verleiß	verliss	verleißt	verleiße	verleißn	3.5901267528533936
bunsten	bunste	bunste	bunstQte	bunsten	Ubunste	bunstee	2.672706127166748
verleifen	verleif	verleif	verliff	verleife	verleift	verleifn	3.3296875953674316
streisten	streiste	streiste	streistei	streisteM	streisten	streistex	3.550884962081909
verkartanzen	verkartanz	verkartanz	verkaartanz	verkartande	verkartanzR	verkartanzM	3.562129259109497
krerken	krerk	krerk	Pkrerk	krerke	krerkj	krerkF	2.8816258907318115
depinieren	depinier	depinier	depinierj	depinierM	depinierk	depinierY	3.6977357864379883
ragen<UNK>wort	ragenewort	ragenewort	ragengwort	rageneworte	ragenewortrt	ragenawort	5.2469305992126465
verbandern	verbandre	verbandre	verbandrexe	verbandrre	verbandreP	verbandreb	4.322271347045898
schluttern	schluttre	schluttre	schluttrexe	schluttle	schluttreP	schluttreQ	4.153700351715088
erstalltern	erstalltre	erstalltre	erstalltrexe	erstalltreDe	erstalltere	erstalltreP	4.22230863571167
desplachen	desplach	desplach	desplachM	desplachj	desplachk	desplacPh	3.233518600463867
brösen<UNK>aus	bröseniaus	bröseniaus	bröseneaus	brösensaus	brösengaus	brösenvaus	6.25193977355957
versteiten	versteite	versteite	Äversteite	versteiteM	versteiteß	versteitex	4.094184398651123
ermalschen	ermalsch	ermalsch	ermalscLe	ermalschM	ermalschi	ermalschj	3.6954219341278076
verweifen	verweif	verweif	verweife	verweift	verweifn	verweiff	3.6406593322753906
grissen	griss	griss	Egriss	grisst	grissM	grissj	2.3584117889404297
seidern	seidre	seidre	seidrexe	seidare	seidreQre	seidreP	2.804135799407959
grapieren	grapier	grapier	Egrapier	Agrapier	grapierj	grapierM	3.3696179389953613
geheinen	gehein	gehein	geheich	geheinj	geheine	geheink	3.0369420051574707
ergräuen	ergräu	ergräu	ergräuj	ergräuR	ergräuM	ergräuk	2.4786319732666016
versprucken	verspruck	verspruck	vßerspruck	verspruckn	verspruckj	verspruckM	4.030325412750244
entflauen	entflau	entflau	Fentflau	Kentflau	entflauj	entflauR	3.213510274887085
pitachisieren	pitachisier	pitachisier	pitachisierj	pitachisierM	pitachisierF	pitachisierR	4.783986568450928
getifulieren	getifulier	getifulier	getifulierM	getifulierj	getifulierR	getifulierF	4.499175548553467
verschlohlen	verschlohl	verschlohl	verschlohlM	verschlohlF	verschlohlk	verschlohlR	4.2053093910217285
errassen	errass	errass	Ferrass	errasst	errassn	errassM	2.6724677085876465
verschrempen	verschremp	verschremp	verschrempo	verschrempM	verschrempj	verscHremp	4.689156532287598
behellen	behell	behell	behellj	behelln	behellF	behellt	2.7639825344085693
schlellnen	schlelln	schlelln	schlellne	schlellch	schlellnn	schlellnk	3.9134786128997803
flüben	flüb	flüb	flübe	flübj	flübM	flübA	1.962986946105957
gräumiguieren	gräumiguier	gräumiguier	Egräumiguier	Agräumiguier	gräumiguierj	gräumiguierM	4.473521709442139
erleuchen	erleuch	erleuch	erleuchne	erleucKe	erleuchj	erleuchR	3.5095551013946533
feuen	feu	feu	fReu	fWeu	feuj	feuF	1.497059941291809
korphomolieren	korphomolier	korphomolier	Dkorphomolier	Ükorphomolier	Gkorphomolier	korphomolierF	4.80347204208374
kremben	kremb	kremb	kkremb	Pkremb	krembj	krembc	2.3467559814453125
prekten	prekte	prekte	pkrekte	prekten	prekteM	prekteß	2.9267828464508057
brechsern	brechsre	brechsre	brechsrre	brechsreP	brechsreQ	brichsre	3.506817579269409
käueln	käule	käule	käulele	käuleQe	käuele	Gkäule	2.209332227706909
beleisten	beleiste	beleiste	Fbeleiste	beleistei	beleisteM	beleisten	3.1687252521514893
kondentieren	kondentier	kondentier	Gkondentier	Dkondentier	Pkondentier	kondentierM	4.445064544677734
korlogorieren	korlogorier	korlogorier	Dkorlogorier	Ükorlogorier	Gkorlogorier	Pkorlogorier	4.585488796234131
fundutieren	fundutier	fundutier	fundutierM	fundutierj	fundutierR	fundutiery	3.934661865234375
vertrünzen	vertrünz	vertrünz	Ävertrünz	vertrünzM	vertrünzR	vertrünzt	3.6171820163726807
verflafigungieren	verflafigungier	verflafigungier	verflaffigungier	verflafigungierj	verflafigungierF	verflafigungierM	6.099319934844971
verschröten	verschröte	verschröte	verschrötei	verschröteM	verschrötex	verschröteß	4.279119968414307
greinigen	greinig	greinig	Egreinig	Agreinig	greinigk	greinigM	3.194854259490967
entkließen	entkließ	entkließ	Fentkließ	entklfieß	Kentkließ	entkließt	3.7604212760925293
defrieren	defrier	defrier	defrierM	defrierj	defrierR	defrierF	3.3027868270874023
ränden	rände	rände	rändeß	rändej	ränden	rändeM	2.505838632583618
bochtern	bochtre	bochtre	bochtrexe	bochtrre	bochtreP	bochtreb	2.9894156455993652
verweißen	verweiß	verweiß	verweißt	verweiße	verweißn	verweißk	3.407947540283203
prestten	prestte	prestte	pristt	prestteM	presttei	prestten	3.2286107540130615
spitieren	spitier	spitier	spAitier	spitierj	spitierM	spitierk	2.9288864135742188
krehren	krehr	krehr	kriehr	kreehr	Dkrehr	krehrj	2.34743332862854
vermeiten	vermeite	vermeite	vermeiten	vermeiteM	vermeiteß	vermeitex	3.5601229667663574
plötten	plötte	plötte	plötteß	plöttei	Uplötte	plötteM	2.4312570095062256
sompen	somp	somp	sompj	sompß	sompA	sompF	2.0410754680633545
stabeln	stable	stable	stablexe	stabele	stäble	stableP	2.6692895889282227
stähnen	stähn	stähn	stäqne	stäéhn	stähnj	stähnk	2.3475911617279053
versillern	versillre	versillre	versillrere	versillrexe	versillere	versillreP	3.872072219848633
verwürfern	verwürfre	verwürfre	verwürfle	verwürfere	verwürfrre	verwürfreP	3.6576993465423584
ergenen	ergen	ergen	ergin	ergene	Bergen	ergenj	2.463881731033325
brießen	brieß	brieß	Fbrieß	bkrieß	brießx	brießM	2.3457674980163574
vertracken	vertrack	vertrack	vertracke	Ävertrack	vertrackn	vertrackx	3.4561569690704346
verspussen	verspuss	verspuss	vßerspuss	vperspuss	Äverspuss	verspusst	3.713825225830078
entwahnen	entwahn	entwahn	Fentwahn	wentwahn	entwafne	Kentwahn	3.080577850341797
bereichten	bereichte	bereichte	bereichtei	bereichteM	bereichtex	bereichteß	4.185316562652588
bestäuen	bestäu	bestäu	stäutäu	Fbestäu	Ubestäu	bestäuj	2.7648086547851562
pockieren	pockier	pockier	pockierj	pockierM	pockierk	pockierY	3.106382369995117
erminitigen	erminitig	erminitig	erminitigM	erminitigk	erminitigR	erminitigj	3.87367844581604
examieren	examier	examier	Bexamier	examierj	examierM	examiere	3.5477185249328613
pfrahnen	pfrahn	pfrahn	pfraéhn	pfrahnn	pfrahnj	pfrahne	2.649724006652832
verkluckern	verkluckre	verkluckre	verkluckrexe	verkluckreP	verkluckreQ	verkluckreb	4.702008247375488
plechern	plechre	plechre	plechrexe	plichre	plechren	plechreP	3.235382318496704
kankieren	kankier	kankier	Gkankier	Dkankier	Pkankier	Ukankier	3.410844087600708
berandern	berandre	berandre	berandrexe	berandrre	berandreQe	berandreP	4.006987571716309
schläckeln	schläckle	schläckle	schläckele	schläckre	schläcklexe	schläckleRe	4.464197635650635
verblahen	verblah	verblah	Äverblah	verblahe	verblahR	verblahj	3.2624785900115967
pautschieren	pautschier	pautschier	pautschierj	pautschierM	pautschierF	pautschierR	4.489724159240723
sangen<UNK>aus	sangengaus	sangengaus	sangeneaus	sangeniaus	sangenaus	sangenbaus	4.663102626800537
frünsteln	frünstle	frünstle	frünstlexe	frünstre	frünstble	frünstleP	3.3850197792053223
gimmen	gimm	gimm	gimmj	gimmo	gimmß	gimmG	1.86903977394104
bekreißen	bekreiß	bekreiß	bekreißt	bekreiße	bekreißR	bekreißn	2.9110355377197266
beteistern	beteistre	beteistre	beteistrexe	beteistere	betiestre	beteistreP	4.138175964355469
betrehsen<UNK>ab	betrehseniab	betrehseniab	betrehsensab	betrehsenhab	betrehsencab	betrehsenab	7.923257827758789
verwechtigen	verwechtig	verwechtig	verwechtigk	verwechtigM	verwechtigF	verwechtigR	4.49961519241333
glaumern	glaumre	glaumre	Eglaumre	Aglaumre	glaumreP	glaumren	3.2071499824523926
splangen	splang	splang	splangn	splange	splangM	splangj	2.5300304889678955
schlirten	schlirte	schlirte	schlirten	schlirtei	schlirteM	schlirtex	3.6498184204101562
rönden	rönde	rönde	röndeß	rönden	röndeM	röndeF	2.0630996227264404
besprenken	besprenk	besprenk	besprenke	besprenkn	besprenkt	besprenkS	3.6814377307891846
dreiben	dreib	dreib	Vdreib	dreibj	dreibe	dreibA	2.71698260307312
entkammen	entkamm	entkamm	Fentkamm	entkammt	entkammß	entkammj	3.0874712467193604
kruckieren	kruckier	kruckier	Pkruckier	Ekruckier	Ükruckier	kkruckier	3.8307764530181885
grurfen	grurf	grurf	Egrurf	Agrurf	grurff	grurfM	2.569847345352173
stablen	stabl	stabl	stable	stabln	stablK	stablß	3.1097960472106934
vermintern	vermintre	vermintre	vermintrexe	vermintere	vermintle	vermintreP	4.029175758361816
ermetten	ermette	ermette	ermetteM	ermettei	ermettex	ermetteß	2.8921210765838623
schwinzen	schwinz	schwinz	schwinze	schwinzR	schwinzn	schwinzj	3.432734966278076
verbreischen	verbreisch	verbreisch	verbreiscde	verbreiscYh	verbreiscéh	verbreischM	4.552836894989014
dalinieren	dalinier	dalinier	Udalinier	dalinierj	dalinierM	dalinierk	3.618610143661499
schriebeln	schrieble	schrieble	schriebre	schriebele	schrieblexe	schriebleQe	4.068385124206543
verleugen	verleug	verleug	verleugn	verleugj	verleugä	verleugM	3.2652335166931152
strafeien<UNK>zirung	strafeieniziru	strafeieniziru	strafeieneziru	strafeiensziru	strafeien-ziru	strafeienrziru	8.488289833068848
flungen	flung	flung	flungM	flungF	flungn	flungj	2.2643096446990967
segieren	segier	segier	segierj	segierM	segierF	segieri	2.964254140853882
verlörstigen	verlörstig	verlörstig	verlörstiüg	verlörstigk	verlörstigM	verlörstigR	4.223917484283447
erkorphorten	erkorphorte	erkorphorte	erkorphorten	erkorpAhorte	erkorphortei	erkorphorteM	4.613203525543213
ergläcken	ergläck	ergläck	ergläcke	ergläckt	ergläckx	ergläckn	3.195103645324707
ermunden	ermunde	ermunde	ermunden	ermundeM	ermundeß	ermundec	3.0880067348480225
besenen	besen	besen	besin	besene	besech	besenj	2.4091548919677734
betreichen	betreich	betreich	betreichj	betreichk	betreichM	betreichR	3.7825121879577637
plirnen	plirn	plirn	plikne	plidne	plirne	plirnj	2.5972588062286377
pronssäbern	pronssäbre	pronssäbre	pronssäbere	pronssäbrere	pronssäbrexe	pronssäble	4.224891185760498
schartoffisieren	schartoffisier	schartoffisier	schartoffisierF	schartoffisiere	schartoffisierR	schartoffisierj	5.9198994636535645
dräufen	dräuf	dräuf	Vdräuf	Udräuf	dräufe	dräufj	2.2278127670288086
entwitzeln	entwitzle	entwitzle	entwitzlexe	wentwitzle	entwitzre	entwitzleP	4.046754360198975
riegen<UNK>zu	riegengzu	riegengzu	riegengz	riegenizu	riegengze	riegenaz	4.810319423675537
vorschultigen	vorschultig	vorschultig	vorscvhultig	vorschultigM	vorschultigk	vorschultigF	4.970434188842773
soberten	soberte	soberte	soberten	sobertee	soberteM	sobertec	3.0446650981903076
errungenstrieben	errungenstrieb	errungenstrieb	errungenstriebe	errungenstriebj	errungenstriebx	errungenstriebk	5.3348846435546875
erblössen	erblöss	erblöss	erblösst	erblössM	erblössx	erblössj	2.7886593341827393
belutteln	beluttle	beluttle	beluttre	beluttlexe	beluttleRe	Fbeluttle	3.4276270866394043
verstagen	verstag	verstag	verstagn	verstagM	verstage	verstagj	3.184994697570801
kabern	kabre	kabre	kabreQe	kabrexe	kabere	kabreP	2.130565643310547
fügern	fügre	fügre	fügrexe	fügle	fügreP	fügreb	2.1439573764801025
verspriesen	verspries	verspries	verspriest	verspriesM	verspriesk	verspriesj	3.8539986610412598
verstachen	verstach	verstach	verstachj	verstachM	verstachk	vekstach	3.9345271587371826
dampleien	damplei	damplei	Udamplei	dampleij	dampleix	dampleik	3.0924346446990967
schnarten	schnarte	schnarte	schnarten	schnarteM	schnartei	schnartec	3.389925956726074
vertarmisstorieren	vertarmisstorier	vertarmisstorier	vertarmisstorir	vertarmisstorilr	vertarmisstorierr	vertarmisstoriere	6.6421661376953125
sypodern	sypodre	sypodre	sypodare	sypodrre	sypodreP	sypodren	2.822901964187622
verseißen	verseiß	verseiß	Fverseiß	verseißt	verseiße	verseißn	3.1851696968078613
verbabern	verbabre	verbabre	verbabrere	verbabrexe	verbabere	verbabrre	3.3996872901916504
entselln	entslle	entslle	entselle	entsle	entsille	entslleP	3.546570062637329
pronisieren	pronisier	pronisier	pkronisier	pronisierM	pronisierj	pronisierk	3.689882516860962
kallitieren	kallitier	kallitier	kalitier	kallitierM	kallitierj	kallitierR	3.988912343978882
ditrostrodieren	ditrostrodier	ditrostrodier	ditrostrodierF	ditrostrodierR	ditrostrodierj	ditrostrodierM	5.8029375076293945
frachscheln	frachschle	frachschle	frachschleP	frachschleQ	frachschleD	frachschlexe	4.376969337463379
bestüchtigen	bestüchtig	bestüchtig	bestüchtigk	bestüchtigM	bestüchtigR	bestüchtigF	4.4197235107421875
bewassen	bewass	bewass	bewäss	bewasst	bewassn	bewassj	2.865483045578003
sybeln	syble	syble	sybleQe	syblexe	sybele	sybleP	2.087841033935547
strospern	strospre	strospre	strosprexe	strospere	strospreP	strospreQ	3.204737901687622
streichnen	streichne	streichne	streichneM	streichneß	streichnec	streichnei	4.170331001281738
schmernen	schmern	schmern	schmerne	schmirn	schmernn	schmerch	3.3985626697540283
parbnugen	parbnug	parbnug	parbnuog	parbnuOg	parbnugn	parbnugj	3.149752616882324
prinkeln	prinkle	prinkle	prinkele	prinklexe	pkrinkle	prinkleP	2.9789745807647705
siptromisieren	siptromisier	siptromisier	siptrompisier	siptromisierF	siptromisierj	siptromisierM	5.53822660446167
blusten	bluste	bluste	Fbluste	Ubluste	blusten	blusteM	2.5560224056243896
raustern<UNK>an	raustern	raustern	rausternr	rausterna	rausternie	rausternh	3.9550466537475586
stären	stär	stär	stäre	stärj	stärR	stärQ	1.8357486724853516
befinieren	befinier	befinier	bfefinier	Fbefinier	befàinier	befinierM	3.6496803760528564
koltieren	koltier	koltier	Gkoltier	Dkoltier	Pkoltier	Ükoltier	3.1578116416931152
gluppen	glupp	glupp	Pglupp	gluppj	gluppF	gluppA	2.446329116821289
blürnen	blürn	blürn	blükne	Ublürn	blürne	blürnj	2.137981653213501
erköllen	erköll	erköll	Ferköll	erköllj	erköllF	erköllR	2.6723721027374268
poteten	potete	potete	potitt	potrete	potite	potit	2.5194802284240723
erkließen	erkließ	erkließ	erkließt	erkließx	erkließR	erkließM	2.9740042686462402
gelätten	gelätte	gelätte	Agelätte	Egelätte	gelättei	gelättex	3.2668113708496094
berängen	beräng	beräng	berängn	berängM	berängR	berängj	2.8545913696289062
panatern	panatre	panatre	panatrexe	panatreP	panatren	panatreQ	3.0130202770233154
schwildenninnen	schwildennin	schwildennin	schwildenninn	schwildennine	schwildennina	schwildenninu	5.981888771057129
besprachen<UNK>ab	bespracheniab	bespracheniab	besprachencab	besprachensab	besprachenhab	besprachenbab	7.659179210662842
strähten	strähte	strähte	strähtex	strähtei	strähteM	strähten	2.708688497543335
pflüssen	pflüss	pflüss	pflüsst	pflüssM	pflüssj	pflüssn	2.682082176208496
kamplen	kample	kample	kampl	kamplM	kampln	kamplA	2.737729549407959
stotieren	stotier	stotier	stotierj	stotierM	stotierF	stotierk	2.923989772796631
parben	parb	parb	parbe	paarb	parbj	parbn	1.744222640991211
plotagen	plotag	plotag	plotagn	plotagj	plotagF	plotagM	2.6682016849517822
destachen	destach	destach	destachne	destachj	destachx	destachM	3.3449761867523193
erblachen	erblach	erblach	erblachne	erblacNe	erblache	erblachj	3.8481104373931885
entfleben	entfleb	entfleb	entflbeb	entfleub	entflebj	entflebM	3.345869302749634
burgahlen	burgahl	burgahl	burgahlM	burgahln	burgahle	burgahlR	3.1456315517425537
erlerten	erlerte	erlerte	erlirt	erlirte	erlerten	erlàrte	3.596212387084961
entklacheln	entklachle	entklachle	entklachlexe	entklachre	entklachleP	entklachleO	4.368217945098877
erstrießen<UNK>ab	erstrießeniab	erstrießeniab	erstrießensab	erstrießencab	erstrießenbab	erstrießennab	7.4561381340026855
syppen	sypp	sypp	syppj	syppM	syppA	syppo	1.7965342998504639
betrucken	betruck	betruck	betrucke	betrucQu	betruckt	betruckx	3.500439167022705
rinden<UNK>ker	rindengkre	rindengkre	rindenskre	rindenekre	rindenäkre	rindenikre	5.637800216674805
pragieren	pragier	pragier	pkragier	pragkier	pragierj	pragierM	3.1507091522216797
stönken	stönk	stönk	stönkF	stönkj	stönkM	stönkA	2.0966715812683105
verzühnen	verzühn	verzühn	verzühchne	verzühnt	verzügne	verzühne	3.1175694465637207
erspenken	erspenk	erspenk	erspenke	erspenkn	erspenko	erspenkA	3.00392484664917
strempern	strempre	strempre	stremprexe	strempere	stremple	strempreP	3.433471441268921
gropfen	gropf	gropf	Egropf	Agropf	gropft	gropfj	2.30499267578125
spimmen	spimm	spimm	spimmj	spimmß	spimmo	spimmF	2.5162758827209473
stirfen	stirf	stirf	stiürf	stirff	stirfM	stirfj	2.6957812309265137
besehlen	besehl	besehl	besiehl	besahl	besiehlM	besiehli	3.6229617595672607
spunkten	spunkte	spunkte	spunkten	spunkteM	spunkteß	spunktex	2.926257848739624
krasseln	krassle	krassle	krasslexe	krassre	Pkrassle	krassleP	2.997697353363037
schneifen	schneif	schneif	schneift	schneife	schniff	schneifn	3.3704581260681152
debalisieren	debalisier	debalisier	debalisierM	debalisierj	debalisierF	debalisierR	4.7671027183532715
gritteln	grittle	grittle	grittlexe	grittre	grittele	Egrittle	2.7767443656921387
enttieren	enttier	enttier	enttierj	enttierM	enttierR	enttierF	2.9960005283355713
destauschen	destausch	destausch	destauscde	destauschM	destauschj	destauschi	4.137463092803955
entfrühren	entfrühr	entfrühr	Fentfrühr	entfrührM	entfrührR	entfrührY	3.150973320007324
ergruttern	ergruttre	ergruttre	ergruttrexe	ergruttle	ergruttreP	ergruttreQ	4.0208845138549805
erkarzen	erkarz	erkarz	Ferkarz	erkarzn	erkarzt	erkarze	2.829993724822998
kärnstrieren	kärnstrier	kärnstrier	Gkärnstrier	Dkärnstrier	kärnstrierM	kärnstrierj	4.344846725463867
verschmingen	verschming	verschming	verschmingk	verschmingM	verschmingY	verschmingj	4.621596813201904
sieben<UNK>aus	siebengaus	siebengaus	siebeneaus	siebenvaus	siebenäus	siebenaus	5.536928653717041
klummen	klumm	klumm	Pklumm	Eklumm	Fklumm	klummj	2.516618013381958
gopfern	gopfre	gopfre	gopfreP	gopfreb	gopfrre	gopfrex	2.3969249725341797
schnäufen	schnäuf	schnäuf	schnäuft	schnäufe	schnäufj	schnäufd	2.851468801498413
splirmen	splirm	splirm	splirme	splirmj	splirmR	splirmM	2.8066213130950928
erlühnen	erlühn	erlühn	Ferlühn	Berlühn	erlühne	erlühnj	2.5157558917999268
knanzen	knanz	knanz	Gknanz	Pknanz	Fknanz	Uknanz	2.210278272628784
frönzen	frönz	frönz	fkrönz	frönze	frönzn	frönzj	2.4672913551330566
schüttigen	schüttig	schüttig	schüttigk	schüttigM	schüttigR	schüttigj	3.4960439205169678
erwinkern	erwinkre	erwinkre	werwinkre	erwinkere	erwinkrexe	erwinkreP	3.480738401412964
kürfen	kürf	kürf	Pkürf	Fkürf	Ükürf	kürft	1.6356650590896606
kemichtigen	kemichtig	kemichtig	kemichtigM	kemichtigk	kemichtigR	kemichtigj	4.596630096435547
schlanken<UNK>an	schlankenia	schlankenia	schlankens	schlankenba	schlankenha	schlankena	6.967805862426758
prübeln	prüble	prüble	prüblexe	prübele	prübleP	prübleO	2.330960988998413
belären	belär	belär	Fbelär	Ubelär	beläar	belärj	2.254922389984131
kreittern	kreittre	kreittre	kreittere	Ekreittre	Fkreittre	kreittreP	3.375718355178833
bebenern	bebenre	bebenre	bebrenre	bebenare	bebenrexe	bebanre	3.3371758460998535
schnaffen	schnaff	schnaff	schnafft	schnaffx	schnaffR	schnaffn	2.9273808002471924
gehurken	gehurk	gehurk	gehurke	gehurkR	gehurkj	gehurkt	2.7226815223693848
versonzen	versonz	versonz	vßersonz	versonze	versonzn	versonzR	3.0888984203338623
rochsen<UNK>vorgraufneiten	rochsenivorgraufneite	rochsenivorgraufneite	rochsen-vorgraufneite	rochsenevorgraufneite	rochsengvorgraufneite	rochsenuvorgraufneite	11.317914962768555
verzeißen	verzeiß	verzeiß	verzeiße	Fverzeiß	verzeißt	verzeißn	3.2505903244018555
genteren	genter	genter	gentir	gentr	genteri	gentere	3.0472214221954346
schlüsern	schlüsre	schlüsre	schlüsrexe	schlüsere	schlüsrre	schlüsreP	3.5137131214141846
felten<UNK>an	feltenia	feltenia	feltena	feltenga	feltenie	feltenä	4.7156147956848145
reuspenden	reuspende	reuspende	reuspinde	reuspendei	reuspendeM	reuspendec	3.7715959548950195
belinnen	belinn	belinn	Fbelinn	Ubelinn	belinne	belinnj	3.008443832397461
degesteben	degesteb	degesteb	degestib	degestieb	degestebM	degestebj	4.273401260375977
dristtorieren	dristtorier	dristtorier	dristtorierM	dristtorierj	dristtorierF	dristtorierR	4.564610958099365
verhließen	verhließ	verhließ	verhließt	verhließx	verhließM	verhließR	3.5657687187194824
rompen	romp	romp	kromp	Hromp	Uromp	rompe	2.103473663330078
sprumpfen	sprumpf	sprumpf	sprumpft	sprumpfne	sprumpff	sprumpfM	3.4145772457122803
gropfenten	gropfente	gropfente	Egropfente	gropfante	gropfentei	gropfenteM	3.6533122062683105
prozutieren	prozutier	prozutier	pkrozutier	prozutierM	prozutierj	prozutierR	3.7025270462036133
bebanben	bebanb	bebanb	bbebanb	bebanbe	bebanbj	bebanbn	2.375516414642334
beliten	belite	belite	belitte	beliten	Fbelite	beliteß	2.6026124954223633
beschirchen	beschirch	beschirch	beschirchM	beschirchR	beschirchk	beschirchY	4.180631160736084
verlügen	verlüg	verlüg	verlüge	verlügn	verlügj	verlügM	2.7226216793060303
rühnen	rühn	rühn	rüRhn	rühnj	rühnk	rühnM	2.055016279220581
konspallisieren	konspallisier	konspallisier	Gkonspallisier	Dkonspallisier	Pkonspallisier	konspallisierF	5.204168796539307
rahrungen	rahrung	rahrung	rahrungn	rahrunge	rahrungM	rahrungR	3.6032488346099854
frapsen	fraps	fraps	fkraps	frapst	frapsn	frapsj	2.232349157333374
geläsen	geläs	geläs	Egeläs	geläsj	geläsk	geläsM	2.627609968185425
karkumieren	karkumier	karkumier	Dkarkumier	Ükarkumier	Pkarkumier	karkumierj	4.149724006652832
ruben<UNK>fiss	rubenefiss	rubenefiss	rubenafiss	rubenifiss	rubenffiss	rubensfiss	4.438714027404785
grichten	grichte	grichte	Egrichte	Agrichte	grichten	grichteM	3.428614377975464
verbreisen	verbreis	verbreis	Äverbreis	verbreisn	verbreist	verbreisk	3.2511637210845947
ebersträsen	ebersträs	ebersträs	bebersträs	Kebersträs	ebersträsk	ebersträsi	4.148715496063232
senkalisieren	senkalisier	senkalisier	senkalisierj	senkalisierF	senkalisierM	senkalisierR	4.588947296142578
verkucheln	verkuchle	verkuchle	verkuchlexe	verkuchleP	verkuchleQ	verkuchleD	3.908834218978882
verbangen	verbang	verbang	verbangn	verbange	verbangM	verbangk	3.081388473510742
versichen	versich	versich	versicAh	versichj	versichk	versichR	3.3199353218078613
plonen	plon	plon	pAplon	plons	plonj	plonk	1.8745921850204468
verwurzen	verwurz	verwurz	Äverwurz	véerwurz	verwurzR	verwurzn	3.0012404918670654
klellen<UNK>frem	klellenifrem	klellenifrem	klellenefrem	klellenifre	klellenufrem	klellenäfre	7.929614067077637
steintern	steintre	steintre	steintrexe	steeintre	steintere	steintreP	3.292935371398926
besilden	besilde	besilde	besilden	besildeß	besildec	besildeM	3.200803279876709
galitikalisieren	galitikalisier	galitikalisier	Egalitikalisier	galitikalisiere	galitikalisierF	galitikalisierj	6.231564044952393
blenen	blen	blen	Fblen	blin	blenj	blenF	1.95729660987854
freinen	frein	frein	fkrein	freinj	freink	freinA	2.3393044471740723
beflingen	befling	befling	beflingn	beflingj	beflingM	beflingk	3.215372323989868
schwürten	schwürte	schwürte	schwürten	schwürteM	schwürtex	schwürtei	3.252166271209717
entflügen	entflüg	entflüg	Fentflüg	Kentflüg	wentflüg	entflügM	2.8888096809387207
exteln	extle	extle	extlele	extele	extleQe	extre	2.358553886413574
sädeten	sädete	sädete	sädite	sädeteM	sädeteß	sädetei	2.7463600635528564
feusignieren	feusignier	feusignier	feusignierj	feusignierM	feusignierF	feusignierR	4.486766815185547
debelieren	debelier	debelier	debelierM	debelierj	debelierk	debelierY	3.6447792053222656
erruchsichen	erruchsich	erruchsich	erruchsichj	erruchsichk	erruchsichR	erruchsichM	4.741240501403809
bespenschen	bespensch	bespensch	bespenscLe	bespenschM	bespensche	bespenschR	4.053619384765625
kompeln	komple	komple	kompele	komplexe	kompleQe	kompleP	2.7319107055664062
ritesten	riteste	riteste	ritteste	ritesten	ritesteM	ritestex	3.049504041671753
fegieren	fegier	fegier	fegierj	fegierM	fegierF	fegieri	2.90164852142334
berägen	beräg	beräg	berägj	berägF	berägM	berägk	2.7564797401428223
brochen<UNK>aus	brochengaus	brochengaus	brocheniaus	brochenvaus	brochennaus	brochenkaus	6.896124362945557
entlosen	entlos	entlos	Fentlos	Bentlos	Kentlos	entlosj	2.793027400970459
verklitzen	verklitz	verklitz	verklitze	verklitzM	verklitzn	verklitzt	3.49998140335083
vermittern	vermittre	vermittre	vermittrexe	vermittle	Ävermittre	vermittreP	4.0251145362854
durmoren	durmor	durmor	durmore	durmorj	durmorM	durmorZ	2.6740121841430664
regreien	regrei	regrei	regreij	regreix	regreig	regreiR	3.107269287109375
prärsten	prärste	prärste	pkrärste	prärsteM	prärsten	prärstex	2.9196701049804688
belustern	belustre	belustre	belustare	ubelustre	belustere	belustreP	3.5439517498016357
beschworfen	beschworf	beschworf	beschwörf	beschworfM	beschworff	beschworfR	4.301345348358154
beträssen	beträss	beträss	Fbeträss	Ubeträss	beträsst	beträssM	3.1437511444091797
schwurzungen	schwurzung	schwurzung	schwurzungM	schwurzungR	schwurzungk	schwurzungY	4.395301342010498
pliehen	plieh	plieh	pliehj	pliehM	pliehF	pliehR	2.157320499420166
bewickern	bewickre	bewickre	bewickrere	bewickrexe	bewickrre	bewickreP	3.604508876800537
belahren	belahr	belahr	belahre	belahrn	Fbelahr	belahrj	2.762923002243042
schlänsten	schlänste	schlänste	schlänstte	schlänstei	schlänsteM	schlänstex	3.8199410438537598
verwosten	verwoste	verwoste	verwosten	verwosteM	verwostex	verwostei	3.248800039291382
ergabieren	ergabier	ergabier	ergabfier	ergabierj	ergabierM	ergabierk	3.8067140579223633
deben<UNK>al	debeneale	debengale	debeneale	debenale	debenkale	debenvale	6.957219123840332
verzichen	verzich	verzich	verzichj	verzichMe	verzichk	verzichR	3.2894794940948486
verfechsen	verfechs	verfechs	verfechse	verfechst	verfechsi	verfechsn	3.6556766033172607
entflächren	entflächr	entflächr	entflächrM	entflächre	entflächri	entflächrR	3.892613410949707
bekulzen	bekulz	bekulz	Fbekulz	ubekulz	bekulzt	bekulzR	2.676525831222534
beleuern	beleure	beleure	beleurre	beleuare	beleuüre	beleureP	3.2424068450927734
rögeln	rögle	rögle	röglele	rögele	rögleQe	rögleP	2.206026077270508
verwulzen	verwulz	verwulz	Äverwulz	verwulzR	verwulzt	verwulzn	3.0375118255615234
debieren	debier	debier	debierj	debierM	debiere	debieri	3.073824644088745
sotieren	sotier	sotier	sotierj	sotierM	sotierF	sotierZ	2.470673084259033
glocklonen	glocklon	glocklon	Eglocklon	Aglocklon	glocklonk	glocklonj	3.3601090908050537
vermergen	vermerg	vermerg	vermirg	vermerge	vermergn	vermergM	3.443103551864624
pateten	patete	patete	patitt	patite	patrete	patit	3.2444450855255127
beschlaren	beschlar	beschlar	beschlaar	beschlakr	beschlari	beschlarM	3.558695077896118
vertronen	vertron	vertron	Ävertron	Fvertron	vertroch	vertronj	3.2864577770233154
kreilen	kreil	kreil	Pkreil	Fkreil	Gkreil	kreilj	2.3585832118988037
farktieren	farktier	farktier	farktierM	farktierj	farktierR	farktierk	3.379148006439209
brennstägen	brennstäg	brennstäg	brennstägM	brennstägk	brennstägR	brennstägd	3.698946475982666
kniszen	knisz	knisz	Gknisz	Pknisz	Fknisz	Eknisz	2.286484956741333
exchtichtigen	exchtichtig	exchtichtig	exchtichtigM	exchtichtigk	exchtichtigF	exchtichtigR	4.732538223266602
sangroffern	sangroffre	sangroffre	sangroffle	sangroffreP	sangroffrre	sangroffreQ	4.020596027374268
pridulieren	pridulier	pridulier	pkridulier	pridulierM	pridulierj	pridulierk	4.394496440887451
grifsieren	grifsier	grifsier	Egrifsier	Agrifsier	grifsierM	grifsierj	3.484069347381592
deskundieren	deskundier	deskundier	deskundierM	deskundierj	deskundierR	deskundierF	4.434722900390625
premitieren	premitier	premitier	pkremitier	premitierM	premitierj	premitierR	3.725437641143799
gretten<UNK>aus	grettengaus	grettengaus	grettennaus	gretteneaus	grettenäus	gretteniaus	6.233513832092285
fauchern	fauchre	fauchre	fauchren	fauchreP	fauchrre	fauchreQ	3.2135987281799316
faufschräuben	faufschräub	faufschräub	faufschkräub	faufschräubj	faufschräubc	faufschräubx	4.706803798675537
föden	föde	föde	födeß	födei	födej	födeO	1.7794519662857056
beschipfen	beschipf	beschipf	beschipft	beschipff	beschipfj	beschipfM	3.62369441986084
bewägen	bewäg	bewäg	Fbewäg	bewägj	bewägF	bewägn	2.2074291706085205
erkarrten	erkarrte	erkarrte	erkarrten	erkarrteM	erkarrtei	erkarrtec	3.340277671813965
einfeln	einfle	einfle	einflexe	einfele	einfleP	einfleQ	2.494053363800049
verwürsten	verwürste	verwürste	verwürstei	verwürsteM	verwürsten	verwürstex	3.7754478454589844
glimpfen	glimpf	glimpf	glimpfne	Eglimpf	Aglimpf	glimpft	2.7250633239746094
bebäten	bebäte	bebäte	bbebäte	bebäten	bebätei	bebäteß	2.430223226547241
entfessen	entfess	entfess	Fentfess	entfesst	Bentfess	entfessM	2.419734001159668
knütten	knütte	knütte	Gknütte	Fknütte	Pknütte	knütten	2.5868895053863525
plogieren	plogier	plogier	ploogier	plogierj	plogierM	plogiere	3.053281307220459
verstürfen	verstürf	verstürf	Äverstürf	vßerstürf	verstürff	verstürft	3.528348207473755
begisieren	begisier	begisier	bgegisier	begisierj	begisierM	begisierk	3.944084882736206
schläten	schläte	schläte	schläten	schlätex	schläteM	schläteß	3.072537422180176
entkassen	entkass	entkass	entkasst	Fentkass	Kentkass	entkassj	3.200620174407959
behanden	behande	behande	behanden	behandec	behandeM	behandeß	3.3621482849121094
pararisieren	pararisier	pararisier	pararisierM	pararisierj	pararisierF	pararisiery	4.651309967041016
verbrichten	verbrichte	verbrichte	verbrichtei	verbrichteM	verbrichteß	verbrichtex	4.447448253631592
prütteln	prüttle	prüttle	prüttlexe	prüttre	prüttele	prüttleP	3.1479363441467285
fotrieren	fotrier	fotrier	fotrQier	fotrierj	fotrierM	fotrierk	2.9115679264068604
frepfen	frepf	frepf	fripf	frepfne	frepft	frepff	2.1268227100372314
erreigen	erreig	erreig	Berreig	erreige	erreign	errieg	2.6305856704711914
beschingen	besching	besching	beschingk	beschingM	beschingj	beschingn	4.293932914733887
erfrühen	erfrüh	erfrüh	erfrüch	erfrühM	erfrühR	erfrühj	2.874598503112793
voglenden	voglende	voglende	voglendec	voglenden	voglendeM	voglendeß	3.527628183364868
breben<UNK>an	brebenga	brebenga	brebena	brebensa	brebenä	brebenia	4.187655448913574
flugen	flug	flug	fluög	fluog	flugj	flugM	2.07861590385437
pledieren	pledier	pledier	pledNier	pledierj	pledierM	pledierA	3.0177247524261475
beschneiben	beschneib	beschneib	beschneeib	beschnezib	beschneibM	beschneibk	4.314881324768066
beschwitzeln	beschwitzle	beschwitzle	beschwitzele	beschwitzleDe	beschwitzleQe	beschwitzre	4.108651161193848
serkundigen	serkundig	serkundig	serkundigk	serkundigM	serkundigj	serkundigR	4.281871795654297
eblieden	ebliede	ebliede	eblied	ebliedec	ebliedeM	ebliedeß	3.3560168743133545
verbreistrecken	verbreistreck	verbreistreck	verbreistrick	verbreistrec-k	verbreistrecQk	verbreistrecke	5.646227836608887
beschwegzen	beschwegz	beschwegz	beschwegze	beschwegzn	beschwegzM	beschwegzi	4.270649433135986
kopilieren	kopilier	kopilier	Pkopilier	Dkopilier	Gkopilier	kopilierj	3.817702054977417
beschwimpen	beschwimp	beschwimp	beschwimpj	beschwimpM	beschwimpß	beschwimpk	4.065451622009277
befrumen	befrum	befrum	Fbefrum	befrumj	befrumF	befrumi	2.838779926300049
verlingen	verling	verling	Fverling	verlingn	verlinge	verlingk	3.032573699951172
glitieren	glitier	glitier	Eglitier	Aglitier	glitierj	glitierM	3.097980499267578
sprondieren	sprondier	sprondier	sprondierM	sprondierj	sprondierR	sprondierY	4.0620880126953125
verwingen	verwing	verwing	verwingn	verwingj	verwingM	verwingk	3.355820894241333
krenen	kren	kren	Pkren	Fkren	Dkren	krenj	1.9321444034576416
rensten	renste	renste	rensten	renstee	krenste	rensteM	2.398790121078491
verspronzen	verspronz	verspronz	vperspronz	vßerspronz	verspronze	verspronzM	4.072786808013916
bereigen	bereig	bereig	bereige	bereign	bereigk	bereigj	2.660546064376831
verspeigen	verspeig	verspeig	verspeign	verspieg	verspeigk	verspeige	3.548961639404297
degulieren	degulier	degulier	degulierj	degulierM	degulierk	degulierY	4.088651657104492
suplähren	suplähr	suplähr	suplährM	suplährj	suplähre	suplährR	3.2685928344726562
kronstren	kronstr	kronstr	kronstre	Pkronstr	kkronstr	Gkronstr	3.665088653564453
peigern	peigre	peigre	peigrexe	peigare	peigreP	peigren	2.7113823890686035
versalisieren	versalisier	versalisier	versalisierj	versalisierF	versalisierM	versalisierR	4.592095375061035
verklanden	verklande	verklande	verklanden	verklandei	verklandeM	verklandec	4.152373313903809
entrassen	entrass	entrass	entrasst	Fentrass	Bentrass	Kentrass	3.180776834487915
pildern	pildre	pildre	pildrexe	pildare	pildreP	pildreb	2.764158010482788
stleuden	stleude	stleude	stleudeß	stleuden	stleudeM	stleudex	3.261003017425537
erkoppen	erkopp	erkopp	kerkopp	erkoppj	erkoppA	erkoppe	2.7056286334991455
blapsen	blaps	blaps	Fblaps	Ublaps	blapst	blapsn	2.1219985485076904
berislinieren	berislinier	berislinier	berislfinier	berislinierj	berislinierF	berislinierM	4.919694423675537
schleistigen	schleistig	schleistig	schleistiüg	schleistigk	schleistigM	schleistiog	4.260426998138428
beheisen	beheis	beheis	beheisn	beheide	beheist	beheisk	2.738752603530884
verheiten	verheite	verheite	verheiten	verheiteM	verheiteß	verheitex	3.4518606662750244
entkreuern	entkreure	entkreure	entkreurre	entkreubre	entkkreure	entkreule	3.940723419189453
summensellen	summensell	summensell	summßensell	summenselli	summensellM	summensellF	3.98064923286438
begeiten	begeite	begeite	begeiten	begeiteß	begeiteM	begeitex	3.1883809566497803
koltilieren	koltilier	koltilier	Gkoltilier	Pkoltilier	Dkoltilier	Ükoltilier	4.120284557342529
vermoselen	vermosel	vermosel	vermosele	vermosle	vermosil	vermoselM	4.087801933288574
baufscheiten	baufscheite	baufscheite	baufscheiteM	baufscheiteß	baufscheitei	baufscheiteS	4.342574596405029
beleusten	beleuste	beleuste	Fbeleuste	Ubeleuste	beleusten	beleustei	3.544231414794922
plidsigern	plidsigre	plidsigre	plidsigrexe	plidsigreP	plidsigreQe	plidsigrre	3.9182112216949463
kolosieren	kolosier	kolosier	Pkolosier	Ükolosier	Dkolosier	kolosierj	3.7660372257232666
erstauren	erstaur	erstaur	erstaure	erstaurn	erstaurj	erstaurM	2.965803384780884
kolerilieren	kolerilier	kolerilier	Dkolerilier	Gkolerilier	Ükolerilier	kolerilierM	4.721620559692383
verfohren	verfohr	verfohr	verfohre	verfohrn	verfohrM	verfohrR	3.0073370933532715
sitten<UNK>ein	sittengei	sittengei	sittenie	sittenei	sittenvei	sittengie	5.694971561431885
entrauen	entrau	entrau	Fentrau	Kentrau	Bentrau	entrauj	2.9023170471191406
prätten	prätte	prätte	prätteß	prätten	prättei	prätteM	2.4222495555877686
verspasen	verspas	verspas	verspasn	vßerspas	vperspas	Äverspas	3.4120779037475586
entsonschen	entsonsch	entsonsch	entsonschM	entsonschR	entsonschj	entsonschk	4.163242340087891
erfielen	erfiel	erfiel	Eerfiel	erffiel	erfielj	erfielF	2.6721363067626953
verstrichten	verstrichte	verstrichte	verstrichtei	verstrichteM	verstrichteß	verstrichtex	4.751048564910889
erniesen	ernies	ernies	Fernies	erniest	erniesj	erniesn	3.1169638633728027
dorckeln	dorckle	dorckle	dorckele	dorcklexe	dorckleP	dorckleO	3.066279888153076
erseigen	erseig	erseig	erseige	erseign	erseigk	erseigj	2.914137363433838
versatt	versatte	versatte	versatt	versattre	versattle	versattx	3.4835093021392822
sytaperieren	sytaperier	sytaperier	sytapperier	sytapverier	sytapeärier	sytaperierM	4.351361274719238
breisingen	breising	breising	Fbreising	breisingk	breisingM	breisingn	3.4564833641052246
funten	funte	funte	funten	ffunte	funteM	funteß	2.132272958755493
flutzen	flutz	flutz	flutzn	flutze	flutzi	flutzt	2.1501636505126953
schwarfen	schwarf	schwarf	schwarft	schwärf	schwarff	schwarfM	3.1902036666870117
kopfizen	kopfiz	kopfiz	Pkopfiz	kopffiz	Ükopfiz	Dkopfiz	2.8847999572753906
verleinen	verlein	verlein	verleine	Äverlein	verleinn	verleint	3.2581827640533447
sigkränzen	sigkränz	sigkränz	sigkkränz	sigkränze	sigkränzM	sigkränzl	3.549623727798462
begeißen	begeiß	begeiß	begiss	begeißt	begeiße	begeißx	2.743495225906372
verfesten	verfeste	verfeste	vßerfeste	Äverfeste	verfesten	verfesteM	3.507538318634033
defillen	defill	defill	defillj	defillF	defillM	defillt	2.7862436771392822
sterllen	sterll	sterll	sterllM	sterllF	sterllj	sterle	2.6967310905456543
sigten	sigte	sigte	sigten	sigteM	sigteß	sigteF	2.534581184387207
verwechen	verwech	verwech	verwechne	verwechMe	verwich	verwecZe	3.8860671520233154
klönkigen	klönkig	klönkig	Pklönkig	Gklönkig	Fklönkig	klönkigj	2.7108888626098633
erwaben	erwab	erwab	erwabe	erwabj	erwabn	erwabr	2.192462921142578
stellen<UNK>ab	stelleniab	stelleniab	stellenab	stellenäb	stellenkab	stellensab	6.32241153717041
geschingen	gesching	gesching	Egesching	geschingk	geschingM	geschingn	3.985600709915161
verliedern	verliedre	verliedre	verliedrexe	verliedrre	verliedreP	verliedreb	4.018168926239014
verschmafern	verschmafre	verschmafre	verschmafle	verschmafreP	verschmafrex	verschmafren	4.703470230102539
krobsprechteln	krobsprechtle	krobsprechtle	krobsprechtre	krobsprechtele	krobsprechtleQe	krobsprecPhtle	5.865111827850342
stelben	stelb	stelb	stilb	stelbe	stelbj	stelbi	2.620591878890991
kondieren	kondier	kondier	Gkondier	Dkondier	Fkondier	kondierj	3.1472110748291016
rreiben	rreib	rreib	rrieb	rreibj	rreibe	rreibA	2.070990800857544
gefrichtten	gefrichtte	gefrichtte	gefrichte	gefrichtteM	gefrichttei	gefrichtteß	3.9895551204681396
verfahrnen	verfahrn	verfahrn	verfahrnM	verfahrne	verfahrnR	verfahrnc	3.8200273513793945
reufern	reufre	reufre	reufrexe	reufle	reufere	reufrre	2.6899356842041016
sobeln	soble	soble	sobleQe	soblexe	sobele	sobleP	2.2795348167419434
erstritzten	erstritzte	erstritzte	erstritzteM	erstritzt	erstritztei	erstritzteß	4.063882827758789
breuden	breude	breude	breudeß	breudeM	breudec	breuden	2.7029762268066406
krychkulen	krychkul	krychkul	kkrychkul	krychkulM	krychkule	krychkulj	3.3091583251953125
ergewingen	ergewing	ergewing	ergewingk	ergewingn	ergewingM	ergewingj	3.6870505809783936
regrimieren	regrimier	regrimier	regrimpier	regkrimier	kregrimier	regrimierM	3.8031680583953857
rüssten	rüsste	rüsste	rüssten	rüsstee	rüssteM	rüsstex	2.836153268814087
beleisen	beleis	beleis	belies	beleide	beleisn	beleist	2.8094844818115234
bewarmichen	bewarmich	bewarmich	bewarmichk	bewarmichj	bewarmichM	bewarmichr	3.878040075302124
protrotieren	protrotier	protrotier	pkrotrotier	protrotierM	protrotierj	protrotierR	4.397775650024414
verzalten	verzalte	verzalte	verzalten	Äverzalte	verzaltee	verzalteM	3.5608513355255127
defärnten	defärnte	defärnte	defärntei	Udefärnte	defärnteM	defärntex	3.034841537475586
verflästen	verfläste	verfläste	verflästei	vßerfläste	Äverfläste	verflästex	3.72766375541687
pollamen	pollam	pollam	polam	pollaAm	pollame	pollamj	2.572472333908081
bräben	bräb	bräb	bräbe	bbräb	Ubräb	bräbj	1.8677961826324463
schleuden	schleude	schleude	schleudeM	schleudei	schleudeß	schleudec	3.2913010120391846
verlosseln	verlossle	verlossle	verlossre	verlosslexe	verlossleP	verlossleQ	3.8570377826690674
verblessen	verbless	verbless	vßerbless	verblesst	Äverbless	verblessM	3.4110443592071533
debonieren	debonier	debonier	debonierj	debonierM	debonierk	debonierY	3.5568578243255615
kolpern	kolpre	kolpre	kolprexe	kolpreQe	kolpere	kolpare	2.7726247310638428
vermellern	vermellre	vermellre	vermellrere	vermellrexe	vermllre	vermellreQe	4.174727916717529
reinstimotieren	reinstimotier	reinstimotier	kreinstimotier	reinstfimotier	reinstimotierF	reinstimotierR	5.64842414855957
verteichen	verteich	verteich	verteichne	verteichj	verteichk	verteichM	3.649566650390625
stuldeln	stuldle	stuldle	stuldlexe	stuldele	stuldre	stulldle	3.231653928756714
verschangen	verschang	verschang	verschangk	verschangn	verschangM	verschangj	3.8989505767822266
spelden	spelde	spelde	spelden	speldeM	speldeß	speldec	2.9671597480773926
kenlkern	kenlkre	kenlkre	kenlkrere	kenlkare	kenlkere	Fkenlkre	3.3473904132843018
sitzreisen	sitzreis	sitzreis	sfitzreis	spitzreis	sitzreisn	sitzreisM	3.75057053565979
krechten	krechte	krechte	krechten	krechteM	krechtei	krechtex	2.8308663368225098
beruttern	beruttre	beruttre	beruttrexe	uberuttre	beruttle	beruttreP	3.312865972518921
formtichern	formtichre	formtichre	formtichle	formtichrexe	formtichreP	formtichren	4.08815336227417
verschärken	verschärk	verschärk	verschärkde	verschärke	verschärkR	verschärkM	4.201796054840088
rüfen<UNK>auf	rüfeneauf	rüfeneauf	rüfenvauf	rüfenväuf	rüfeniauf	rüfensauf	5.214848041534424
füßten	füßte	füßte	füßteM	füßtei	füßteß	füßteF	2.11476469039917
dostwelen	dostwel	dostwel	dostwil	dostwelM	dostwelj	dostwelF	2.877209424972534
gocken	gock	gock	gocke	gockF	gockj	gockM	2.359105110168457
verzäusen	verzäus	verzäus	vßerzäus	Äverzäus	veärzäus	verzäust	3.1871256828308105
grannwaben	grannwab	grannwab	Agrannwab	grannwabj	grannwabe	grannwabk	3.4066338539123535
flirden	flirde	flirde	flirrde	flirden	flirdKe	flirdeß	2.515855550765991
gratstern	gratstre	gratstre	gratstrexe	gratstreP	gratstreQ	gratstreb	3.4358417987823486
bekorrieren	bekorrier	bekorrier	Fbekorrier	bekorrierM	bekorrierj	bekorrierY	3.9261715412139893
defruhieren	defruhier	defruhier	defruhierM	defruhierj	defruhierY	defruhierF	4.167766094207764
stäufen	stäuf	stäuf	Gstäuf	Zstäuf	Rstäuf	stäufj	2.506000280380249
verschaten	verschate	verschate	verschatte	verschaten	verschatei	verschateM	4.196610450744629
fruden	frude	frude	fkrude	fruöde	fruden	frudeß	2.32234787940979
kochaufreitigen	kochaufreitig	kochaufreitig	Gkochaufreitig	Ükochaufreitig	Dkochaufreitig	kochaufreitigk	5.412554740905762
verstaufen	verstauf	verstauf	Kverstauf	Äverstauf	vßerstauf	verstauff	3.6991851329803467
dorrabomitieren	dorrabomitier	dorrabomitier	dorabomitier	dorrabomitierF	dorrabomitierR	dorrabomitierj	5.419925689697266
rändschlocken	rändschlock	rändschlock	rändschloc-k	rändschlockF	rändschlockR	rändschlockM	4.717090129852295
stittern	stittre	stittre	stittrexe	stittare	stittle	stittreP	3.120271921157837
depilgen	depilg	depilg	depilgn	depilge	depilgM	depilgj	2.8936607837677
breinen	brein	brein	bkrein	Fbrein	Ubrein	breinj	2.339212417602539
gelicken	gelick	gelick	Egelick	gelicke	gelickA	gelickj	2.723759651184082
gleiben	gleib	gleib	Egleib	Agleib	gleibj	gleibe	2.5211782455444336
bekeinen	bekein	bekein	bekeinj	bekeine	bekeich	bekeink	2.698728084564209
korpfrungen	korpfrung	korpfrung	Ükorpfrung	korpfrungM	korpfrungR	korpfrungk	3.9903228282928467
vertanden	vertande	vertande	vertanden	vertandeM	vertandei	vertandec	3.5224592685699463
verschleiten	verschleite	verschleite	verschleiteM	verschleiteß	verschleiteS	verschleitei	4.576134204864502
erfrören	erfrör	erfrör	Ferfrör	Eerfrör	erfröre	erfrörj	2.4704933166503906
krären<UNK>am	kräreniam	kräreniam	krärenam	krärenäm	krärenbam	krärensam	6.179868221282959
verminglossen	vermingloss	vermingloss	verminglosst	verminglossi	verminglosso	verminglossM	5.072697639465332
krinken	krink	krink	kkrink	Pkrink	Fkrink	krinke	2.644930839538574
gewingen	gewing	gewing	Egewing	gewingn	gewingj	gewingM	2.755913257598877
strungen	strung	strung	strungn	strungM	strungR	strungj	2.389249086380005
beweissen	beweiss	beweiss	Fbeweiss	beweisst	bewiess	beweissM	2.7950446605682373
eingern	eingre	eingre	eingrexe	eingare	Beingre	eingreP	2.560410499572754
gläuen	gläu	gläu	Agläu	Egläu	gläuj	gläuk	1.7616335153579712
fonsen	fons	fons	fonte	fonst	fonsn	fonse	1.8218916654586792
ersandeln	ersandle	ersandle	ersandlexe	ersandre	ersandleP	ersandleO	3.666011333465576
vermackern	vermackre	vermackre	vermackrexe	vermackreP	vermackreQ	vermackreb	3.99216628074646
verleumen	verleum	verleum	Äverleum	verleume	verleumj	verleumn	3.2197985649108887
belärten	belärte	belärte	Fbelärte	Ubelärte	belärten	belärtex	3.484907388687134
kreuten	kreute	kreute	Pkreute	Gkreute	Vkreute	Fkreute	2.5678322315216064
kopbestizieren	kopbestizier	kopbestizier	Pkopbestizier	Ükopbestizier	kopbestizierF	kopbestizierj	5.347857475280762
geblüben	geblüb	geblüb	Egeblüb	geblübj	geblübt	geblübe	2.6224818229675293
extamen	extam	extam	Uextam	Bextam	extami	extamj	2.1029319763183594
dulchelln	dulchlle	dulchlle	dulchelle	dulchll	dulchlleP	dulchlleß	3.185563802719116
belängen	beläng	beläng	Fbeläng	belängn	belängj	belängM	2.5603413581848145
pontieren	pontier	pontier	pontiier	pontierj	pontierM	pontierk	3.223141670227051
desodieren	desodier	desodier	desodierM	desodierj	desodierk	desodierY	3.695700168609619
kneckten	kneckte	kneckte	Gkneckte	Fkneckte	knecktAe	knecktei	2.9961469173431396
bewüsgen	bewüsg	bewüsg	bewüsQg	bewüsgM	bewüsgß	bewüsgn	2.8145852088928223
ersenen	ersen	ersen	ersin	Bersen	Fersen	ersene	2.0888285636901855
kräufern	kräufre	kräufre	kräufere	kkräufre	kräufle	Pkräufre	3.057770252227783
bleunen	bleun	bleun	ubleun	Fbleun	Ubleun	bleunj	2.5253138542175293
verwäumen	verwäum	verwäum	Fverwäum	verwäumj	verwäumR	verwäumM	3.182157278060913
expfeigen	expfeig	expfeig	expfieg	expfeign	expfeigk	expfeigM	3.011064052581787
klinzen	klinz	klinz	Pklinz	Eklinz	Fklinz	klinze	2.09631609916687
behühnen	behühn	behühn	behühchne	behühne	behühJn	behühnj	2.322230100631714
fuckern	fuckre	fuckre	fuckreP	fuckreQ	fuckrre	fuckreb	2.526010513305664
empfrondeln	empfrondle	empfrondle	empfrondlexe	empfrondleRe	empfrondleQe	empfrondre	4.284962177276611
deginieren	deginier	deginier	deginierj	deginierM	deginierk	deginierY	3.5787770748138428
freichern	freichre	freichre	freichrre	freichreP	freichren	freichreQ	3.6942408084869385
bespiehen	bespieh	bespieh	Fbespieh	bespiehj	bespiehM	bespiehx	3.5189390182495117
fäuchen	fäuch	fäuch	fäucLe	fäuchj	fäuchM	fäuchR	1.9267159700393677
verspellen	verspell	verspell	verspellM	verspellk	verspelln	verspellj	3.668672561645508
kontrostieren	kontrostier	kontrostier	Gkontrostier	Ükontrostier	Dkontrostier	kontrostierM	4.728360652923584
steiben	steib	steib	stieb	steeib	steibj	steibe	2.418529987335205
kroben<UNK>aus	krobengaus	krobengaus	krobeneaus	krobenaaus	krobenvaus	krobenäus	5.461022853851318
pentrorunern	pentrorunre	pentrorunre	pentrorunere	pentrorunreP	pentrorunle	pentrorunren	5.019546985626221
befehren	befiehr	befiehr	befehr	befahr	befinr	befiehrM	3.5599162578582764
stilbsalisieren	stilbsalisier	stilbsalisier	Gstilbsalisier	stilbsalisierF	stilbsalisierj	stilbsalisierR	6.138673782348633
schlassen	schlass	schlass	schlasst	schlassM	schlassn	schlassj	3.247523069381714
verschmeißen	verschmeiß	verschmeiß	verschmiss	verschmeißt	verschmeißR	verschmeißk	4.437577247619629
knasuchen	knasuch	knasuch	knasuchne	knasucüe	knasuchj	knasuchx	3.3703434467315674
rationern	rationre	rationre	rationrre	rationere	rationare	rationren	3.429946184158325
diftrichern	diftrichre	diftrichre	diftrichreDe	diftrichere	diftrichle	diftrichreQe	4.007521152496338
dreuren	dreur	dreur	Vdreur	dkreur	dreurj	dreure	2.402550458908081
erfurnen	erfurn	erfurn	Ferfurn	Berfurn	erfurne	erfurnn	2.5333261489868164
betänden	betände	betände	betänd	betändex	betändei	betändeM	3.092247724533081
schwühlen	schwühl	schwühl	schwühlM	schwühli	schwühlR	schwühlj	3.372358560562134
bauben	baub	baub	ubaub	Ubaub	Fbaub	baubj	1.9611419439315796
versedigonisieren	versedigonisier	versedigonisier	versedigonisierj	versedigonisierF	versedigonisierM	versedigonisierR	6.252572536468506
könicien	könicie	könicie	Gkönicie	Pkönicie	Dkönicie	könicieß	3.13753080368042
beschwärken	beschwärk	beschwärk	beschwärkde	beschwärke	beschwärkR	beschwärkM	4.027013778686523
bebreinen	bebrein	bebrein	bebreine	bebreink	bebreint	bebreinj	3.242475748062134
sprüpen	sprüp	sprüp	sprüpe	sprüpj	sprüpA	sprüpM	2.178072452545166
geschlangen	geschlang	geschlang	Egeschlang	geschlangk	geschlangM	geschlangj	3.9823765754699707
sprüpfen	sprüpf	sprüpf	sprüpft	sprüpfne	sprüpfM	sprüpfj	2.6486635208129883
erligen	erlig	erlig	Berlig	Ferlig	erligj	erligk	2.2374629974365234
banakulieren	banakulier	banakulier	banakulierM	banakulierj	banakulierY	banakulierR	4.501543045043945
bewürden	bewürde	bewürde	bewürrde	bewürdec	bewürden	bewürdeM	2.742312431335449
verlinzen	verlinz	verlinz	veärlinz	Fverlinz	verlinze	verlinzR	2.806814193725586
verkeinen	verkein	verkein	verkeine	verkeich	verkeink	verkeint	3.1048190593719482
fluppfen	fluppf	fluppf	flupf	fluppfne	fluppft	fluppfM	2.9676177501678467
rendten<UNK>an	rendtena	rendtena	rendtenia	rendteng	rendtenä	rendtens	6.27164363861084
begeln	begle	begle	begleDe	begleQe	begleP	begleO	2.4075357913970947
verzungen	verzung	verzung	verzunge	vßerzung	verzungn	verzungM	3.3574352264404297
blucken	bluck	bluck	blucke	bluckF	bluckj	blucLe	2.683738946914673
stratulieren	stratulier	stratulier	stratullier	stratulierM	stratulierj	stratulierR	4.042961120605469
erstaten	erstate	erstate	erstaten	erstateM	erstateß	erstateS	2.679466724395752
verkammen	verkamm	verkamm	verkammt	verkammß	verkammj	verkammc	3.062669515609741
vertichen	vertich	vertich	vertichMe	vertichj	vertichk	vertichR	3.133845329284668
sattropieren	sattropier	sattropier	sattroppier	sattropierM	sattropierj	sattropierF	4.092073440551758
befuleln	befulle	befulle	befullexe	befulre	befullre	befule	3.1836631298065186
rähnen	rähn	rähn	räqne	rähnj	rähnk	rähnF	1.9953324794769287
steulen	steul	steul	steulF	steulj	steuln	steulM	2.3506522178649902
podolieren	podolier	podolier	podolierM	podolierj	podolierk	podolierY	3.5329997539520264
petieren	petier	petier	pwetier	petierj	petierM	petierF	2.567793130874634
frannen	frann	frann	fracne	frannj	frannt	frannF	2.118339776992798
schieffern	schieffre	schieffre	schieffreP	schieffreQ	schieffreb	schieffle	3.818985939025879
befageln	befagle	befagle	befägle	befiegle	befaglexe	befagleP	3.283538341522217
sträufen	sträuf	sträuf	Gsträuf	sträuft	sträufj	sträuff	2.548632860183716
kneudern	kneudre	kneudre	kneudrexe	kneudare	kneudreP	kneudreb	3.3444371223449707
bügern	bügre	bügre	bügrexe	bügreQe	bügare	bügle	2.4621007442474365
pahlungieren	pahlungier	pahlungier	pahlungierM	pahlungierj	pahlungierR	pahlungierF	4.930026054382324
dochnunken	dochnunk	dochnunk	dochnunke	dochnunkn	dochnunkS	dochnunkM	3.3644797801971436
konterrikerieren	konterrikerier	konterrikerier	konterrikerierF	konterrikerierR	konterrikerierj	konterrikerierM	5.83797025680542
behitzen	behitz	behitz	behitze	behitzn	behitzi	behitzZ	2.862915277481079
purkrachten	purkrachte	purkrachte	purkkrachte	purkrachteM	purkrachtei	purkrachteß	4.3561625480651855
staberen	staber	staber	stabre	stabir	stabr	stabri	3.4707412719726562
klarken	klark	klark	klaark	Pklark	Fklark	klarke	2.412870168685913
stüsten	stüste	stüste	stüsten	stüsteM	stüstex	stüsteß	2.5002174377441406
fusgen	fusg	fusg	fusgF	fusgM	fusgR	fusgn	1.8905357122421265
dustieren	dustier	dustier	Udustier	dustierj	dustierM	dustierR	2.7082035541534424
endlaubigten	endlaubigte	endlaubigte	endlaubfigte	endlaubigtei	endlaubigteM	endlaubigteß	4.802107810974121
pricodern	pricodre	pricodre	pricodrexe	pricodrre	pricodren	pricodreP	3.660505771636963
sichuchten	sichuchte	sichuchte	sichuchtei	sichuchteM	sichuchteß	sichuchtex	4.2043867111206055
rehren<UNK>ein	rehrengei	rehrengei	rehrenie	rehrensei	rehrengezei	rehrengie	5.567649841308594
paralisieren	paralisier	paralisier	paralisierM	paralisierj	paralisierF	paralisiery	4.285373687744141
fostrungieren	fostrungier	fostrungier	fostrungkier	fostrungierM	fostrungierF	fostrungierj	4.3083600997924805
dippagieren	dippagier	dippagier	dippagierM	dippagierj	dippagierY	dippagierk	4.164913177490234
sprauen	sprau	sprau	sprauj	sprauR	sprauk	spraut	2.3237624168395996
sperieren	sperier	sperier	sperQier	sperierj	sperierM	sperierk	3.3663346767425537
rabigen	rabig	rabig	rabigj	rabign	rabigk	rabigM	2.4383599758148193
beberweißen	beberweiß	beberweiß	beberwezeiß	beberweißt	beberweißM	beberweißk	4.178323268890381
befeunigen	befeunig	befeunig	befeunide	Fbefeunig	befeunigM	befeunigk	4.060160160064697
freugen	freug	freug	freuog	freugj	freugM	freugF	2.4567933082580566
verbrecken	verbreck	verbreck	verbrecke	verbreckr	verbreckn	verbreckt	4.085076332092285
bildigen	bildig	bildig	bildièg	bildiüg	bildige	bildigj	2.886793851852417
büteten	bütete	bütete	bütrete	bütitt	bütte	büteteM	2.4324722290039062
sechteißen	sechteiß	sechteiß	sechteißt	sechtiss	sechteißn	sechteißk	3.4597489833831787
blupfen	blupf	blupf	Fblupf	Ublupf	blupft	blupfj	2.1332764625549316
rapopieren	rapopier	rapopier	rapopàier	rapopierj	rapopierM	rapopierk	3.7707653045654297
prapieren	prapier	prapier	pkrapier	prapierj	prapierM	prapiere	3.0241153240203857
verschwößen	verschwöß	verschwöß	verschwöss	verschwößM	verschwößk	verschwößR	3.935091495513916
beschlätzen	beschlätz	beschlätz	beschlätze	beschlätzi	beschlätzn	beschlätzM	4.055619716644287
beregeln	beregle	beregle	bereglexe	berregle	beregele	beregleP	3.3627593517303467
verländen	verlände	verlände	verländ	verländex	verländeß	verländer	3.7551655769348145
konrientieren	konrientier	konrientier	Gkonrientier	Dkonrientier	Pkonrientier	Ükonrientier	5.214085578918457
verwicken	verwick	verwick	verwickne	verwicke	verwicQck	verwickA	3.1633405685424805
besträufen	besträuf	besträuf	Fbesträuf	Ubesträuf	besträufe	besträufx	3.0657570362091064
beblüngen	beblüng	beblüng	beblüngM	beblüngk	beblüngj	beblüngn	3.3247673511505127
blauchern	blauchre	blauchre	blauchrexe	blauchrre	blauchren	blauchreP	3.8513786792755127
ernägen	ernäg	ernäg	Fernäg	Bernäg	eärnäg	ernägj	2.1897778511047363
ergrappen	ergrapp	ergrapp	ergrappj	ergrappA	ergrappn	ergrappc	3.195730209350586
berengnen	berengne	berengne	berengnec	berengnte	berengnet	berengneß	3.7116200923919678
behießen	behieß	behieß	behiieß	behießt	behießx	behießM	2.9158854484558105
särfen	särf	särf	särfe	särfj	särfM	särfF	1.7463105916976929
kuchen<UNK>ach	kuchengach	kuchengach	kucheniach	kucheneach	kuchenach	kuchenvach	6.165832042694092
destonden	destonde	destonde	destonden	destondeM	destondei	destondec	3.456599712371826
bünneln	bünnle	bünnle	bünnlexe	bünnleP	bünnleO	bünnleQ	2.816138744354248
kauratieren	kauratier	kauratier	Dkauratier	Ükauratier	Gkauratier	Pkauratier	3.5991711616516113
erleißen	erleiß	erleiß	erliss	erleißt	erleiße	erleißR	2.5710976123809814
verschlecken	verschleck	verschleck	verschleckM	verschlecko	verschleckR	verschleckF	4.6861724853515625
krappern	krappre	krappre	krappere	Pkrappre	Ekrappre	krappreP	2.9114725589752197
pocolelisieren	pocolelisier	pocolelisier	pocolelisierF	pocolelisierj	pocolelisierR	pocolelisierM	5.429344177246094
besähren	besähr	besähr	Fbesähr	besährj	besährn	besähre	2.722991943359375
deflögen	deflög	deflög	deflögM	deflöge	deflögj	deflögF	2.664686441421509
boligen	bolig	bolig	bolide	Fbolig	boligj	boligF	2.362943172454834
expieren	expier	expier	Bexpier	Mexpier	expierj	expierM	2.9216079711914062
beleucken	beleuck	beleuck	beleucke	beleuckne	beleuckt	beleuckx	3.1051084995269775
vermörgen	vermörg	vermörg	vermörge	vermörgn	vermörgM	vermörgR	3.3558576107025146
sprunkten	sprunkte	sprunkte	sprunktei	sprunkten	sprunkteM	sprunkteß	3.8931772708892822
färgen	färg	färg	färge	färgR	färgF	färgj	1.9771792888641357
schweiten	schweite	schweite	schweiten	schweiteM	schweiteß	schweitex	3.7963218688964844
steiden<UNK>ferdron	steideniferdro	steideniferdro	steidengferdro	steidenuferdro	steideneferdro	steiden-ferdro	8.147067070007324
kümpen	kümp	kümp	Gkümp	Pkümp	Mkümp	kümpj	1.9687042236328125
sopfizieren	sopfizier	sopfizier	sopffizier	sopfizierM	sopfizierj	sopfizierY	3.5116374492645264
versänknen	versänkne	versänkne	versänkn	versänkneM	versänkneß	versänknej	3.9697628021240234
grählen	grähl	grähl	Egrähl	Agrähl	grählj	grählF	1.9804742336273193
vertetzen	vertetz	vertetz	vertetze	vertetzn	vertetzi	vertetzM	3.2341268062591553
verleigen	verleig	verleig	verleige	verleign	verleigk	verlieg	3.3995440006256104
selden<UNK>wan	seldengwa	seldengwa	seldeniwa	seldenewa	seldenäwa	seldenawa	5.516629219055176
verhankern	verhankre	verhankre	verhankrexe	verhankrre	verhankreP	verhankreb	4.2249064445495605
behuckern	behuckre	behuckre	behuckrexe	behuckreP	behuckrre	behuckreQ	3.421374559402466
blusseln	blussle	blussle	Fblussle	blussre	Ublussle	blussleP	3.11655330657959
kramphorieren	kramphorier	kramphorier	kkramphorier	Gkramphorier	Ükramphorier	kramphorierM	5.085402488708496
schiffisieren	schiffisier	schiffisier	schifffisier	schiffisierj	schiffisierM	schiffisierF	5.04090690612793
verwüssen	verwüss	verwüss	verwüsst	Äverwüss	verwüssM	verwüssk	3.2827277183532715
stünkten	stünkte	stünkte	stünkten	stünkteM	stünktei	stünkteß	3.067751169204712
dehittern	dehittre	dehittre	dehittrexe	dehittreP	dehittrre	dehittreb	3.0784525871276855
froten	frote	frote	fkrote	froten	froteM	froteß	2.035778045654297
facken<UNK>dor	fackengdre	fackengdre	fackengdore	fackenidre	fackenedore	fackensdre	6.027456283569336
verlüffen	verlüff	verlüff	verlüfft	Äverlüff	verlüffx	verlüffM	3.0939717292785645
kanspolieren	kanspolier	kanspolier	Gkanspolier	Pkanspolier	Ükanspolier	Dkanspolier	4.3314337730407715
gröppen	gröpp	gröpp	gröppj	gröppA	gröppF	gröppo	2.0836169719696045
pordrationieren	pordrationier	pordrationier	pordrationierF	pordrationierj	pordrationierR	pordrationierM	5.892779350280762
gesilligen	gesillig	gesillig	Egesillig	gesilligM	gesilligk	gesilligj	3.5270440578460693
kossanen	kossan	kossan	kossant	kossane	kossach	kossanj	2.477951765060425
bewürdern	bewürdre	bewürdre	bewürdrexe	bewürdrre	bewürdare	bewürdle	3.3560984134674072
spellern	spellre	spellre	spellrere	spellrre	spellere	spellare	3.3141674995422363
vertroffern	vertroffre	vertroffre	vertroffle	Ävertroffre	vertroffere	vertroffreP	3.850273370742798
verbländen	verblände	verblände	verbländ	verbländei	verbländer	verbländex	4.207958698272705
verschleichen	verschleich	verschleich	verschleichk	verschleichj	verschleichF	verschleichR	4.777221202850342
dinken	dink	dink	dinke	dinkF	dinkj	dinkM	1.8665152788162231
kronieren	kronier	kronier	Pkronier	Dkronier	Fkronier	Gkronier	2.807640314102173
verspärsen	verspärs	verspärs	vperspärs	vßerspärs	Äverspärs	verspärsM	3.496713161468506
pircheten	pirchete	pirchete	pirchitt	pirchette	pircheten	pircheteM	3.5483646392822266
sogieren	sogier	sogier	sogierj	sogierM	sogierF	sogiere	2.5609121322631836
prärbulieren	prärbulier	prärbulier	prärbulierM	prärbulierj	prärbulierY	prärbulierR	4.2764892578125
pripfen	pripf	pripf	pkripf	pripft	pripfj	pripfM	2.3385233879089355
gerrängen	gerräng	gerräng	Egerräng	gerrängn	gerrängk	gerrängR	3.1807682514190674
sotetieren	sotetier	sotetier	sotetiier	sottetier	sotetvier	sotetierM	3.354797124862671
prostonieren	prostonier	prostonier	pkrostonier	prostonvier	prostonierM	prostonierj	3.8304455280303955
flonsließen	flonsließ	flonsließ	flonslfieß	flonslvieß	flonsließM	flonsließt	3.6305620670318604
riffinieren	riffinier	riffinier	rifffinier	riffNinier	riffinierM	riffinierj	3.799002170562744
erwüchen	erwüch	erwüch	erwüchne	erwüchj	erwüchR	erwüchM	2.668849229812622
verflühen	verflüh	verflüh	Äverflüh	vßerflüh	verflühM	verflühj	3.377047300338745
bomogern	bomogre	bomogre	bomogrexe	bomogare	bomogren	bomogrre	2.605607032775879
pittrahieren	pittrahier	pittrahier	pittrahierj	pittrahierM	pittrahierF	pittrahierY	4.2507171630859375
dastieren	dastier	dastier	Udastier	dastNier	dastierM	dastierj	3.145569324493408
perinieren	perinier	perinier	perinierj	perinierM	perinierk	perinierY	3.642071485519409
ditettrogen	ditettrog	ditettrog	ditettroog	ditettrogM	ditettrogk	ditettrogF	3.8882710933685303
bestoten	bestote	bestote	bestoten	bestoteM	bestoteß	bestotex	3.032792091369629
bewöhnen	bewöhn	bewöhn	bewöhchne	Fbewöhn	bewögne	bewöhnj	2.685255527496338
statten<UNK>ab	statteniab	statteniab	stattenab	stattenäb	stattengab	stattensab	7.085604190826416
rändigen	rändig	rändig	krändig	rändeig	rändige	rändign	2.8587112426757812
gefahnen	gefahn	gefahn	gefiehn	gefahnn	gefahne	gefahnj	3.025205135345459
schwieden	schwiede	schwiede	schwiedei	schwieden	schwiedeM	schwiedec	3.392659902572632
riesten	rieste	rieste	krieste	riesten	Urieste	riestee	2.4905428886413574
pfodern	pfodre	pfodre	pfodrexe	pfodreQe	pfodare	pfodreP	2.593360424041748
verstreinen	verstrein	verstrein	vßerstrein	verstreink	verstrien	verstreinj	3.6241750717163086
klotperren	klotperr	klotperr	klotperre	klotperrn	klotperrM	klotperri	3.464641809463501
erbrongen<UNK>her	erbrongenehre	erbrongenehre	erbrongenchre	erbrongenähre	erbrongenihre	erbrongenöhre	7.863446235656738
stingen	sting	sting	stingj	stingM	stingF	stingk	2.105583667755127
krinsten	krinste	krinste	Gkrinste	Pkrinste	kkrinste	krinsten	3.0967860221862793
belegen<UNK>an	belegenga	belegenga	belegena	belegenä	belegenia	belegengaMb	4.568946838378906
krinden<UNK>aus	krindengaus	krindengaus	krindeniaus	krindennaus	krindenvaus	krindenäus	7.597238540649414
verteisen	verteis	verteis	Äverteis	verteisn	verteist	verteisk	3.1436591148376465
genaurigen	genaurig	genaurig	Egenaurig	Agenaurig	genaurigM	genaurigk	3.765131950378418
konstrasieren	konstrasier	konstrasier	Gkonstrasier	Ükonstrasier	Dkonstrasier	konstrasierj	5.202946662902832
erleiten	erleite	erleite	Berleite	erleiten	erleiteß	erleiteM	2.888545513153076
führen<UNK>fer	führenifre	führenifre	führengre	führenefre	führenafre	führenbfre	6.108775615692139
pragen<UNK>wor	pragengwore	pragengwore	pragengwor	pragengworre	pragenewore	prageniwore	5.29628324508667
pechtichen	pechtich	pechtich	pechtichM	pechtichk	pechtichj	pechtichR	3.7939958572387695
entlüsten	entlüste	entlüste	Fentlüste	wentlüste	Kentlüste	entlüstei	3.2327418327331543
krutsen	kruts	kruts	Pkruts	Fkruts	Vkruts	Dkruts	2.3392159938812256
sitionieren	sitionier	sitionier	spitionier	sitdionier	sfitionier	sitionierj	4.366110324859619
behaten	behate	behate	behaten	behatte	behatee	behateM	2.91405987739563
ernugsteligen	ernugstelig	ernugstelig	Fernugstelig	ernugsteligM	ernugsteligk	ernugsteligF	4.52760648727417
rottieren	rottier	rottier	rottNier	rottierj	rottierM	rottierR	3.1262660026550293
ergrissen	ergriss	ergriss	ergrisst	ergrissM	ergrissR	ergrissj	3.2335259914398193
errapss	errapss	errapss	erraps	errapse	errapst	errapsn	3.2715916633605957
ditsallisieren	ditsallisier	ditsallisier	ditsallisieAr	ditsallisierF	ditsallisierj	ditsallisierR	5.0552144050598145
debrechen	debrich	debrich	debrech	debrichi	debrichM	debrichj	3.495173454284668
verschliehen<UNK>aus	verschliehensaus	verschliehensaus	verschliehenbaus	verschliehenwaus	verschliehentaus	verschliehenmaus	8.464031219482422
verstrehen	verstrieh	verstrieh	verstreh	verstrim	verstriehM	verstrif	4.194368839263916
prozieren	prozier	prozier	pkrozier	proziere	prozierj	prozierM	3.2874464988708496
bewillen	bewill	bewill	Fbewill	bewillj	bewilli	bewillk	3.1563639640808105
küllen	küll	küll	Pküll	Gküll	küllj	küllF	1.783997654914856
schnanttern	schnanttre	schnanttre	schnanttreDe	schnanttreP	schnanttle	schnantre	4.27020788192749
grässen	gräss	gräss	grässt	grässj	grässM	grässß	2.1482651233673096
entripteln	entriptle	entriptle	entriptre	entriptlexe	entriptleRe	Fentriptle	4.089412212371826
käpfen	käpf	käpf	Gkäpf	Pkäpf	käpft	käpfj	1.6578218936920166
schnehlen	schniml	schniml	schniehl	schnehl	schnichl	schnihl	5.027446746826172
schlulgern	schlulgre	schlulgre	schlulgrexe	schlulgrre	schlulgreP	schlulgren	3.91532039642334
sabilisieren	sabilisier	sabilisier	sabilfisier	sabilisierM	sabilisierj	sabilisierF	4.504266738891602
knuttalisieren	knuttalisier	knuttalisier	knuttallisier	knuttalisierF	knuttalisierj	knuttalisierR	5.261557102203369
korrotieren	korrotier	korrotier	korrotierM	korrotierj	korrotierR	korrotierk	3.9773571491241455
bebeungen	bebeung	bebeung	bebeungn	bebeungM	bebeungk	bebeungj	3.1480205059051514
entmechten	entmecht	entmecht	entmechte	entmechtt	entmechtte	entmechtn	4.964113712310791
firkeln	firkle	firkle	firkele	ffirkle	firkleP	firkleQ	2.8722548484802246
butschern	butschre	butschre	butschrexe	butschare	butschren	butschreP	3.7471485137939453
prasoren	prasor	prasor	pkrasor	prasore	prasorj	prasorM	2.851276397705078
schleigen	schleig	schleig	schleign	schleigk	schleigj	schleigM	3.5943307876586914
stütten	stütte	stütte	stütteM	stüttei	stütten	stütteß	2.5953667163848877
verstorten	verstorte	verstorte	vßerstorte	Äverstorte	verstorten	verstortei	3.971167802810669
einsproten	einsprote	einsprote	einsprotte	einsproten	einsprotei	einsproteM	3.8157732486724854
exisern	exisre	exisre	exisrexe	exisrre	exisreP	exisreb	2.4618189334869385
stöfffauern	stöfffaure	stöfffaure	stöffaure	stöffraure	stöfflaure	stöffwaure	3.990112543106079
flachnen	flachne	flachne	flachnec	flachneß	flachnex	flachnet	2.7637672424316406
spernen	spern	spern	spekne	sperne	spernj	spernF	2.46765398979187
braupern	braupre	braupre	ubraupre	braupere	braupreP	braupren	3.0088982582092285
entwähren	entwähr	entwähr	hentwähr	Fentwähr	entwährM	entwährj	2.973705291748047
pesieren	pesier	pesier	pesierj	pesierM	pesierF	pesierA	3.039322853088379
versogne	versogne	versogne	versognen	versogneM	versogneß	versognec	3.554206132888794
behraben	behrab	behrab	behrabe	behrabj	behrabn	behrabr	2.9708383083343506
verzasten	verzaste	verzaste	Äverzaste	verzasten	verzasteM	verzastei	3.372131586074829
dekilieren	dekilier	dekilier	dekilierj	dekilierM	dekilierk	dekilierY	3.8381006717681885
schülten	schülte	schülte	schülten	schültex	schülteM	schülteß	2.955134391784668
bekänden	bekände	bekände	bekändex	bekändeß	bekändeM	bekändei	3.1806368827819824
einerraschtieren	einerraschtier	einerraschtier	einerrascEhtier	einerraschtiere	einerraschtierr	einerraschtierF	5.945749282836914
dekinieren	dekinier	dekinier	dekinierj	dekinierM	dekinierk	dekinierY	3.4597086906433105
verstordern	verstordre	verstordre	verstordle	verstordrexe	verstordrre	verstordreP	4.46925687789917
pretturen	prettur	prettur	pretture	pretturi	pretturM	pretturn	3.204862356185913
rikzonisieren	rikzonisier	rikzonisier	krikzonisier	rikzonisierj	rikzonisierM	rikzonisierF	4.8539042472839355
freinichtigen	freinichtig	freinichtig	freinichtigM	freinichtigk	freinichtigF	freinichtigR	4.78577995300293
ermättern	ermättre	ermättre	ermättrexe	ermättle	Fermättre	Bermättre	3.1406569480895996
erschläschen	erschläsch	erschläsch	erschlässch	erschläschj	erschläschM	erschläschk	4.910409450531006
verhällen	verhäll	verhäll	verhällj	verhällM	verhällR	verhällk	3.0266330242156982
dekrumitieren	dekrumitier	dekrumitier	dekrumfitier	dekrumitierj	dekrumitierF	dekrumitierM	4.50365686416626
plämpeln	plämple	plämple	plämplexe	plämpre	plämpele	plämpleP	2.919311761856079
verbragen	verbrag	verbrag	verbrage	verbragn	verbragM	verbragk	2.9659955501556396
erschäffen	erschäff	erschäff	erschäfft	häschäff	erschäffx	erschäffM	3.4736344814300537
dofforinieren	dofforinier	dofforinier	dofforinierj	dofforinierF	dofforinierM	dofforinierR	4.496551036834717
diffieren	diffier	diffier	diffierM	diffierj	diffierR	diffierF	3.3340418338775635
dramilieren	dramilier	dramilier	dkramilier	Vdramilier	dramilierM	dramilierj	3.7385270595550537
erbraten	erbrate	erbrate	erbraten	erbratte	erbrateM	erbrateß	2.742201566696167
beflagen	beflag	beflag	beflagn	beflagj	beflagM	beflagt	3.0481908321380615
furmanern	furmanre	furmanre	furmanrexe	furmanere	furmanrre	furmanren	3.467015266418457
futzen	futz	futz	futze	ffutz	futzt	futzn	1.7013543844223022
fahrnern	fahrnre	fahrnre	fahrnare	fahrnrere	fahrnrexe	fahrnrre	3.4642696380615234
flüschen	flüsch	flüsch	flüschne	flüscLe	flüschM	flüschj	2.9057276248931885
pechnen	pechne	pechne	pechneß	pechnec	pechneM	pechneF	2.5769426822662354
ermuchtigen	ermuchtig	ermuchtig	ermuchtigk	ermuchtigM	ermuchtigR	ermuchtigj	3.9944992065429688
deskreisen	deskreis	deskreis	deskkreis	deskreisn	deskreist	deskreisk	3.3520307540893555
stisen	stis	stis	stide	stist	stisk	stisM	1.7405264377593994
bleuern	bleure	bleure	bleurre	bleuare	Fbleure	bleureP	2.75705623626709
ersichen	ersich	ersich	ersichne	ersicLe	ersichj	ersichR	2.7234766483306885
verhirnen	verhirn	verhirn	verhirne	verhirch	verhirnn	verhirnj	3.393261432647705
gestleiden	gestleide	gestleide	gestleideß	gestleideM	gestleidei	gestleider	3.43054461479187
erneten	ernete	ernete	ernitt	erneten	erneteM	erneteß	3.0022242069244385
kandscheln	kandschle	kandschle	kandschlexe	kandschleP	kandschleQ	kandschleO	4.190204620361328
bewiffern	bewiffre	bewiffre	bewiffrere	bewiffrexe	bewiffrre	bewiffere	3.8516807556152344
ferrnischern	ferrnischre	ferrnischre	fernischre	ferrnischle	fercnischre	ferNnischre	4.8917388916015625
gefreichen	gefreich	gefreich	Egefreich	gefreichM	gefreichj	gefreichk	3.6834473609924316
feusleiten	feusleite	feusleite	feuslePite	feusleiteM	feusleiteß	feusleitei	3.69480299949646
korprotieren	korprotier	korprotier	Gkorprotier	Ükorprotier	korprotierM	korprotierj	3.9171764850616455
kanspragen	kansprag	kansprag	Gkansprag	kanspragM	kanspragn	kanspragk	3.3879435062408447
potoreiieren	potoreiier	potoreiier	potoreiierM	potoreiierj	potoreiierF	potoreiierk	4.591318607330322
schücktern	schücktre	schücktre	schücktrexe	schücktere	schücktrre	schücktreP	4.062552452087402
vermandren	vermandr	vermandr	vermandre	vermandrn	vermandrM	vermandru	3.679511308670044
frompurieren	frompurier	frompurier	fkrompurier	frompurierM	frompurierj	frompurierR	4.257686614990234
serlen	serl	serl	serle	serlF	serln	serli	2.180065155029297
entmangen	entmang	entmang	entmangn	Fentmang	entmangk	entmangj	3.2647764682769775
schwässen	schwäss	schwäss	scyhwäss	schwässt	schwässr	schwäsQs	3.217410087585449
fleifagieren	fleifagier	fleifagier	fleiffagier	fleifagierM	fleifagierj	fleifagierR	4.075490474700928
erlinken	erlink	erlink	erlinke	erlinkj	erlinkF	erlinkA	2.7750422954559326
plarieren	plarier	plarier	plaarier	plarierj	plarierM	plariere	3.3222970962524414
verhormen	verhorm	verhorm	verhorme	verhormn	verhormR	verhormM	3.2748265266418457
stundigulieren	stundigulier	stundigulier	stundigulierF	stundigulierj	stundigulierM	stundigulierR	5.266772747039795
prunkern	prunkre	prunkre	prunkrere	prunkrexe	prunkreP	prunkreQ	3.0130362510681152
kankilieren	kankilier	kankilier	Dkankilier	Gkankilier	Pkankilier	Ükankilier	4.490651607513428
entspicken	entspick	entspick	entspicke	entspfick	entspickn	entspickx	3.399296998977661
verwotzeln	verwotzle	verwotzle	verwotzlexe	verwotzre	verwotzleP	verwotzele	4.148077964782715
flisten	fliste	fliste	flisten	flisteM	flisteß	flistex	2.644108533859253
vertaben	vertab	vertab	Ävertab	vertabe	vertabj	vertabn	2.4116570949554443
vermotten	vermotte	vermotte	vßermotte	Ävermotte	vermotten	vermottei	3.5496857166290283
entbieren	entbier	entbier	Fentbier	Kentbier	entbfier	entbierj	3.0584120750427246
verschlätten	verschlätte	verschlätte	verschlättei	verschlätteß	verschlättex	verschlätteM	4.675449371337891
verhohrnen	verhohrn	verhohrn	verhohrne	verhohrnM	verhohrnR	verhohrnc	3.8847036361694336
verfarmen	verfarm	verfarm	verfarme	vßerfarm	verfaarm	verfarmn	3.5312423706054688
rausahren	rausahr	rausahr	rausahre	krausahr	rausahrn	rausahrM	3.0132863521575928
kätreuen	kätreu	kätreu	Gkätreu	Dkätreu	Fkätreu	kätreuj	2.715877056121826
kotschern	kotschre	kotschre	kotschren	kotschreP	kotschreQ	kotschrex	3.584120750427246
verkreisen	verkreis	verkreis	verkreisn	verkreist	verkreisk	verkreisM	3.7752883434295654
verweinen	verwein	verwein	verweine	Äverwein	verweich	verweink	3.2429263591766357
entschlorden	entschlorde	entschlorde	entschlorrde	entschlorden	entschlordei	entschlordeM	5.146226406097412
kamben	kamb	kamb	Pkamb	Dkamb	Mkamb	kambj	1.937755823135376
verschlatzen	verschlatz	verschlatz	verschlatzt	verschlatze	verschlatzn	vekschlatz	3.8631598949432373
konstieren	konstier	konstier	Gkonstier	Dkonstier	Pkonstier	Ükonstier	3.5979127883911133
verzingern	verzingre	verzingre	verzingrexe	verzingrre	verzingreP	verzingren	4.223653793334961
kormeisen	kormeis	kormeis	Pkormeis	kormeisn	kormeise	kormeisk	3.317960023880005
reifatieren	reifatier	reifatier	kreifatier	reifatuier	reifatierM	reifatierj	4.257327556610107
schwülken	schwülk	schwülk	schwülMk	schwülke	schwülkt	schwülkx	2.960139274597168
ergrenken	ergrenk	ergrenk	ergrenke	ergrenkt	ergrenkn	ergrenkx	3.3191182613372803
klärren	klärr	klärr	klärrj	klärre	klärrF	klärrM	2.233492612838745
finkeln	finkle	finkle	finkele	ffinkle	finkleP	finkleQ	2.5039970874786377
behüßen	behüß	behüß	behüßt	behüße	behüßn	behüßM	2.1734354496002197
pländlen	pländle	pländle	pländl	pländlex	pländlei	pländleM	3.4589786529541016
blächen	bläch	bläch	blächne	bläcLe	bläche	blächj	2.610917329788208
erkeilen	erkeil	erkeil	erkeilj	erkeilF	erkeilk	erkeilt	2.4688220024108887
korrentieren	korrentier	korrentier	Pkorrentier	Gkorrentier	korrentierM	korrentierj	4.680004596710205
vontosern	vontosre	vontosre	vontosrexe	vontosren	Ävontosre	vontosreP	3.7122559547424316
vertrütten	vertrütte	vertrütte	Ävertrütte	vertrüttei	vertrütteM	vertrütteß	3.462695360183716
schälzen	schälz	schälz	schälze	schälzn	schälzR	schälzt	2.619927167892456
beschmilben	beschmilb	beschmilb	beschmilbk	beschmilbM	beschmilbj	beschmilbi	3.8668599128723145
prenogrikumen	prenogrikum	prenogrikum	prenogrikumF	prenogrikumM	prenogrikumj	prenogrikumR	4.381097793579102
erlästen	erläste	erläste	Aerläste	Berläste	erlästex	erlästei	3.281301498413086
ditstallen	ditstall	ditstall	ditstaall	dditstall	ditstallM	ditstallj	3.5980334281921387
verzosseln	verzossle	verzossle	verzossre	verzosslexe	verzossleP	verzossleQ	3.820718765258789
flingen	fling	fling	flingn	flingM	flingj	flingF	2.3169479370117188
krerzen	krerz	krerz	Pkrerz	kkrerz	krerze	krerzj	2.4867334365844727
gruperen	gruper	gruper	grupre	grupir	grupere	grupern	2.995131731033325
erlagern	erlagre	erlagre	erlagrexe	erlagare	erlagren	erlagreP	3.002321720123291
fundeln	fundle	fundle	fundlexe	fundleP	fundleO	fundleQ	2.424635410308838
erfaulern	erfaulre	erfaulre	erfaulere	erfaulrre	erfaulrere	erfaulrexe	3.499319314956665
pustern	pustre	pustre	pustare	pustäre	pustüre	pustreP	2.5404880046844482
verspanken	verspank	verspank	verspanke	vperspank	vßerspank	verspankn	3.760073184967041
furteln	furtle	furtle	furtele	ffurtle	furtleP	furtleO	2.827631950378418
plitzulieren	plitzulier	plitzulier	plitzulierM	plitzulierj	plitzuliery	plitzulierY	4.273220539093018
planden	plande	plande	planden	plandeM	plandec	plandeß	2.5985703468322754
verstallen	verstall	verstall	verstaall	Kverstall	vßerstall	verstallM	3.1799230575561523
brüfeln	brüfle	brüfle	brüflexe	brüfele	übrüfle	brüfleP	2.624119281768799
dreuern	dreure	dreure	dreurexe	dreureQe	Vdreure	dreurre	2.960085153579712
dätteln	dättle	dättle	dättre	dättlexe	dättleQe	dättele	2.5358223915100098
verhölfen	verhölf	verhölf	verhölft	Äverhölf	verhölff	verhölfx	3.0534164905548096
flahlen	flahl	flahl	flahls	flahlM	flahlF	flahlj	2.342100143432617
stappnicieren	stappnicier	stappnicier	stappcnicier	stappnicierj	stappnicierF	stappnicierM	4.91597318649292
gluckken	gluck	gluck	gluckne	Egluck	glucke	Agluck	2.291436195373535
verhunden	verhunde	verhunde	verhunden	verhundeM	verhundec	verhundei	3.633103370666504
spalden	spalde	spalde	spalden	spallde	spaldKe	spaldec	2.6363937854766846
fandern	fandre	fandre	fandrexe	fandare	fandle	fandreP	2.7286548614501953
schimseln	schimsle	schimsle	schimslexe	schimsre	schimsleP	schimsleD	3.799086570739746
gesulieren	gesulier	gesulier	Egesulier	gesulierM	gesulierj	gesulierk	3.735933542251587
behilten	behilte	behilte	behilten	Fbehilte	behilteM	behiltex	3.2966175079345703
schrurtschen	schrurtsch	schrurtsch	schrurtscüh	schrurtscde	schrurtschM	schrurtschR	4.607920169830322
grüffeln	grüffle	grüffle	grüffleQle	grüfflexe	Egrüffle	grüffre	3.178227663040161
bewalten	bewalte	bewalte	bewalten	Fbewalte	bewaltee	bewaltec	3.2938146591186523
flunzen	flunz	flunz	fluénz	flunze	flunzn	flunzF	2.1108009815216064
verstundeln	verstundle	verstundle	verstundlexe	verstundleRe	verstundleQe	verstundleP	3.983757257461548
verkollen	verkoll	verkoll	verkolle	verkollj	verkolln	verkollM	2.8900012969970703
besterlen	besterl	besterl	bestirl	stesterl	besterli	besterlM	3.4402883052825928
beweuern	beweure	beweure	beweurere	beweurre	beweuare	beweureP	3.2721176147460938
verfrörten	verfrörte	verfrörte	verfrörtei	Äverfrörte	vßerfrörte	verfrörtex	3.984853744506836
fortolieren	fortolier	fortolier	fortolvier	fortollier	fortolierM	fortolierj	3.4590611457824707
polbeln	polble	polble	polblexe	polbele	polbleP	polbleO	2.348496675491333
erraubieren	erraubier	erraubier	erraubierM	erraubierj	erraubierY	erraubierk	3.8918094635009766
glaglern	glaglre	glaglre	glaglere	glaglrexe	glaglire	glaglreP	2.9845221042633057
schlaften	schlafte	schlafte	schlaften	schlafteM	schlaftex	schlaftec	4.098597049713135
bewürnen	bewürn	bewürn	bewürne	bewükne	bewürch	bewürnr	2.5305943489074707
expechen	expech	expech	expich	expechne	expàch	exprch	3.5726661682128906
betreiten	betreite	betreite	betreiteM	betreiteß	betreiten	betreitex	3.881089687347412
deklieren	deklier	deklier	Udeklier	deklierj	deklierM	deklierk	3.139251470565796
kleichen	kleich	kleich	kleicLe	kleichj	kleichR	kleichk	3.0313053131103516
entwingen	entwing	entwing	Fentwing	wentwing	entwingn	entwingj	3.357060670852661
gingentern	gingentre	gingentre	gingentrexe	gingentreP	gingentreQ	gingentreF	3.9446921348571777
krupsen	krups	krups	Pkrups	kkrups	Ekrups	Vkrups	2.0825953483581543
expersträngen	expersträng	expersträng	expersträngR	expersträngF	expersträngM	expersträngk	4.537237644195557
drankeln	drankle	drankle	drankele	dranklexe	dkrankle	drankleP	3.2759993076324463
raskompellen	raskompell	raskompell	raskompfell	raskompelli	raskompellM	raskompellk	4.1652140617370605
gespilzen	gespilz	gespilz	gespilg	Egespilz	gespilzn	gespilzt	2.727273941040039
forratisieren	forratisier	forratisier	forratisierj	forratisierM	forratisierF	forratisierR	4.459364414215088
vermeißen	vermeiß	vermeiß	Fvermeiß	vermeißt	vermeiße	vermeißn	2.9169118404388428
enthonen	enthon	enthon	Fenthon	Benthon	enthonj	enthone	2.705808639526367
knägen	knäg	knäg	khnäg	Gknäg	Fknäg	Pknäg	1.7510236501693726
vertrauben	vertraub	vertraub	Ävertraub	vertrauub	vertraubk	vertraubj	3.8985400199890137
versoppen	versopp	versopp	vßersopp	vpersopp	Äversopp	versoppn	3.1344144344329834
strrenken	strrenk	strrenk	strrenke	strrkenk	strrenkn	strrenko	3.1085987091064453
belächen	beläch	beläch	belächj	beläche	belächR	belächx	3.1817877292633057
schwärscheln	schwärschle	schwärschle	schwärschele	schwärschlexe	schwärschre	schwärschleP	5.053614139556885
silbrusten	silbruste	silbruste	silbrustei	silbrusteM	silbrustex	silbrusten	4.037583351135254
verkraffen	verkraff	verkraff	verkrafft	Äverkraff	verkraffx	verkraffM	3.5483386516571045
erfrauchen	erfrauch	erfrauch	erfrauchM	erfrauchi	erfrauchR	erfrauchj	3.458564043045044
verschanden	verschande	verschande	verschandei	verschandeM	verschanden	verschandec	4.381906509399414
